"id","name","title","notes","metadata_created","metadata_modified","num_resources","groups","tags","organization","url"
"8f9c7ad2-9fc2-4f7a-ad59-a8c6fc9a2489","kent-lokantalari-konumlari","Kent Lokantaları Konumları","Bu veri kümesi İstanbul Büyükşehir Belediyesine ait Kent Lokantaları konum ve adres bilgilerini içermektedir","3.04.2026 12:50:44","13.04.2026 12:12:53","1","Governance|Yaşam","lokanta|mekansal veri|restoran|yemek","Destek Hizmetleri Dairesi Başkanlığı","https://data.ibb.gov.tr/dataset/kent-lokantalari-konumlari"
"1f4d45c3-9629-414c-9aec-45eb28685eec","istanbul-ilceleri-hayvansal-urunler-uretim-miktari","İstanbul İlçeleri Hayvansal Ürünler Üretim Miktarı","2004 yılı itibariyle İstanbul'da ilçe düzeyinde üretilen hayvansal ürünler üretim miktarlarını (ton) içermektedir.
","9.04.2026 12:08:18","13.04.2026 12:05:20","1","Ekonomi|Çevre","hayvansal ürünler|ilçe|çevre|üretim","TÜİK","https://data.ibb.gov.tr/dataset/istanbul-ilceleri-hayvansal-urunler-uretim-miktari"
"838941a6-abd0-4c93-8e4b-c149639df490","emekli-pazar-destegi-verileri","Emekli Pazar Desteği Verileri","İBB Emekli Pazar Desteği kapsamında yaş ve ilçe kırılımlı destek verisini içermektedir.","10.04.2026 06:55:47","13.04.2026 12:02:29","2","Yaşam","emekli|pazar desteği|sosyal destek","Sosyal Hizmetler Dairesi Başkanlığı","https://data.ibb.gov.tr/dataset/emekli-pazar-destegi-verileri"
"6e9b0cf3-d756-4301-8c5e-a6e3a223ed6d","sosyal-tesis-konumlari","Sosyal Tesis Konumları","Bu veri kümesi İstanbul Büyükşehir belediyesine ait sosyal tesislerin adres ve koordinat bilgilerini içerir.","2.04.2026 12:28:19","13.04.2026 10:42:00","1","Governance|Yaşam","mekansal veri|restoran|sosyal|tesis","Destek Hizmetleri Dairesi Başkanlığı","https://data.ibb.gov.tr/dataset/sosyal-tesis-konumlari"
"645dc8f3-6849-48a4-bc71-269f64f75c1c","sosyal-tesis-doluluk-oranlari","Sosyal Tesis Doluluk Oranları","Bu veri kümesi İstanbul Büyükşehir Belediyesine ait sosyal tesislerin kapasite  ve doluluk oranlarını içermektedir.","3.04.2026 11:54:46","13.04.2026 10:41:36","1","Governance|Yaşam","oran|restoran|sosyal|tesis|yemek","Destek Hizmetleri Dairesi Başkanlığı","https://data.ibb.gov.tr/dataset/sosyal-tesis-doluluk-oranlari"
"05c32528-91ca-468d-a1c0-110376e17d0d","kent-lokantalari-kapasite-ve-doluluk-oranlari","Kent Lokantaları Kapasite ve Doluluk Oranları","Bu veri kümesi İstanbul Büyükşehir Belediyesine ait Kent Lokantaları kapasite ve doluluk oranları bilgilerini içermektedir.","3.04.2026 12:54:34","13.04.2026 10:41:05","1","Governance|Yaşam","lokanta|restoran|yemek","Destek Hizmetleri Dairesi Başkanlığı","https://data.ibb.gov.tr/dataset/kent-lokantalari-kapasite-ve-doluluk-oranlari"
"e256babd-f0e1-4c9e-9f56-c2aff1ea696d","pendik-kaynarca-fevzi-cakmak-metro-hatti-istasyon-ve-ana-hat-tunel-guzergahlari","Pendik-Kaynarca-Fevzi Çakmak Metro Line Station and Main Line Tunnel Routes","This dataset includes Pendik-Kaynarca-Fevzi Çakmak metro line station and mainline tunnel routes.

For detailed information [Rail Systems Pendik Merkez-Kaynarca Center-Fevzi Çakmak Metro Line Information](https://data.ibb.gov.tr/en/dataset/rayli-sistemler-pendik-kaynarca-hastane-metro-hatti-bilgileri) data set can be examined.","25.04.2023 06:43:52","10.04.2026 12:05:58","1","Mobilite","ana hat|fevzi çakmak|güzergah|kaynarca|metro|pendik|tünel","Raylı Sistem Dairesi Başkanlığı","https://data.ibb.gov.tr/dataset/pendik-kaynarca-fevzi-cakmak-metro-hatti-istasyon-ve-ana-hat-tunel-guzergahlari"
"667fe43e-5f09-4a50-9715-5ed1e7c32173","dudullu-bostanci-metro-hatti-istasyon-ve-ana-hat-tunel-guzergahlari","Dudullu Bostancı Metro Line Station and Main Line Tunnel Routes","This dataset includes the station and mainline tunnel routes of the Dudullu Bostancı metro line.

For detailed information, the dataset [Rail Systems Dudullu-Bostancı Metro Line Information](https://data.ibb.gov.tr/en/dataset/rayli-sistemler-dudullu-bostanci-metro-hatti-bilgileri) can be examined.","25.04.2023 06:00:02","10.04.2026 12:03:50","1","Mobilite","ana hat|bostancı|dudullu|güzergah|metro|tünel","Raylı Sistem Dairesi Başkanlığı","https://data.ibb.gov.tr/dataset/dudullu-bostanci-metro-hatti-istasyon-ve-ana-hat-tunel-guzergahlari"
"48152e0b-89c0-4547-bf21-653ee99ef8e2","rayli-sistemler-umraniye-atasehir-goztepe-metro-hatti-bilgileri","Rail Systems Ümraniye-Ataşehir-Göztepe Metro Line Information","Contains information about the Istanbul Umraniye-Atasehir-Goztepe metro line. The data includes station name, station district, integration with other lines, length in the district, number of elevators and escalators.","16.01.2020 07:26:46","9.04.2026 08:11:04","3","Mobilite","Ataşehir|Göztepe|Ulaşım|asansör|bağlantı noktası|entegrasyon|hat|istasyon|metro|raylı sistemler|uzunluk|yürüyen merdiven|Ümraniye","Raylı Sistem Dairesi Başkanlığı","https://data.ibb.gov.tr/dataset/rayli-sistemler-umraniye-atasehir-goztepe-metro-hatti-bilgileri"
"bc2b0aea-9c04-4b47-93a7-c1924b03521f","goztepe-atasehir-umraniye-metro-hatti-istasyon-ve-ana-hat-guzergahlari","Ümraniye-Ataşehir-Göztepe Metro Line Station and Main Line Routes","This dataset includes the Ümraniye-Ataşehir-Göztepe metro line station and mainline routes.

For detailed information, the dataset [Rail Systems Ümraniye-Ataşehir-Göztepe Metro Line Information](https://data.ibb.gov.tr/en/dataset/rayli-sistemler-umraniye-atasehir-goztepe-metro-hatti-bilgileri) can be examined.","25.04.2023 06:21:22","9.04.2026 08:05:49","1","Mobilite","ana hat|ataşehir|göztepe|güzergah|metro|ümraniye","Raylı Sistem Dairesi Başkanlığı","https://data.ibb.gov.tr/dataset/goztepe-atasehir-umraniye-metro-hatti-istasyon-ve-ana-hat-guzergahlari"
"400e6b26-866c-4101-ade1-00b140d96253","lojistik-faaliyetlere-yonelik-duzenlenen-belge-turu-ve-sayilari","Type and Number of Documents Issued for Logistics Activities","Through this dataset, it is possible to access the types of documents issued for logistics activities and the number of documents issued by years.","7.06.2022 07:15:51","8.04.2026 11:55:27","5","Governance|Mobilite","belge|belge sayıları|lojistik|lojistik faaliyetleri","Ulaşım Dairesi Başkanlığı","https://data.ibb.gov.tr/dataset/lojistik-faaliyetlere-yonelik-duzenlenen-belge-turu-ve-sayilari"
"6a121569-a111-4a8f-8baf-67c583ff63fb","ibb-meclis-uye-dagilimi","İBB Meclis Üye Dağılımı","Bu veri kümesi İBB meclis üye sayısının siyasi partilere ve cinsiyete göre dağılım bilgisini içermektedir.","11.04.2022 12:06:16","8.04.2026 11:42:07","6","Governance","kadın|meclis|parti|üye","Yazı İşleri ve Kararlar Dairesi Başkanlığı","https://data.ibb.gov.tr/dataset/ibb-meclis-uye-dagilimi"
"3365c61a-a1a3-47e2-b0b2-281ea9ff2e7d","rayli-sistemler-pendik-kaynarca-hastane-metro-hatti-bilgileri","Rail Systems Pendik Center-Kaynarca Center-Fevzi Çakmak Metro Line Information","It contains information about the Pendik Center-Kaynarca Center-Fevzi Çakmak metro line. The content of the data includes station names, station districts, integration with other lines, length in each district, and the number of elevators and escalators.

The name of the line was transformed from Pendik-Kaynarca-Hospital Subway Line to Pendik Center-Kaynarca Center-Fevzi Çakmak Metro Line with the new tender.","16.01.2020 07:25:18","8.04.2026 07:05:29","5","Mobilite","Hastane|Kaynarca|Pendik|Ulaşım|asansör|bağlantı noktası|entegrasyon|hat|istasyon|metro|raylı sistemler|uzunluk|yürüyen merdiven","Raylı Sistem Dairesi Başkanlığı","https://data.ibb.gov.tr/dataset/rayli-sistemler-pendik-kaynarca-hastane-metro-hatti-bilgileri"
"c25bd79e-85d3-435d-86ef-90555eda3f21","bina-bilgileri-igdas","İGDAŞ Bina Bilgileri","Veri seti İGDAŞ genel müdürlük ve hizmet binalarına ait bina adı, adres, telefon ve faks bilgilerini içerir.                                                                                                                                                              
","13.01.2020 07:47:06","7.04.2026 13:00:58","2","Governance","bina|igdaş|mekansal veri","İGDAŞ","https://data.ibb.gov.tr/dataset/bina-bilgileri-igdas"
"c1c513b9-18a2-43dd-84d4-fd23d4bf6946","yillara-gore-trafige-kayitli-tasitlarin-ortalama-yaslari","Yıllara Göre Trafiğe Kayıtlı Taşıtların Ortalama Yaşları","Bu veri seti İstanbul ve Türkiye düzeyinde yıllara göre trafiğe kayıtlı motorlu kara taşıtların ortalama yaş verilerini içermektedir.","16.12.2025 11:49:27","7.04.2026 12:28:59","1","Mobilite","motorlu taşıt|taşıt|taşıt yaşı|trafik","TÜİK","https://data.ibb.gov.tr/dataset/yillara-gore-trafige-kayitli-tasitlarin-ortalama-yaslari"
"774cf174-5364-4b01-a582-5bb3c9dfe65c","hayvansal-urunler-uretim-miktari","Animal Products Production Quantity","It includes the production quantities (tons) of animal products produced in Istanbul as of 2004.","13.08.2025 12:25:03","7.04.2026 11:32:59","1","Ekonomi|Çevre","animal products|environment|production quantity","TÜİK","https://data.ibb.gov.tr/dataset/hayvansal-urunler-uretim-miktari"
"6646992d-e1cf-4d5b-bb79-3f92dcc3fc38","nufus-bilgileri","Population Information","İstanbul'un ilçelerine ait cinsiyet ve yaş dilimi kırılımlı nüfus bilgilerini içermektedir.  Nüfus bilgileri veri seti MEDAS aracılığıyla oluşturulmuştur. Türkiye İstatistik Kurumu tarafından geliştirilen Merkezi Dağıtım Sistemi MEDAS, farklı konulardaki istatistiki verilerin tek bir dağıtım kanalından karşılaştırmalı olarak sunulabilmesini sağlayan bir yazılım projesidir. Bu veri seti ilgili adrese ulaşılmasını sağlamaktadır.","17.08.2020 13:25:20","7.04.2026 07:04:10","1","İnsan","Medas|Nüfus|Tuik|ilçe nüfusu|nüfus bilgileri","Department of Information Technologies","https://data.ibb.gov.tr/dataset/nufus-bilgileri"
"694d4928-82d7-4cbc-b0f8-717ac4713df7","rayli-sistemler-dudullu-bostanci-metro-hatti-bilgileri","Rail Systems Dudullu-Bostancı Metro Line Information","Contains information about the Istanbul Dudullu-Bostancı metro line. The content of the data includes station name, station district, integration with other lines, length in the district, number of elevators and escalators.
","16.01.2020 07:20:01","6.04.2026 13:28:28","6","Mobilite","Bostancı|Dudullu|Ulaşım|asansör|bağlantı noktası|entegrasyon|hat|istasyon|metro|raylı sistemler|uzunluk|yürüyen merdiven","Raylı Sistem Dairesi Başkanlığı","https://data.ibb.gov.tr/dataset/rayli-sistemler-dudullu-bostanci-metro-hatti-bilgileri"
"e8016fd6-d159-4456-8ca0-9c3a67dc29e1","rayli-sistemler-cekmekoy-sultanbeyli-metro-hatti-bilgileri","Rail Systems Çekmeköy-Sultanbeyli Metro Line Information","Contains information on the construction work on the Çekmeköy-Sultanbeyli metro line. The data includes station name, station district, integration with other lines, length in the district, number of elevators and escalators.
","16.01.2020 07:18:24","6.04.2026 13:17:30","4","Mobilite","Sultanbeyli|Ulaşım|asansör|bağlantı noktası|entegrasyon|hat|istasyon|metro|raylı sistemler|uzunluk|yürüyen merdiven|Çekmeköy","Raylı Sistem Dairesi Başkanlığı","https://data.ibb.gov.tr/dataset/rayli-sistemler-cekmekoy-sultanbeyli-metro-hatti-bilgileri"
"3be8abb1-290e-4290-92bc-14275b4d5616","cekmekoy-sancaktepe-sultanbeyli-metro-hatti-istasyon-ve-ana-hat-tunel-guzergahlari","Çekmeköy-Sancaktepe-Sultanbeyli Metro Line Station and Main Line Tunnel Routes","This dataset includes the Çekmeköy-Sancaktepe-Sultanbeyli metro line station and mainline tunnel routes information.

For detailed information, the dataset [Rail Systems Cekmekoy-Sultanbeyli Metro Line Information](https://data.ibb.gov.tr/en/dataset/rayli-sistemler-cekmekoy-sultanbeyli-metro-hatti-bilgileri) can be examined.","25.04.2023 07:03:25","6.04.2026 11:48:14","1","Mobilite","ana hat|güzergah|metro|sancaktepe|sultanbeyli|tünel|çekmeköy","Raylı Sistem Dairesi Başkanlığı","https://data.ibb.gov.tr/dataset/cekmekoy-sancaktepe-sultanbeyli-metro-hatti-istasyon-ve-ana-hat-tunel-guzergahlari"
"c1bdf9ce-ca17-4ce9-92e3-43a9ddcbec60","mevcut-otopark-sayilari-ve-kapasiteleri","Existing Parking Numbers and Capacities","This dataset includes the number of IMM, private and other parking lots according to the type of parking lot, and information on the capacities of the relevant parking lots.","7.06.2022 07:00:39","6.04.2026 10:40:13","5","Mobilite","kapasite|otopark|otopark kapasitesi|otopark sayısı|sayı|özel otopark","Ulaşım Dairesi Başkanlığı","https://data.ibb.gov.tr/dataset/mevcut-otopark-sayilari-ve-kapasiteleri"
"606e163d-5a75-4bf9-b222-a09ac621b8e3","bisiklet-bakim-istasyonlari","Bisiklet Bakım İstasyonları","Bu veri kümesi İBB bisiklet bakım istasyonlarının konumlarına dair bilgileri içermektedir.","5.04.2023 12:53:25","6.04.2026 06:22:39","1","Mobilite","bakım|bakım istasyonu|bisiklet|bisiklet bakım|istasyon|mekansal veri","Ulaşım Dairesi Başkanlığı","https://data.ibb.gov.tr/dataset/bisiklet-bakim-istasyonlari"
"4f85aa50-7fd5-4e92-8695-ac2204e1dec9","yas-durumuna-gore-ilce-bazli-gorme-engelli-vatandas-sayisi","Yaş Durumuna Göre İlçe Bazlı Görme Engelli Vatandaş Sayısı","Bu veri seti, yaş durumuna göre ilçe bazlı görme engelli vatandaş sayısı verilerini içermektedir.","26.07.2023 09:23:22","3.04.2026 12:05:23","1","İnsan","age status|blind","Sosyal Hizmetler Dairesi Başkanlığı","https://data.ibb.gov.tr/dataset/yas-durumuna-gore-ilce-bazli-gorme-engelli-vatandas-sayisi"
"1fc2e516-057d-4e67-a690-66d6a47288c2","egitim-durumuna-gore-ilce-bazli-gorme-engelli-vatandas-sayisi","Number of Visually Impaired Citizens by District Based on Educational Status","This data set includes district-based data on the number of visually impaired citizens according to their education level.","26.07.2023 09:19:40","3.04.2026 11:56:30","1","İnsan","blind|education status","Sosyal Hizmetler Dairesi Başkanlığı","https://data.ibb.gov.tr/dataset/egitim-durumuna-gore-ilce-bazli-gorme-engelli-vatandas-sayisi"
"94497f78-ea4e-4f5c-96c9-188ba18ddc0d","cinsiyet-durumuna-gore-ilce-bazli-gorme-engelli-vatandas-sayisi","Number of Visually Impaired Citizens by District by Gender","This data set includes district-based data on the number of visually impaired citizens by gender.","26.07.2023 09:11:39","3.04.2026 11:29:46","1","İnsan","blind|gender status","Sosyal Hizmetler Dairesi Başkanlığı","https://data.ibb.gov.tr/dataset/cinsiyet-durumuna-gore-ilce-bazli-gorme-engelli-vatandas-sayisi"
"34e4215c-70b1-47bf-a713-39ebafbb1a0b","deniz-isletmeleri-bazinda-arac-hat-ve-iskele-sayisi","Number of Vehicles, Lines and Wharfs on the Basis of Maritime Enteprises","Contains the number of ships, engines, lines and piers belonging to marine enterprises in Istanbul. ","10.01.2020 08:06:41","3.04.2026 07:04:30","6","Mobilite","araç|deniz|hat|iskele|işletme|mobilite|ulaşım","Ulaşım Dairesi Başkanlığı","https://data.ibb.gov.tr/dataset/deniz-isletmeleri-bazinda-arac-hat-ve-iskele-sayisi"
"4be0d5f6-62de-4a24-a6a5-038009cde39f","sehir-hatlari-sefer-sayilari","İBB Şehir Hatları Sefer Sayıları","Bu veri kümesi İstanbul Büyükşehir Belediyesi Şehir Hatları aracılığı ile gerçekleştirilen sefer sayılarını içermektedir.","9.09.2021 10:55:56","3.04.2026 07:03:46","6","Mobilite","sefer|sefer sayısı|vapur|şehir hatları","Ulaşım Dairesi Başkanlığı","https://data.ibb.gov.tr/dataset/sehir-hatlari-sefer-sayilari"
"0bf25077-fed6-4e83-89ea-c835544729b4","ibb-bayrampasa-atasehir-halleri-toplam-arac-giris-sayilari","IMM Bayrampasa & Ataşehir Vegetable-Fruit Market Total Vehicle Entry Numbers","This data set includes the Total Vehicle Entry Numbers of IMM Bayrampasa & Ataşehir vegetable-fruit market.","3.11.2021 07:54:17","3.04.2026 06:29:40","1","Mobilite","Ataşehir|Bayrampaşa|Hal|araç|araç sayısı","Tarımsal Hizmetler Dairesi Başkanlığı","https://data.ibb.gov.tr/dataset/ibb-bayrampasa-atasehir-halleri-toplam-arac-giris-sayilari"
"35251a68-0c33-43c7-87a2-82f77e0daabd","yillara-gore-istmarin-kapasite-ve-doluluk-orani-bilgiler","Yıllara Göre İSTMARİN Kapasite ve Doluluk Oranı Bilgileri","Bu veri kümesi İSPARK'a ait marinaların yıllara göre kapasite ve abone sayıları bilgilerini içermektedir.","12.09.2024 11:49:55","2.04.2026 06:36:19","3","Mobilite","ispark|istmarin|marina|tekne|yat","İSPARK Inc.","https://data.ibb.gov.tr/dataset/yillara-gore-istmarin-kapasite-ve-doluluk-orani-bilgiler"
"8f783f79-b5c8-4997-a954-d7ee23f99978","istmarin-yillara-gore-baglanan-tekne-ebatlari-verisi","İSTMARİN Yıllara Göre Bağlanan Tekne Ebatları Verisi","Bu veri kümesi İSPARK'a ait marinalara bağlanan teknelerin ebatlarına ve sayılarına dair bilgi içerir.","19.09.2024 12:51:49","31.03.2026 13:39:54","3","Mobilite","ebat|istmarin|marina|tekne","İSPARK Inc.","https://data.ibb.gov.tr/dataset/istmarin-yillara-gore-baglanan-tekne-ebatlari-verisi"
"002dea9d-d8e3-45fb-8d93-d6511a9d526b","istmarin-yillara-gore-baglanan-teknelerin-bayraklari-verisi","İSTMARİN Yıllara Göre Bağlanan Teknelerin Bayrakları Verisi","Bu veri kümesi İSPARK'a ait marinalara bağlanan teknelerin ülkelerine göre sayıları bilgisini içerir.","19.09.2024 13:02:52","31.03.2026 13:28:38","3","Mobilite","istmarin|marina|tekne|yat","İSPARK Inc.","https://data.ibb.gov.tr/dataset/istmarin-yillara-gore-baglanan-teknelerin-bayraklari-verisi"
"15d6e40e-c909-4738-bed4-c376d13677bb","yillara-gore-istmarin-disinda-olan-tekne-sayilari-verisi","Yıllara Göre İSTMARİN Dışında Olan Tekne Sayıları Verisi","Bu veri kümesi İSPARK'a ait marinalara abone olup yıllara ve aylara göre ortalama marina dışında olan tekne sayıları bilgisini içerir.","19.09.2024 10:34:30","31.03.2026 13:21:41","3","Mobilite","abone sayısı|istmarin|marina|tekne","İSPARK Inc.","https://data.ibb.gov.tr/dataset/yillara-gore-istmarin-disinda-olan-tekne-sayilari-verisi"
"90e04b75-e8b6-4f45-88de-620e4e2a12e2","kullanilan-sisteme-gore-ispark-otoparklari","ISPARK Car Parks According to the System Used","This dataset contains information about the entry methods (license plate recognition system and handheld terminal) to ISPARK parking lots.","9.05.2022 09:18:08","31.03.2026 12:51:05","5","Mobilite","el terminali|ispark|ispark otoparkları|otopark|plaka tanıma sistemi|İSPARK|İSPARK otoparkları","İSPARK Inc.","https://data.ibb.gov.tr/dataset/kullanilan-sisteme-gore-ispark-otoparklari"
"d830e2ae-558d-4d22-9d9b-b010f9d2baa3","ozel-konulu-is-sagligi-ve-guvenligi-egitimi-ibb-personeli-sayisi","Özel Konulu İş Sağlığı ve Güvenliği Eğitimi Alan İBB Personeli Sayısı","Veri seti konusuna göre iş sağlığı ve güvenliği eğitimi alan İstanbul Büyükşehir Belediyesi(İBB) personellerinin sayısını ve bu eğitimin verildiği süre bilgisini içermektedir.
","12.02.2020 10:30:27","31.03.2026 12:14:16","1","İnsan","deprem farkındalık eğitimi|ibb|iş sağlığı|iş sağlığı eğitimi|iş sağlığı ve güvenliği|iş sağlığı ve güvenliği eğitimi|personel|özel konulu iş sağlığı ve güvenliği eğitimi","Department of Human Resources and Education","https://data.ibb.gov.tr/dataset/ozel-konulu-is-sagligi-ve-guvenligi-egitimi-ibb-personeli-sayisi"
"f603d2b2-4ad6-47aa-b595-20702a7bd00c","deprem-farkindalik-ve-guvenli-yasam-egitimi-alan-kisi-sayisi","Deprem Farkındalık ve Güvenli Yaşam Eğitimi Alan Kişi Sayısı","Veri seti kurum tipine göre deprem farkındalık ve güvenli yaşam eğitimi alan kişi sayısını ve bu eğitimin verildiği süre bilgisini içermektedir.
","12.02.2020 10:28:15","31.03.2026 11:38:18","1","İnsan","Deprem|Deprem Farkındalık Eğitimi|Eğitim|Farkındalık|Güvenli Yaşam|Güvenli Yaşam Eğitimi|deprem|deprem farkındalık eğitimi|eğitim|farkındalık|güvenli yaşam|güvenli yaşam eğitimi","Department of Human Resources and Education","https://data.ibb.gov.tr/dataset/deprem-farkindalik-ve-guvenli-yasam-egitimi-alan-kisi-sayisi"
"ef37b14c-737e-4c02-b523-2abe74d6ae88","uye-olunan-uluslararasi-kuruluslar-verisi","Üye Olunan Uluslararası Kuruluşlar Verisi","Bu veri seti İBB'nin üye olduğu uluslararası kuruluşlar verisini içermektedir.","3.11.2021 13:42:48","25.03.2026 08:32:53","4","Governance","uluslararası kuruluşlar|üye|İBB","Dış İlişkiler Dairesi Başkanlığı","https://data.ibb.gov.tr/dataset/uye-olunan-uluslararasi-kuruluslar-verisi"
"6342f00e-74b1-4222-8308-00a15c1d8400","mevcut-akilli-ulasim-sistemleri-sayisi","Mevcut Akıllı Ulaşım Sistemleri Sayısı","Bu veri kümesi İstanbul'da yer alan mevcut akıllı ulaşım sistemlerinin sayısına dair bilgileri içermektedir. ","25.05.2022 08:02:24","24.03.2026 10:19:07","5","Mobilite","akıllı ulaşım|ulaşım sistemi","Ulaşım Dairesi Başkanlığı","https://data.ibb.gov.tr/dataset/mevcut-akilli-ulasim-sistemleri-sayisi"
"b8d25866-a5eb-4777-b13d-6675f021b648","ibb-lokasyon-verileri","İBB Lokasyon Verileri","İstanbul Büyükşehir Belediyesi'ne ait lokasyon bilgileri, mahalle ve ilçe detayındaki veri setidir.","12.03.2020 11:59:50","24.03.2026 08:29:05","5","Governance","bina|ibb|konum|lokasyon|mekansal veri|İBB","Department of Information Technologies","https://data.ibb.gov.tr/dataset/ibb-lokasyon-verileri"
"a3603c36-08ef-4e4d-9a88-c86018edb06a","tech-istanbul-konumlari","Tech Istanbul Konumları","İstanbul Büyükşehir Belediyesi'ne ait Girişimcilik ve Teknoloji Merkezleri'nin bilgileri ve konumlarını içerir.","25.06.2025 12:00:58","24.03.2026 08:02:29","1","Governance","aktivite|eğitim|girişim|mekansal veri|tekloloji","Department of Information Technologies","https://data.ibb.gov.tr/dataset/tech-istanbul-konumlari"
"29d2f9be-b8c2-4107-96a0-a489bbdd9056","iett-elektrikli-arac-ozellikleri-verisi","İETT Elektrikli Araç Özellikleri Verisi","Bu veri kümesi İETT elektrikli araçlarına dair bilgileri içermektedir.","2.01.2025 12:20:33","19.03.2026 06:27:06","1","Mobilite","elektrikli araç|otobüs|İETT","İETT","https://data.ibb.gov.tr/dataset/iett-elektrikli-arac-ozellikleri-verisi"
"af3c70e8-82d6-44e2-84cf-2e364c242227","iett-otobus-duraklari-verisi","İETT Otobüs Durakları Verisi","Bu veri kümesi İETT otobüs duraklarına ait vektör verileri içermektedir.","2.01.2025 13:09:48","18.03.2026 10:42:26","1","Mobilite","otobüs durakları|İETT","İETT","https://data.ibb.gov.tr/dataset/iett-otobus-duraklari-verisi"
"b48d2095-851c-413c-8d36-87d2310a22b5","iett-hat-guzergahlari","İETT Hat Güzergahları Verisi","Bu veri kümesi İETT hatlarına ait bilgileri içermektedir.","21.12.2024 18:35:09","18.03.2026 10:40:04","1","Mobilite","güzergah|hat|hat bilgisi|iett|mekansal veri|otobüs","İETT","https://data.ibb.gov.tr/dataset/iett-hat-guzergahlari"
"8540e256-6df5-4719-85bc-e64e91508ede","iett-gtfs-verisi","IETT GTFS Data","The dataset contains the files necessary to create GTFS data of IETT lines.

[GTFS](https://developers.google.com/transit/gtfs/)(The General Transit Feed Specification), is obtained by processing public transportation data using time schedules and geometries on the basis of stops and voyages. It is a data format used for travel planning in public transportation. Bus, metro, minibus etc. from A to B. It contains enough data for an application to analyze how to get there via tools.

__This data will not be updated.__","23.02.2022 16:42:53","17.03.2026 12:32:27","7","Mobilite","GTFS|İETT","İETT","https://data.ibb.gov.tr/dataset/iett-gtfs-verisi"
"8cf8e12b-21cd-41f9-a41d-3edf284009a0","ibb-binalarinda-bulunan-oed-otomatik-eksternal-defibrilator-cihazlari","İBB Binalarında Bulunan OED (Otomatik Eksternal Defibrilatör) Cihazları","İBB binalarındaki  OED (Otomatik Eksternal Defibrilatör) cihazlarının bilgisini içeren veri setidir.","5.03.2026 06:23:56","6.03.2026 06:24:14","1","Yaşam","OED|kamu binası|sağlık","Sağlık Dairesi Başkanlığı","https://data.ibb.gov.tr/dataset/ibb-binalarinda-bulunan-oed-otomatik-eksternal-defibrilator-cihazlari"
"ba96f198-d0f6-488a-9c18-2d18081b8c73","insaati-tamamlanan-kentsel-acik-ve-yesil-alanlar","Uygulaması Tamamlanan Kentsel Açık ve Yeşil Alanlar","Veri seti; yapımı tamamlanan kentsel açık alan, park ve yeşil alan bilgisini içermektedir.

","21.06.2022 08:01:50","4.03.2026 07:32:31","5","Çevre","kentsel açık alan|park|yeşil alan","Park ve Bahçeler Dairesi Başkanlığı","https://data.ibb.gov.tr/dataset/insaati-tamamlanan-kentsel-acik-ve-yesil-alanlar"
"831b75a3-54d7-4ce1-a6de-cb26f2b5866c","yillara-gore-park-ve-bahce-gibi-yesil-alanlar-icin-harcanan-su-miktari","Yıllara Göre Yeşil Alanlar İçin Harcanan Su Miktarı","Bu veri kümesi yıllara göre park ve bahçe gibi yeşil alanlar için harcanan su miktarı verilerini içermektedir.

","9.05.2022 12:47:52","4.03.2026 07:21:58","1","Çevre","park|su|tüketim miktarı|yeşil alan","Park ve Bahçeler Dairesi Başkanlığı","https://data.ibb.gov.tr/dataset/yillara-gore-park-ve-bahce-gibi-yesil-alanlar-icin-harcanan-su-miktari"
"5ed9a8d2-820d-4a90-bef3-853c9bbefdcc","ibb-birimleri-su-tuketimi","İBB Birimleri Su Tüketimi","İstanbul Büyükşehir Belediyesine ait müdürlüklerin su tüketim miktarlarını ve sözleşme bilgilerini içerir.

","11.08.2022 11:50:53","4.03.2026 07:15:44","1","Çevre","IMM|water|water consumption","Park ve Bahçeler Dairesi Başkanlığı","https://data.ibb.gov.tr/dataset/ibb-birimleri-su-tuketimi"
"8f2271f2-876a-4bd9-a161-4137c4ff1181","agac-ve-peyzaj-as-taahhut-faaliyetleri","Ağaç ve Peyzaj AŞ Taahhüt Faaliyetleri","Veri seti; Ağaç ve Peyzaj AŞ taahhüt faaliyetleri verisini içerir.","11.05.2023 06:59:01","4.03.2026 07:06:57","1","Çevre","park|yeşil alan","AĞAÇ VE PEYZAJ Inc.","https://data.ibb.gov.tr/dataset/agac-ve-peyzaj-as-taahhut-faaliyetleri"
"ec95d815-2096-4a17-a623-8f26228204a3","agac-ve-peyzaj-as-sirket-tesisleri","İBB Ağaç AŞ Bahçe Market ve Fidanlık Kapasite Verileri","Veri seti, Ağaç ve Peyzaj AŞ'nin fidanlık ve bahçe market verilerini içermektedir.","5.09.2023 07:25:34","4.03.2026 07:00:03","2","Yaşam","ağaç ve peyzaj aş|tree","AĞAÇ VE PEYZAJ Inc.","https://data.ibb.gov.tr/dataset/agac-ve-peyzaj-as-sirket-tesisleri"
"e41da3fc-127d-4ac3-baed-e8c815233247","bitkisel-harc-uretimleri","Herbal Mortar Productions","Data set; It includes the amount of vegetable mortar produced and recycled land & miles in m3.","9.05.2023 12:07:09","4.03.2026 06:51:53","1","Çevre","bitki|çevre|üretim","AĞAÇ VE PEYZAJ Inc.","https://data.ibb.gov.tr/dataset/bitkisel-harc-uretimleri"
"1d400785-50f5-41ad-b59f-9896ec762225","laboratuvar-analiz-bilgileri","Ağaç ve Peyzaj AŞ Laboratuvar Analiz Bilgileri","Veri seti; Ağaç ve Peyzaj AŞ'ye yapılan laboratuvar analiz talebi ile analiz edilen numune miktarı ve toplam parametre miktarı bilgisini içerir.","9.05.2023 13:24:35","4.03.2026 06:40:07","1","Çevre","çevre","AĞAÇ VE PEYZAJ Inc.","https://data.ibb.gov.tr/dataset/laboratuvar-analiz-bilgileri"
"35ffe202-31b3-495c-8fe1-6b37f561e600","kooperatifler-ile-uretim-miktarlari","Ağaç ve Peyzaj Inc Production Amounts with Cooperatives","Data set; It includes the amount of products produced in cooperatives under the responsibility of Ağaç ve Peyzaj Inc.","9.05.2023 13:18:44","4.03.2026 06:37:44","1","Yaşam|Çevre","bitki|üretim","AĞAÇ VE PEYZAJ Inc.","https://data.ibb.gov.tr/dataset/kooperatifler-ile-uretim-miktarlari"
"886a308b-c474-4003-b46d-598422bfc26d","halic-dereagzi-ve-koy-taramasi-yapilan-yerlerden-cikartilan-teressubat-miktari","The Amount of Trash Extracted from the Golden Horn and Streams","The data set includes information on the amount of precipitation extracted from the places where the Golden Horn, stream mouths and coves have been surveyed in Istanbul since 2015.","10.01.2020 12:11:00","3.03.2026 10:57:20","1","Çevre","Haliç|atık|deniz|dereağzı|katı atık|koy|tarama|teressubat|çevre","Department of Environmental Protection and Development","https://data.ibb.gov.tr/dataset/halic-dereagzi-ve-koy-taramasi-yapilan-yerlerden-cikartilan-teressubat-miktari"
"9b0324cb-cab6-45d9-8bc2-6bc72518bc0c","gemilerden-toplanan-atik-miktari-ve-turu","Gemilerden Toplanan Atık Miktarı ve Türü","İstanbul'da 2015 yılından itibaren gemilerden toplanan atık miktarı ve türüne ait m3 biriminden bilgileri içerir.","10.01.2020 12:17:20","3.03.2026 10:54:47","1","Çevre","atık|egzoz|gaz|gemi|petrol|su|çevre|çöp","Department of Environmental Protection and Development","https://data.ibb.gov.tr/dataset/gemilerden-toplanan-atik-miktari-ve-turu"
"e41df517-61f4-45db-a3fa-ec82a1e590d9","gemi-kaynakli-petrol-turevli-atiklarin-susuzlastirilmasiyla-geri-kazanilan-miktar","Gemi Kaynaklı Petrol Türevli Atıkların Susuzlaştırılmasıyla Geri Kazanılan Miktar","Veri seti, 2015 yılından bu yana İstanbul'da gemi kaynaklı petrol atıklarının susuzlaştırılmasıyla geri kazanılan miktar hakkında bilgiler içermektedir.","10.01.2020 12:23:10","3.03.2026 10:45:16","2","Çevre","atık|deniz|gemi|geri kazanım|susuzlaştırma|çevre","Department of Environmental Protection and Development","https://data.ibb.gov.tr/dataset/gemi-kaynakli-petrol-turevli-atiklarin-susuzlastirilmasiyla-geri-kazanilan-miktar"
"1407c288-b673-496d-a045-92e1ff3e2467","deniz-yuzeyi-kiyi-ve-plajlardan-toplanan-kati-atik-miktari","The Amount of Solid Waste Collected from the Sea Surface, Coasts and Beaches","The data set contains information on the amount of solid waste collected in Istanbul since 2015 to prevent water pollution from sea surface, coasts and beaches.","10.01.2020 12:38:37","3.03.2026 10:34:57","1","Çevre","atık|deniz|katı atık|kıyı|plaj|çevre","Department of Environmental Protection and Development","https://data.ibb.gov.tr/dataset/deniz-yuzeyi-kiyi-ve-plajlardan-toplanan-kati-atik-miktari"
"3e76cd75-14ea-47ac-b65e-1d87c3b84fd7","yil-bazli-atik-alinan-gemi-sayisi","Atık Alım Hizmeti Verilen Gemi Sayısı","Veri seti İstanbul'da atık alınan gemi sayısı verilerini içerir. ","10.01.2020 11:47:47","3.03.2026 10:32:12","1","Çevre","atık|gemi|çevre","Department of Environmental Protection and Development","https://data.ibb.gov.tr/dataset/yil-bazli-atik-alinan-gemi-sayisi"
"3085d251-c2e2-4c58-8ec3-2a9935bed7c1","ibb-yuksekogrenim-ogrenci-yurtlari-konumlari","IMM Halls of Residence Locations","It is a dataset containing the location data of the Halls of Residence belonging to the Istanbul Metropolitan Municipality as district, center name, latitude & longitude.","26.06.2025 13:22:51","3.03.2026 10:18:00","1","İnsan","konum|mekansal veri|spatial data|öğrenci yurtları","Gençlik ve Spor Hizmetleri Dairesi Başkanlığı","https://data.ibb.gov.tr/dataset/ibb-yuksekogrenim-ogrenci-yurtlari-konumlari"
"42cdb942-3f0f-4e80-bf8b-cd4cd4f5c52a","mekanik-supurme-arac-sayisi","Mekanik Süpürme Araç Sayısı","Bu veri seti İstanbul Büyükşehir Belediyesi bünyesindeki mekanik süpürme araçlarının Asya ve Avrupa yakasına göre sayı bilgisini içerir.","22.09.2022 07:46:49","3.03.2026 08:50:34","1","Mobilite|Çevre","araç|mekanik süpürme|temizlik","Department of Environmental Protection and Development","https://data.ibb.gov.tr/dataset/mekanik-supurme-arac-sayisi"
"b3e4b67b-9d28-4a61-af21-65bc616b9529","tibbi-atik-miktari","İlçelere Göre Yıllık Tıbbi Atık Miktarları","Veri seti; ilçelere göre tıbbi atık miktarlarını ton cinsinden içerir.
","16.06.2022 10:12:42","3.03.2026 08:44:26","1","Çevre","tıbbi atık","Department of Environmental Protection and Development","https://data.ibb.gov.tr/dataset/tibbi-atik-miktari"
"c8ab201c-53d7-45c7-a214-f8675cc69766","mekanik-supurme-miktari","İlçelere Göre Yıllık Mekanik Süpürme Miktarı","Veri seti; çevresel kirliliğin önlenmesi için mekanik süpürme miktarlarını m2 cinsinden içerir.
","16.06.2022 10:30:07","3.03.2026 08:31:38","1","Çevre","mekanik süpürme|çevre","Department of Environmental Protection and Development","https://data.ibb.gov.tr/dataset/mekanik-supurme-miktari"
"31d85b21-32a9-4270-95d9-a1712a6567ea","evsel-atik-miktari","İlçe Bazında Yıllık Evsel Atık Miktarları","Veri seti; ilçelere göre toplanan evsel atık miktarlarını içerir.


","10.01.2020 10:37:24","3.03.2026 08:22:52","1","Çevre","evsel atık|çevre","Department of Environmental Protection and Development","https://data.ibb.gov.tr/dataset/evsel-atik-miktari"
"7d108011-e832-456c-b319-47508d62e027","elle-supurme-personel-sayisi","Elle Süpürme Personel Sayısı","Bu veri seti İstanbul Büyükşehir Belediyesi bünyesinde çalışan elle süpürme personellerinin cinsiyete göre sayı bilgisini içerir.
","22.09.2022 07:30:37","3.03.2026 08:19:40","1","Governance|Çevre","personel|süpürme|temizlik","Department of Environmental Protection and Development","https://data.ibb.gov.tr/dataset/elle-supurme-personel-sayisi"
"736d76d3-a1c3-49ba-9527-c6fd24930d97","cop-kamyonu-sayisi","Çöp Kamyonu Sayısı","Bu veri seti İstanbul Büyükşehir Belediyesi bünyesindeki sıkıştırmalı çöp kamyonu, damperli kamyon, çift kabin kamyonet araçlarının Asya ve Avrupa yakasına göre sayı bilgisini içerir.

","22.09.2022 08:00:25","3.03.2026 08:18:06","1","Mobilite|Çevre","araç|kamyon|çöp","Department of Environmental Protection and Development","https://data.ibb.gov.tr/dataset/cop-kamyonu-sayisi"
"aaabd8af-7824-40c0-aca5-3f0b14160d85","atik-yonetimi-cevre-hizmetleri","Çevre Hizmetlerine Göre Yıllık Atık Miktarı","Veri seti; çevre hizmetleri bağlamında toplanan atık miktarlarını içermektedir.


","16.06.2022 08:00:11","3.03.2026 08:12:25","1","Çevre","ambalaj atığı|evsel atık","Department of Environmental Protection and Development","https://data.ibb.gov.tr/dataset/atik-yonetimi-cevre-hizmetleri"
"f3f029fa-7f55-44eb-ba8e-886a6249a043","atiktan-geri-kazanim-miktarlari","Atıktan Geri Kazanım Miktarları","Veri seti; geri dönüştürülen malzeme miktarı ve atıktan üretilen enerji miktarını içermektedir.

","16.06.2022 08:24:56","3.03.2026 08:06:55","1","Çevre","geri kazanım|kompost|çöp gazı","Department of Environmental Protection and Development","https://data.ibb.gov.tr/dataset/atiktan-geri-kazanim-miktarlari"
"f953f440-b8c2-4cee-bf6f-139b341037c8","yillara-gore-istanbulkart-mobil-uygulama-indirme-sayilari","Yıllara Göre İstanbulkart Mobil Uygulama İndirme Sayıları","Veri seti; içerisinde yıllara ve cihaz tiplerine göre İstanbulkart Mobil Uygulamasının indirme sayılarına ait veriyi içerir.","3.02.2025 13:06:58","3.03.2026 06:31:53","1","Bilgi ve İletişim Teknolojileri|Mobilite","android|huawei|ios|istanbulkart|mobil","BELBİM Inc.","https://data.ibb.gov.tr/dataset/yillara-gore-istanbulkart-mobil-uygulama-indirme-sayilari"
"0a16760f-96bb-447e-91cb-ab03017b0da2","yillara-gore-istanbulkart-ulasim-disi-kullanim-verileri","Yıllara Göre İstanbulKart Ulaşım Dışı Kullanım Verileri","Bu veriseti; İstanbulKart'ın ulaşım dışında iş yeri kategorilerine göre kullanım adetleri verisini yıllık ve aylık bazda içermektedir.","17.12.2024 10:35:26","3.03.2026 06:21:54","2","Ekonomi|Mobilite","ekonomi|istanbulkart","BELBİM Inc.","https://data.ibb.gov.tr/dataset/yillara-gore-istanbulkart-ulasim-disi-kullanim-verileri"
"192d22f9-0b9f-4be2-8008-933076373400","yillara-gore-istanbulkart-qr-kullanim-verileri","Yıllara Göre İstanbulKart QR Kullanım Verileri","Bu veriseti; İstanbulKart QR sisteminin kart tipine göre kullanım adetleri verisini yıllık ve aylık bazda içermektedir.","17.12.2024 10:44:12","3.03.2026 06:15:29","2","Ekonomi|Mobilite","istanbulkart|qr|ulaşım","BELBİM Inc.","https://data.ibb.gov.tr/dataset/yillara-gore-istanbulkart-qr-kullanim-verileri"
"d3efbe18-a581-49e6-bcc9-6ec2c19a855a","yillara-gore-istanbulkart-dijital-hesap-islem-verileri","IstanbulCard Digital Account Transaction Data by Year","This dataset includes data on the number of digital account transactions made with IstanbulKart, on both an annual and monthly basis.","17.12.2024 11:02:28","3.03.2026 06:07:58","2","Ekonomi|Mobilite","dijital hesap|dijital işlem|fast|ulaşım","BELBİM Inc.","https://data.ibb.gov.tr/dataset/yillara-gore-istanbulkart-dijital-hesap-islem-verileri"
"7fb0ebba-897f-4021-8e45-b0a3b5693cb3","toplu-tasimada-kullanilan-elektronik-bilet-gecis-verileri","Electronic Ticket Pass Data Used in Public Transport","This dataset contains electronic ticket pass data used in public transport.","25.04.2022 11:43:38","2.03.2026 13:21:33","1","Mobilite","bilet|elektronik|geçiş|toplu taşıma","BELBİM Inc.","https://data.ibb.gov.tr/dataset/toplu-tasimada-kullanilan-elektronik-bilet-gecis-verileri"
"deb594e7-918a-4356-b74b-043197609362","istanbulkart-yillara-ve-kart-tiplerine-gore-kullanim-verisi","İstanbulkart Yıllara ve Kart Tiplerine Göre Kullanım Verisi","Veri seti içerisinde; yıllara ve kart tiplerine göre geçiş bilgisini içerir.","15.10.2024 11:34:02","2.03.2026 13:06:21","1","Mobilite","indirimli kart|istanbulkart|ulaşım|öğrenci kart|öğretmen kart","BELBİM Inc.","https://data.ibb.gov.tr/dataset/istanbulkart-yillara-ve-kart-tiplerine-gore-kullanim-verisi"
"771e2c48-e814-4caa-b910-947f49a74378","istanbulkart-dolum-merkezi-bilgileri","Istanbulkart Filling Center Information","It contains information about the location data of Istanbulkart filling centers.","27.02.2020 11:01:27","2.03.2026 12:43:09","6","Mobilite","dolum|dolum merkezi|istanbul|istanbulkart|lokasyon|mekansal veri","BELBİM Inc.","https://data.ibb.gov.tr/dataset/istanbulkart-dolum-merkezi-bilgileri"
"ec3232c3-edab-4c4f-b873-01d28196aa0b","ekoloji-ve-yaban-hayati-hizmetleri-konumlari","Ecology and Wildlife Services Locations","It contains the district, center name, service provided and location data of the locations where Ecology and Wildlife Services are provided in Istanbul.","30.09.2025 07:38:01","2.03.2026 10:58:33","1","Çevre","ekoloji ve yaban hayatı|lokasyon|mekansal veri|spatial data","Park ve Bahçeler Dairesi Başkanlığı","https://data.ibb.gov.tr/dataset/ekoloji-ve-yaban-hayati-hizmetleri-konumlari"
"ededa261-644c-4637-942e-11e8bdebb379","enstitu-istanbul-ismek-konumlari","Institute Istanbul ISMEK Locations","It is a dataset containing the district, center name, full address, latitude & longitude location data of ""Institute İstanbul ISMEK"" centers.","3.06.2025 07:48:00","2.03.2026 10:56:20","1","Yaşam|İnsan","enstitü istanbul ismek|konum|mekansal veri|spatial data","Gençlik ve Spor Hizmetleri Dairesi Başkanlığı","https://data.ibb.gov.tr/dataset/enstitu-istanbul-ismek-konumlari"
"cc7e5dea-39dc-4619-8ceb-c05f529b0a52","kati-atik-aktarma-istasyonlari-konumu","Solid Waste Transfer Station Location","It is a dataset containing the name, full address, latitude & longitude location data and surface area data of solid waste transfer stations in Istanbul.
","8.05.2025 08:02:11","2.03.2026 10:54:18","1","Çevre","aktarma istasyonu|atık|katı|konum|mekansal veri|spatial data","Department of Environmental Protection and Development","https://data.ibb.gov.tr/dataset/kati-atik-aktarma-istasyonlari-konumu"
"82232f39-e04c-4807-a067-41d578a5db8a","ispark-otopark-detay-bilgileri-web-servisi","İSPARK Otopark Detay Bilgileri Web Servisi","Bu web servis ile parametre bilgisi verilen herhangi bir İspark otoparkının detay bilgilerine erişilebilir.

","5.02.2020 07:56:25","2.03.2026 10:35:01","3","Mobilite","detay|ispark|mekansal veri|otopark|servis|web|web servis|İSPARK","İSPARK Inc.","https://data.ibb.gov.tr/dataset/ispark-otopark-detay-bilgileri-web-servisi"
"81a32b3f-4914-4d7c-9d47-24230d598ee4","bulgur-palas-ta-etkinlik-duzenleyen-kulup-ve-kuruluslar","Bulgur Palas'ta Etkinlik Düzenleyen Kulüp ve Kuruluşlar","Bulgur Palas'ta etkinlik düzenleyen kulüp ve kuruluşları yıllık bazda gösteren veri setidir.","2.03.2026 07:28:06","2.03.2026 09:38:07","1","Yaşam","Bulgur Palas|etkinlik|kültür|kültürel etkinlik","Kültür Dairesi Başkanlığı","https://data.ibb.gov.tr/dataset/bulgur-palas-ta-etkinlik-duzenleyen-kulup-ve-kuruluslar"
"f5f2ae59-ccbc-4b15-b9b5-80ebae264b8d","2022-yili-kurulumu-tamamlanan-gunes-enerji-sistemleri","Solar Energy Systems Installation Completed","This data set includes the solar energy systems installed in kWp units.","27.04.2023 08:52:28","2.03.2026 07:15:56","4","Enerji","enerji|güneş enerjisi","Park ve Bahçeler Dairesi Başkanlığı","https://data.ibb.gov.tr/dataset/2022-yili-kurulumu-tamamlanan-gunes-enerji-sistemleri"
"7f9c1c66-c0f1-495c-9c80-296e8d3e2144","ibb-enerji-tuketim-raporu","İBB Birimleri Elektrik Tüketimi","İstanbul Büyükşehir Belediyesine ait müdürlüklerin elektrik tüketim miktarlarını ve sözleşme bilgilerini içerir.

","15.01.2020 07:02:52","2.03.2026 07:11:11","1","Enerji","elektrik|enerji|ibb|müdürlük|tüketim","Park ve Bahçeler Dairesi Başkanlığı","https://data.ibb.gov.tr/dataset/ibb-enerji-tuketim-raporu"
"52eb0f6f-e293-4687-86f5-8158ff1add15","ibb-birimleri-dogalgaztuketimi","İBB Birimleri Doğalgaz Tüketimi","İstanbul Büyükşehir Belediyesine ait müdürlüklerin doğalgaz tüketim miktarlarını ve sözleşme bilgilerini içerir.
","11.08.2022 11:46:42","2.03.2026 07:06:09","1","Enerji","doğalgaz|tüketim miktarı|İBB","Park ve Bahçeler Dairesi Başkanlığı","https://data.ibb.gov.tr/dataset/ibb-birimleri-dogalgaztuketimi"
"154c50f8-9d5a-4728-a8d0-90474375acb0","metro-istanbul-istasyon-bilgi-listesi","Metro İstanbul İstasyon Bilgi Listesi","Bu web servis Metro İstanbul istasyon bilgilerinin listesini döndürür.
","25.04.2023 10:16:29","27.02.2026 12:34:47","2","Mobilite","istasyon|mekansal veri|metro|web servis","Metro Istanbul","https://data.ibb.gov.tr/dataset/metro-istanbul-istasyon-bilgi-listesi"
"260f49a1-e36e-4ff8-98e9-05c81e29eed6","all-isbike-stations-web-service","Tüm İsbike İstasyonları Web Servisi","Bu metot ile İsbike uygulaması üzerinde hizmet veren tüm istasyonların durum bilgilerini görüntülenebilir.

__Bu servis geçici olarak kullanıma kapatılmıştır.__","23.07.2020 11:28:41","27.02.2026 12:31:27","3","Mobilite","api|isbike|isbike istasyonu|ispark|istasyon|mekansal veri|web servis","İSPARK Inc.","https://data.ibb.gov.tr/dataset/all-isbike-stations-web-service"
"1c5c63b5-3843-4d08-a82d-b3947bbba696","isbike-stations-status-web-service","İsbike İstasyon Durumları Web Servisi","Bu metot ile İsbike uygulaması üzerinde hizmet veren istasyonların durum bilgilerini görüntülenebilir. 

__Bu servis geçici olarak kullanıma kapatılmıştır.__","23.07.2020 11:39:12","27.02.2026 12:29:17","3","Mobilite","isbike|isbike istasyonu|ispark|istasyon|mekansal veri|web servis","İSPARK Inc.","https://data.ibb.gov.tr/dataset/isbike-stations-status-web-service"
"367a12a3-958c-4ecf-b7e8-41b5bf3b5580","iett-ibb-web-servisi","İETT Durak ve Hat Bilgileri Web Servisi","İETT Durak ve Hat Bilgileri için ihtiyacı olan verileri barındırmaktadır.","13.01.2020 11:03:27","27.02.2026 12:26:48","3","Mobilite","ibb|iett|mekansal veri|web servis","İETT","https://data.ibb.gov.tr/dataset/iett-ibb-web-servisi"
"53b985b6-24af-4fda-aa59-1b45dde2e665","iett-hat-durak-guzergah-web-servisi","İETT Hat-Durak-Güzergâh Web Servisi","Bu web servis ile hat, durak, hattın durakları, hattın güzergahları ve güzergahın durakları verileri paylaşılmaktadır.","13.01.2020 13:33:10","27.02.2026 12:25:14","3","Bilgi ve İletişim Teknolojileri|Mobilite","durak|güzergah|hat|ibb|iett|mekansal veri|web servis","İETT","https://data.ibb.gov.tr/dataset/iett-hat-durak-guzergah-web-servisi"
"abaf2b08-5176-4217-af0c-81923b86f937","yayalastirilmis-yol-verisii","Pedestrianized Road Data","This dataset contains information about the roads that UKOME decided to pedestrianise.","11.04.2023 08:48:56","27.02.2026 12:19:41","1","Mobilite","mekansal veri|yaya|yayalaştırılmış|yol","Ulaşım Dairesi Başkanlığı","https://data.ibb.gov.tr/dataset/yayalastirilmis-yol-verisii"
"e3182854-5d57-4888-8ae2-8cf7fcdf9fb9","bulgur-palas-yillik-etkinlik-detaylari-ve-katilimci-sayilari","Bulgur Palas Yıllık Etkinlik Detayları ve Katılımcı Sayıları","Bulgur Palas'ta düzenlenen etkinliklerin detaylarını ve katılımcı sayılarını yıl bazlı gösteren veri setidir.","26.02.2026 08:04:17","26.02.2026 10:21:26","1","Yaşam","Bulgur Palas|etkinlik|kültürel etkinlik","Kültür Dairesi Başkanlığı","https://data.ibb.gov.tr/dataset/bulgur-palas-yillik-etkinlik-detaylari-ve-katilimci-sayilari"
"26395213-5f2c-4483-b096-ac1d4475c5d5","bulgur-palas-aylik-etkinlik-ve-katilimci-dagilimi","Bulgur Palas Aylık Etkinlik ve Katılımcı Dağılımı","Bulgur Palas'ta düzenlenen etkinlik ve katılımcı sayılarını ay bazlı gösteren veri setidir.","26.02.2026 07:09:03","26.02.2026 10:21:05","1","Yaşam","Bulgur Palas|Etkinlik|kültürel etkinlik","Kültür Dairesi Başkanlığı","https://data.ibb.gov.tr/dataset/bulgur-palas-aylik-etkinlik-ve-katilimci-dagilimi"
"1369206f-ea9d-4a6b-8a11-0b13bd652455","sehir-tiyatrolari-oyun-istatigi","Şehir Tiyatroları Oyun İstatistiği","Bu veri setinde, Şehir Tiyatrolarında sahneye konulan oyunlar, sahne ve doluluk oranları bilgisi bulunmaktadır.

","23.02.2026 06:32:19","26.02.2026 08:41:49","1","Yaşam","oyun|sahne|tiyatro|tiyatro sahnesi|Şehir Tiyatroları","Kültür Varlıkları Dairesi Başkanlığı","https://data.ibb.gov.tr/dataset/sehir-tiyatrolari-oyun-istatigi"
"5114dd66-e529-4587-afe8-e1461b75238a","ilcelere-gore-abone-sayilari","İlçelere Göre İGDAŞ Abone Sayıları","İstanbul'da bulunan 39 ilçenin, ilçelere göre İGDAŞ abonelik sayılarını içerir.","13.01.2020 07:54:47","24.02.2026 11:53:24","3","Enerji","abone|igdaş|ilçe|sayı","İGDAŞ","https://data.ibb.gov.tr/dataset/ilcelere-gore-abone-sayilari"
"b6aa483c-677d-48f3-afc4-7a39f2d735c9","istanbul-ilceleri-dogalgaz-kullanim-sinifi-kullanici-sayisi-tuketim-miktari","İlçelere Göre Doğalgaz Kullanım Sınıfı Bazında Kullanıcı Sayısı ve Tüketim Miktarı","Veri seti; İstanbul İlçeleri doğalgaz kullanım sınıfı, kullanıcı sayısı ve tüketim miktarlarını içerir.


","15.03.2022 14:36:15","24.02.2026 11:38:31","1","Enerji","abonman|doğalgaz|gaz tüketimi|kombi","İGDAŞ","https://data.ibb.gov.tr/dataset/istanbul-ilceleri-dogalgaz-kullanim-sinifi-kullanici-sayisi-tuketim-miktari"
"e9578e58-17f8-4d70-bfcf-b7c79f432199","yatirim-turu-ve-uzunluk-bilgileri","İGDAŞ Investment Type and Length Information","The data set includes the types and lengths of the investments made by İGDAŞ in Istanbul. (Steel, Polyethylene, Service Line)","13.01.2020 07:58:22","24.02.2026 11:33:14","1","Governance","igdaş|polieliten hattı|servis hattı|uzunluk|yatırım|çelik hatıı","İGDAŞ","https://data.ibb.gov.tr/dataset/yatirim-turu-ve-uzunluk-bilgileri"
"c9b11a44-b18b-4a21-99d0-db50203fef7e","darulaceze-hizmetleri","Darülaceze Hizmetleri","Bu veri seti darülaceze hizmetlerine ait verileri içerir.","6.06.2022 06:17:13","23.02.2026 12:55:03","1","Yaşam","darülaceze|hizmet","Sağlık Dairesi Başkanlığı","https://data.ibb.gov.tr/dataset/darulaceze-hizmetleri"
"1f92165c-d8f4-4020-a858-3fd9cf6d00b7","mahallelere-gore-sosyal-yardim-alan-hane-sayisi","Mahallelere Göre Sosyal Yardım Alan Hane Sayısı","Bu veri seti İstanbul ili mahallelerine göre sosyal yardım alan hane sayısı verilerini içermektedir.

**Sosyal ve Ekonomik Destek Programı kapsamında; Sosyal Destek İstanbulkart Desteği (Düzenli Nakdi Destek) sunulan hane sayısına ilçe ve mahalle ölçeğinde yer verilmiştir.**
","20.03.2023 08:02:22","23.02.2026 12:45:54","5","Yaşam","hane|mahalle|sosyal yardım","Sosyal Hizmetler Dairesi Başkanlığı","https://data.ibb.gov.tr/dataset/mahallelere-gore-sosyal-yardim-alan-hane-sayisi"
"c7b9c445-f632-48be-8272-d409ec446948","yapilan-ayni-ve-nakdi-yardim-tur-ve-sayilari","Yapılan Ayni ve Nakdi Yardım Tür ve Sayıları","Bu veri seti yıllara göre yapılan ayni ve nakdi yardım tür ve sayıları verilerini içerir.
","19.04.2022 06:36:32","23.02.2026 12:42:59","2","Yaşam","Ayni|Destek|Nakdi|sosyal yardım","Sosyal Hizmetler Dairesi Başkanlığı","https://data.ibb.gov.tr/dataset/yapilan-ayni-ve-nakdi-yardim-tur-ve-sayilari"
"cd121983-4063-4d12-a900-3c928d59d963","sehir-tiyatrolari-veri-seti","Şehir Tiyatroları Veri Seti","Bu veri setinde, günlük olarak Şehir Tiyatrolarında sahneye konulan oyunlar, sahne ve lokasyon bilgisi bulunmaktadır. 
Bu veri seti artık güncellenmeyecektir. Güncel veriye [Şehir Tiyatroları Oyun İstatistiği](https://data.ibb.gov.tr/tr/dataset/sehir-tiyatrolari-oyun-istatigi) aracılığıyla erişilebilir.


","15.12.2020 23:13:53","23.02.2026 06:44:46","1","Yaşam","mekansal veri|oyun|sahne|tiyatro|tiyatro sahnesi|Şehir Tiyatroları","Kültür Varlıkları Dairesi Başkanlığı","https://data.ibb.gov.tr/dataset/sehir-tiyatrolari-veri-seti"
"50c2cad6-a713-4e74-b649-0d9b2b014665","psikolojik-destek-hizmetleri","Psychological Support Services","This data set includes data on psychological support services.

__It is a service for the disabled.__","19.04.2022 11:49:45","19.02.2026 10:40:19","1","Yaşam","Psikolojik destek|psikoloji","Sağlık Dairesi Başkanlığı","https://data.ibb.gov.tr/dataset/psikolojik-destek-hizmetleri"
"a49ac8a1-0f3b-4bdb-acfa-3aded5b5fe42","iski-ilce-bazli-cagri-sayisi-ve-cozum-orani","İSKİ District Based Calls and Solution Rate","The data set includes the number of malfunctions received and resolved at the ISKI call center and the resolution rates of these malfunctions. The data is based on the districts.","10.01.2020 08:02:27","18.02.2026 06:36:55","5","Governance|Çevre","arıza|ilçe|iski|oran|çağrı|çözüm","İSKİ","https://data.ibb.gov.tr/dataset/iski-ilce-bazli-cagri-sayisi-ve-cozum-orani"
"1bb36cce-2e69-484a-aebc-6f71289a71e0","basvuru-tipine-gore-ibb-cozum-merkezi-istatistikleri","Başvuru Tipine Göre İBB Çözüm Merkezi İstatistikleri","Bu veri kümesi İstanbul Büyükşehir Belediyesi Çözüm Merkezine yapılan başvuru tipi istatistiklerini içermektedir.","21.11.2022 10:56:19","18.02.2026 06:33:22","4","Governance","153|başvuru|çözüm merkezi","Basın Yayın Ve Halkla İlişkiler Dairesi Başkanlığı","https://data.ibb.gov.tr/dataset/basvuru-tipine-gore-ibb-cozum-merkezi-istatistikleri"
"5d14f900-fe03-44cd-941b-ca95569a0b17","istanbul-ulasim-modeli","Transportation Demand Forecast Model Data","The Istanbul Transportation Model emerged within the scope of the ""Istanbul Transportation Master Plan"", which was realized in 2012. The model has been validated for the year in question using the data of the year 2020 and provides consistency with the real bindi data of over 95%, with rail system lines on a line basis and other modes on a macro scale. The city population data (18.6 million) produced by TURKSTAT was used in the model study conducted for the year 2040, which was determined as the projection year. The model was developed for hourly (morning peak time) assignment, and the morning peak data of December 2019 07:00 – 08:00 was used.

The important assumptions made in the model study are as follows;

In the public transportation part of the model, the value of time is taken as “0.35”.

Model results were obtained by performing 2 iterations.

Marmaray, Metrobus and Hızray public transportation lines were operated with distance-based payment, while other public transportation lines were operated with fixed first press and transfer fees.","23.01.2023 12:41:06","18.02.2026 06:29:29","16","Mobilite","ulaşım|ulaşım modeli|ulaşım planı","Ulaşım Dairesi Başkanlığı","https://data.ibb.gov.tr/dataset/istanbul-ulasim-modeli"
"9bc78003-8dc8-4772-8f3f-a5ad7b8c8120","istanbul-da-meydana-gelen-su-kesintileri","İstanbul'da Meydana Gelen Su Kesintileri","Bu veri seti İstanbul'da meydana gelen su kesintilerinin sebeplerini ilçe, mahalle bazında içermektedir.","5.06.2023 12:56:10","13.02.2026 12:34:02","2","Çevre","water|water shortage","İSKİ","https://data.ibb.gov.tr/dataset/istanbul-da-meydana-gelen-su-kesintileri"
"408fb794-90e8-4672-94d1-54b9e1510c10","ibb-muzeleri-lokasyon-calisma-gun-ve-saatleri","İBB Müzeleri Lokasyon Çalışma Gün ve Saatleri","Bu veri seti İBB Müzeleri lokasyon, çalışma gün ve saatleri bilgisini içermektedir","9.12.2021 15:18:19","12.02.2026 12:13:57","1","Yaşam","lokasyon|çalışma saatleri|İBB Müze","Kültür Varlıkları Dairesi Başkanlığı","https://data.ibb.gov.tr/dataset/ibb-muzeleri-lokasyon-calisma-gun-ve-saatleri"
"2afda6c7-e8a6-4945-ade6-0be094797fbc","ibb-kutuphaneleri-lokasyon-calisma-gun-ve-saatleri","IMM Libraries Location Working Days and Hours","This data set contains information about the days and hours of work of the IMM libraries location.","9.12.2021 15:25:04","12.02.2026 12:11:19","1","Yaşam","kütüphane|lokasyon|çalışma saatleri","Kültür Varlıkları Dairesi Başkanlığı","https://data.ibb.gov.tr/dataset/ibb-kutuphaneleri-lokasyon-calisma-gun-ve-saatleri"
"2591d585-3bc8-4953-afba-4b117aaaa16d","kutuphane-ve-muzeler-mudurlugu-okuyucu-istatistikleri","Kütüphane ve Müzeler Müdürlüğü Okuyucu İstatistikleri","Bu veri yıllara göre kütüphane kullanıcı ve okuyucu sayısını içermektedir.","7.10.2021 10:38:31","12.02.2026 12:08:26","7","Yaşam|İnsan","aylar|kullanıcı|kütüphane|okuyucu","Kültür Varlıkları Dairesi Başkanlığı","https://data.ibb.gov.tr/dataset/kutuphane-ve-muzeler-mudurlugu-okuyucu-istatistikleri"
"73b8b262-0d0f-46f4-9fa5-f55f9dfdeccd","mezarlik-adres-bilgileri","Cemetery Address Information","It contains the district and neighborhood information of the cemeteries within the borders of Istanbul.","7.04.2020 11:54:10","12.02.2026 12:01:52","1","Yaşam","adres|mezarlık","Mezarlıklar Dairesi Başkanlığı","https://data.ibb.gov.tr/dataset/mezarlik-adres-bilgileri"
"01ff7818-53cd-4eef-b327-47a31afe70ad","100-bin-kisiye-dusen-yangin-sayisi","Yangın Sayısı","Bu veri kümesi son yıllara ait yapısal ve yapısal olmayan yangın sayıları ile ilgili bilgi içermektedir.","27.02.2022 11:32:53","12.02.2026 11:57:20","2","Security","itfaiye|yangın|yangın sayısı","İtfaiye Dairesi Başkanlığı","https://data.ibb.gov.tr/dataset/100-bin-kisiye-dusen-yangin-sayisi"
"6826c913-dc16-4b02-80e1-2a79ea8a8dc7","ibb-hal-tonajlari-veri-seti","Tonnage data of IMM fruit and vegetable market","This data set includes the monthly tonnage of fruits and vegetables entering IMM Markets.","3.11.2021 07:43:57","12.02.2026 11:52:52","6","Yaşam","hal|hal tonaj|tonaj","Tarımsal Hizmetler Dairesi Başkanlığı","https://data.ibb.gov.tr/dataset/ibb-hal-tonajlari-veri-seti"
"5a4bbedc-3dba-4cb0-9411-8a8b25e3da1b","perakende-akaryakit-satis-miktari","Perakende Akaryakıt Satış Miktarı","Veri seti; İstanbul Enerji A.Ş. tarafından perakende satılan akaryakıt miktarını içermektedir.","22.06.2022 13:26:34","12.02.2026 06:51:23","1","Enerji","ENERJİ AŞ|akaryakıt|akaryakıt istasyonu|perakende satış","İstanbul Enerji A.Ş.","https://data.ibb.gov.tr/dataset/perakende-akaryakit-satis-miktari"
"4084172d-1407-4149-91d1-89080c73ac79","otomasyonlu-akaryakit-satis-miktari","Otomasyonlu Akaryakıt Satış Miktarı","Veri seti; İstanbul Enerji A.Ş. tarafından otomasyonlu akaryakıt satış miktarını içermektedir.","22.06.2022 13:44:49","12.02.2026 06:49:57","1","Enerji","ENERJİ AŞ|akaryakıt|otomasyonlu satış","İstanbul Enerji A.Ş.","https://data.ibb.gov.tr/dataset/otomasyonlu-akaryakit-satis-miktari"
"d5581c7f-a352-468a-acc7-ad568bce25be","ibb-mudurlukleri-enerji-uretim-bilgisi","IMM Facilities Electrical Energy Production Amounts","This dataset includes the amounts of electrical energy produced by the facilities under the responsibility of IMM Directorates.","9.05.2022 13:07:07","12.02.2026 06:47:00","1","Enerji","elektrik|enerji|üretim|İBB","İstanbul Enerji A.Ş.","https://data.ibb.gov.tr/dataset/ibb-mudurlukleri-enerji-uretim-bilgisi"
"778901e0-8bc3-418c-af7a-cfe22cc5e40f","dokme-akaryakit-satis-miktari","Dökme Akaryakıt Satış Miktarı","Veri seti; İstanbul Enerji A.Ş. tarafından dökme akaryakıt satış miktarını içermektedir.","22.06.2022 13:36:19","12.02.2026 06:44:53","1","Enerji","ENERJİ AŞ|akaryakıt|dökme satış","İstanbul Enerji A.Ş.","https://data.ibb.gov.tr/dataset/dokme-akaryakit-satis-miktari"
"3cf7a2de-8013-4728-bc65-dd813af87796","istanbul-ili-semt-pazarlari","İstanbul İli Balıkçı Bulunan Semt Pazarları","Bu veri seti İstanbul ilinde, içerisinde balıkçı bulunan semt pazarlarına ait ilçe, pazar adı, konum, mahalle, cadde, sokak, gün ve pazar tipi bilgilerini içerir.","28.05.2024 07:03:33","12.02.2026 06:40:07","1","Yaşam","balıkçı|mekansal veri|pazar|semt pazarı","Tarımsal Hizmetler Dairesi Başkanlığı","https://data.ibb.gov.tr/dataset/istanbul-ili-semt-pazarlari"
"d299950a-3476-4576-967a-9ab7bbe2aa06","kultur-merkezleri-veri-seti","Kültür Merkezleri Veri Seti","Bu veri setinde Kültür Merkezleri'nin adı, adresi, açılış-kapanış saatleri, çocuk birimi olup olmadığı gibi bilgiler yer almaktadır.","16.06.2025 06:46:20","11.02.2026 13:35:37","1","Yaşam","kültür|kültür merkezi|merkez","Kültür Dairesi Başkanlığı","https://data.ibb.gov.tr/dataset/kultur-merkezleri-veri-seti"
"3e6f2a2b-1f6f-4e89-8bdb-b7c8bfdee94a","metro-istasyonlarindaki-engelli-sarj-noktalari","Disabled Charging Points at Metro Stations","It is a data set containing stations with disabled charging points on metro lines.","4.04.2024 06:31:21","11.02.2026 13:08:40","1","Enerji|Mobilite","charge|charging points|disabled|subway","Metro Istanbul","https://data.ibb.gov.tr/dataset/metro-istasyonlarindaki-engelli-sarj-noktalari"
"a91a537e-d2ce-48d2-907a-7c9309daf2e5","muhtelif-gerceklestirilen-spor-organizasyonlari","Various Sports Organizations","The dataset includes information such as the sports organizations organized by the Istanbul Metropolitan Municipality with its own resources and budget, and the number of participants participating in the relevant organizations.","29.09.2021 08:07:17","11.02.2026 12:46:52","1","Yaşam","muhtelif|organizasyon|spor|spor organizasyonu|sporcu|sporcu sayısı","Gençlik ve Spor Hizmetleri Dairesi Başkanlığı","https://data.ibb.gov.tr/dataset/muhtelif-gerceklestirilen-spor-organizasyonlari"
"a4643d69-0823-450d-bce9-5594e2389642","lojistik-destek-verilen-spor-organizasyonlari","Lojistik Destek Verilen Spor Organizasyonları","Veri kümesi İstanbul Büyükşehir Belediyesi tarafından lojistik destek verilen spor organizasyonları, ilgili organizasyonlara katılan katılımcı sayısı ve seyirci sayısı gibi bilgileri içermektedir. ","29.09.2021 07:07:02","11.02.2026 12:41:50","1","Yaşam","destek|lojistik|lojistik destek|organizasyon|seyirci|seyirci sayısı|spor|spor organizasyonu|sporcu|sporcu sayısı","Gençlik ve Spor Hizmetleri Dairesi Başkanlığı","https://data.ibb.gov.tr/dataset/lojistik-destek-verilen-spor-organizasyonlari"
"f93e9c3b-6313-438f-97fe-1a39ff0c6a16","ibb-acik-hava-egzersizleri-lokasyon-ve-tarih-verisi","Location and Date Data of IMM Outdoor Exercises","This data set includes location, date and time information of outdoor exercises organized by IMM.","4.01.2022 12:54:55","11.02.2026 11:45:16","5","Yaşam","Yaşam|açık hava|egzersiz|ibb","Gençlik ve Spor Hizmetleri Dairesi Başkanlığı","https://data.ibb.gov.tr/dataset/ibb-acik-hava-egzersizleri-lokasyon-ve-tarih-verisi"
"209f4793-4b22-428d-a700-33f852f1bd8b","doga-kampina-katilan-kisi-sayisi","Number of People Participating in Nature Camp","This data set includes data on the number of people attending nature camp.

__Istanbul Metropolitan Municipality organizes Nature Camp during the summer holiday period in order for children and young people in 39 districts to socialize with each other and gain a sense of responsibility, team spirit and sports awareness at an early age.__

__Daily Nature Camp; Children between the ages of 9 and 15 can participate in the camp.
The camp quota is 140 people per day, 20 of whom are disabled.
It is held in Çekmeköy Nişantepe Orman Park.__

__Nature Camp with Accommodation; It started to be carried out in the summer of 2022.
The camp, which is organized for 1 night and 2 days accommodation for children between the ages of 12-15, provides education on life in nature and sports activities.
The camp is held in Şile Yeşilvadi.__","28.03.2024 08:12:01","11.02.2026 11:14:01","1","Yaşam","doğa|izci kampı","Gençlik ve Spor Hizmetleri Dairesi Başkanlığı","https://data.ibb.gov.tr/dataset/doga-kampina-katilan-kisi-sayisi"
"3f4a8569-35c3-49f9-bab0-93e5b345da24","gerceklestirilen-kulturel-etkinlik-tur-ve-sayilari","Gerçekleştirilen Kültürel Etkinlik Tür ve Sayıları","Bu veri seti gerçekleştirilen kültürel etkinlik tür ve sayıları verilerini içermektedir.","18.04.2022 07:41:53","11.02.2026 10:46:42","1","Yaşam","kültürel etkinlik","Kültür Dairesi Başkanlığı","https://data.ibb.gov.tr/dataset/gerceklestirilen-kulturel-etkinlik-tur-ve-sayilari"
"bfb0d3b2-dedb-4efe-a767-34d6d14ee2e0","istanbul-halk-ekmek-bufe-konumlari-veri-seti","İstanbul Halk Ekmek Büfelerinin Konumları Veri Seti","İstanbul Halk Ekmek Büfelerinin ad, ilçe, mahalle, enlem & boylam olarak konum verilerini içeren veri setidir.","4.10.2021 10:39:46","10.02.2026 11:20:05","1","Yaşam","büfe|ekmek|halk|konum|mekansal veri","İstanbul Halk Ekmek Inc.","https://data.ibb.gov.tr/dataset/istanbul-halk-ekmek-bufe-konumlari-veri-seti"
"c858a21a-5615-43a1-8a01-46d3b7f94d16","sosyal-destek-tur-ve-hizmetleri","Social Support Types and Services","This dataset includes data on social support types and services by year.

__It is a service for people with disabilities.__","19.04.2022 11:21:48","10.02.2026 11:13:58","1","Yaşam","sosyal destek|sosyal hizmet","Sağlık Dairesi Başkanlığı","https://data.ibb.gov.tr/dataset/sosyal-destek-tur-ve-hizmetleri"
"00ebd3c5-26c7-493d-ac6b-7a8a9666c4ed","evde-saglik-hizmetleri","Evde Sağlık Hizmetleri","Bu veri seti evde sunulan sağlık hizmetleri verilerini içerir.","25.04.2022 10:44:31","10.02.2026 11:03:57","1","Yaşam","sağlık hizmeti","Sağlık Dairesi Başkanlığı","https://data.ibb.gov.tr/dataset/evde-saglik-hizmetleri"
"1cb6beb0-87a4-4e36-929d-a50e4d9fb938","vektorlerle-mucadele-hizmeti","Vektörlerle Mücadele Hizmeti","Bu veri seti vektörlerle mücadele hizmeti verilerini içerir.","17.05.2022 11:56:51","10.02.2026 11:01:53","1","Yaşam","mücadele|vektör","Sağlık Dairesi Başkanlığı","https://data.ibb.gov.tr/dataset/vektorlerle-mucadele-hizmeti"
"93053193-bcee-44d8-9980-a557d506f269","toplum-ruh-sagligi-hizmetleri","Toplum Ruh Sağlığı Hizmetleri","Bu veri seti toplum ruh sağlığı hizmetleri verilerini içermektedir.","17.05.2022 11:34:35","10.02.2026 10:58:37","1","Yaşam","ruh|ruh sağlığı|toplum","Sağlık Dairesi Başkanlığı","https://data.ibb.gov.tr/dataset/toplum-ruh-sagligi-hizmetleri"
"9eaa22d3-a42d-4883-97c0-9857b1f01277","tip-merkezlerinde-hizmet-verilen-hasta-sayisi","Tıp Merkezlerinde Hizmet Verilen Hasta Sayısı","Bu veri seti tıp merkezlerinde hizmet verilen hasta sayısı verilerini içermektedir.","25.04.2022 11:05:03","10.02.2026 10:57:45","1","Yaşam","hasta|muayene|sağlık|sağlık hizmeti|tedavi|tıp merkezi","Sağlık Dairesi Başkanlığı","https://data.ibb.gov.tr/dataset/tip-merkezlerinde-hizmet-verilen-hasta-sayisi"
"56eb16dd-209a-4bb2-9b37-519a89c502ac","bolgesel-istihdam-ofisi-lokasyon-verisi","Bölgesel İstihdam Ofisi Lokasyon Verisi","Bu veri seti bölgesel istihdam ofisi lokasyonlarını ve hizmet verdiği bölgelerin bilgisini içermektedir.","4.01.2022 11:30:13","10.02.2026 10:26:41","1","Yaşam","Lokasyon|bölge|İstihdam Ofisi","İSPER A.Ş.","https://data.ibb.gov.tr/dataset/bolgesel-istihdam-ofisi-lokasyon-verisi"
"b75b0c2a-8a6e-42ab-821b-deb437d7ea70","yillara-gore-hayvan-istatistikleri","Yıllara Göre Hayvan İstatistikleri","Bu veri kümesi yıllara göre hayvan istatistikleri verisini içermektedir.","10.12.2021 07:25:16","10.02.2026 09:50:47","1","Yaşam","hayvan|kısırlaştırılan|mama|mikroçip|muayene|operasyon|sahiplendirilen","Tarımsal Hizmetler Dairesi Başkanlığı","https://data.ibb.gov.tr/dataset/yillara-gore-hayvan-istatistikleri"
"dd9c4ffb-33d6-4e1c-8b52-4653328f8bd0","yillara-gore-hayvan-bakimevi-sayilari-ve-kapasiteleri","Number and Capacities of Animal Shelters by Years","This data set includes data on the Number and Capacity of IMM Animal Shelters.","27.12.2021 08:15:14","10.02.2026 09:41:54","1","Yaşam","bakımevi|barınak","Tarımsal Hizmetler Dairesi Başkanlığı","https://data.ibb.gov.tr/dataset/yillara-gore-hayvan-bakimevi-sayilari-ve-kapasiteleri"
"e08d6df0-5009-417d-8732-753c223a7dcb","yillara-gore-veteriner-denetim-hizmet-istatistikleri","Yıllara Göre Veteriner Denetim Hizmet İstatistikleri","Bu veri seti yıllara göre veteriner denetim hizmet istatistikleri verisini içerir.","11.04.2022 08:25:40","10.02.2026 09:36:39","1","Yaşam","denetim|veteriner","Tarımsal Hizmetler Dairesi Başkanlığı","https://data.ibb.gov.tr/dataset/yillara-gore-veteriner-denetim-hizmet-istatistikleri"
"75cd7b09-dafb-41fa-90c9-9c7396a58700","itfaiye-istasyonlari-konum-bilgileri","İtfaiye İstasyonları Konum Bilgileri","İstanbul'daki mevcut itfaiye istasyonlarına ait konum verisini içerir.","13.02.2020 06:27:48","9.02.2026 12:29:36","5","Security|Yaşam","istasyon|itfaiye|konum|lokasyon|mekansal veri|yangın","İtfaiye Dairesi Başkanlığı","https://data.ibb.gov.tr/dataset/itfaiye-istasyonlari-konum-bilgileri"
"f8e8f165-f927-4d29-a79a-a53dfc0093d1","itfaiye-istasyon-sayisi","İtfaiye İstasyon Sayısı","İtfaiye istasyonlarının sayılarını içeren veri kümesidir.","25.02.2022 11:36:25","9.02.2026 08:11:57","2","Security","istasyon|itfaiye|yangın","İtfaiye Dairesi Başkanlığı","https://data.ibb.gov.tr/dataset/itfaiye-istasyon-sayisi"
"2f9b302f-ff4b-45d0-a7f8-ea4450916dd3","itfaiye-arac-sayisi","İtfaiye Araç Sayısı","Bu veri kümesi itfaiye araç sayılarını içermektedir.","25.02.2022 11:11:44","6.02.2026 08:47:09","2","Mobilite|Security","acil|ambulans|araç|itfaiye|yangın","İtfaiye Dairesi Başkanlığı","https://data.ibb.gov.tr/dataset/itfaiye-arac-sayisi"
"cb310007-0753-49b4-afff-ee3ad6c11b51","itfaiye-personel-sayisi","İtfaiye Personel Sayısı","Bu veri kümesi İtfai Hizmetlerde çalışan personel sayı bilgilerini içerir.","25.02.2022 11:22:59","6.02.2026 07:26:45","1","Governance|İnsan","Gönüllü|Yangın|itfaiye|personel|Çalışan","İtfaiye Dairesi Başkanlığı","https://data.ibb.gov.tr/dataset/itfaiye-personel-sayisi"
"8bd31456-d902-4503-ba8e-70d5fd0bcee5","yillara-gore-ispark-otoparklari-abone-sayilari","Yıllara Göre İSPARK Otoparkları Abone Sayıları","Bu veri kümesi İSPARK'a ait otoparkların yıllara göre abone sayıları bilgilerini içermektedir. ","18.04.2022 09:14:56","5.02.2026 10:31:43","1","Mobilite","abone|otopark|İSPARK|İspark","Department of Information Technologies","https://data.ibb.gov.tr/dataset/yillara-gore-ispark-otoparklari-abone-sayilari"
"d3df8db4-1ac6-4bfe-8896-7ec1159caa2b","yas-grubuna-gore-rayli-sistemler-istasyon-bazli-yolcu-ve-yolculuk-sayilari","Yaş Grubuna Göre Raylı Sistemler İstasyon Bazlı Yolcu ve Yolculuk Sayıları","Bu veri kümesi raylı sistemlere ait istasyonlarda yer alan günlük yolcu ve yolculuk sayılarını içermektedir. İlgili veri kümesi yaş grubuna göre detaylandırılmıştır.

* Yaş grubu kırılımı İstanbul kartı tanımlı olup yaş ve cinsiyet bilgileri yer alan kişiler üzerinde yapılmıştır. Toplam istasyon bazlı yolcu ve yolculuk sayılarına [Raylı Sistemler İstasyon Bazlı Yolcu ve Yolculuk Sayıları](https://data.ibb.gov.tr/tr/dataset/rayli-sistemler-istasyon-bazli-yolcu-ve-yolculuk-sayilari) veri kümesi aracılığı ile ulaşılabilir. ","7.07.2021 13:03:54","5.02.2026 06:14:05","5","Mobilite","istasyon|istasyon bazlı|maksimum yolculuk|mekansal veri|raylı sistemler|yolcu|yolcu sayısı|yolculuk sayısı","Department of Information Technologies","https://data.ibb.gov.tr/dataset/yas-grubuna-gore-rayli-sistemler-istasyon-bazli-yolcu-ve-yolculuk-sayilari"
"ae3b2e4b-073a-48d0-8ef3-f28f19bcb19c","rayli-sistemler-istasyon-bazli-yolcu-ve-yolculuk-sayilari","Raylı Sistemler İstasyon Bazlı Yolcu ve Yolculuk Sayıları","Bu veri kümesi raylı sistemler istasyon bazlı yolcu ve yolculuk sayılarına ait bilgileri içermektedir. ","7.07.2021 13:25:39","4.02.2026 12:20:03","5","Mobilite","istasyon|mekansal veri|raylı sistemler|yolcu|yolcu sayısı|yolculuk|yolculuk sayısı","Department of Information Technologies","https://data.ibb.gov.tr/dataset/rayli-sistemler-istasyon-bazli-yolcu-ve-yolculuk-sayilari"
"20f33ff0-1ab3-4378-9998-486e28242f48","istanbul-deniz-iskeleleri-yolcu-sayilari","İstanbul Deniz İskeleleri Yolcu Sayıları","Bu veri kümesi İstanbul'da yer alan deniz iskelelerinden geçen yolcu sayılarını içermektedir.","15.11.2021 08:54:07","4.02.2026 12:17:56","5","Mobilite","deniz|deniz iskelesi|iskele|yolcu|yolcu sayısı","Department of Information Technologies","https://data.ibb.gov.tr/dataset/istanbul-deniz-iskeleleri-yolcu-sayilari"
"8fc67899-8bef-4e86-a334-ae516159a2a9","toplu-ulasimda-istanbul-kart-harici-gecis-verisi","Toplu Ulaşımda İstanbulkart Harici Geçiş Verisi","İstanbul'da toplu ulaşımda İstanbulkart haricinde yapılan geçişlere ait tarih, operator, kart tipi, yolculuk sayısı ve yolcu sayısı verilerini içermektedir.","12.01.2026 07:54:27","28.01.2026 09:53:48","3","Mobilite","mobility|passage|passenger|public transport","BELBİM Inc.","https://data.ibb.gov.tr/dataset/toplu-ulasimda-istanbul-kart-harici-gecis-verisi"
"f1b67f79-e251-4e43-971e-9844c15a6149","insaati-devam-eden-kentsel-acik-ve-yesil-alan","Uygulaması Devam Eden Kentsel Açık ve Yeşil Alanlar","Veri seti, yapım aşamasında olan kentsel açık ve yeşil alanlara ilişkin bilgiler içermektedir.","21.06.2022 07:49:30","21.01.2026 11:56:43","3","Çevre","inşaat|park|yeşil alan","Park ve Bahçeler Dairesi Başkanlığı","https://data.ibb.gov.tr/dataset/insaati-devam-eden-kentsel-acik-ve-yesil-alan"
"1fddeb79-a456-485d-a17e-5ef7649e21ce","belediye-nufuslari-veri-seti","Municipal Population Data Set","Includes data on municipal populations within the boundaries of Istanbul.
","3.12.2020 09:55:43","13.01.2026 06:47:07","1","Governance","belediye|belediye nüfusu|istanbul|nüfus","İstanbul İstatistik Ofisi","https://data.ibb.gov.tr/dataset/belediye-nufuslari-veri-seti"
"d155972f-916f-45fb-9f2b-f28539bf67b8","ana-arter-veri-seti","UKOME Yol Parçası Bazında Ana Arterler","Bu veri seti aracılığı ile UKOME, meclis kararı ya da protokollerle belirlenmiş ve anaarter olarak tescillenen yolların yol parçası bazında bilgilerine erişilebilir.
","2.05.2021 20:45:05","27.12.2025 16:17:02","2","Mobilite","ana arter|yol","Ulaşım Dairesi Başkanlığı","https://data.ibb.gov.tr/dataset/ana-arter-veri-seti"
"cd4fb103-83df-48c0-b082-aea9c33a7123","istanbul-agac-ortusu-kaybi","İstanbul Ağaç Örtüsü Kaybı","Bu veri seti, 2001 ile 2024 yılları arasında İstanbul'da gerçekleşen ağaç örtüsü kaybı ve bu kaybın yarattığı karbon (CO2) emisyonu miktarını içermektedir.

Kaynak: Hansen ve ark., 2013. “21. Yüzyıl Orman Örtüsü Değişiminin Yüksek Çözünürlüklü Küresel Haritaları”. 24/12/2025 tarihinde Global Forest Watch aracılığıyla erişildi. www.globalforestwatch.org","23.12.2025 11:48:08","24.12.2025 13:16:14","4","Çevre","ağaç örtüsü kaybı|karbon emisyonu|İstanbul","Global Forest Watch","https://data.ibb.gov.tr/dataset/istanbul-agac-ortusu-kaybi"
"3e210f54-6f64-433f-bd65-90476934afdd","istanbul-agac-ortusu","2000 ve 2010 Yılı İstanbul Ağaç Örtüsü","Bu veri seti, İstanbul'da 2000 ve 2010 yıllarında yüzde 30'dan fazla ağaç örtüsü yoğunluğuna sahip ağaç alanlarının miktarını içermektedir.

Kaynak: Hansen/UMD/Google/USGS/NASA, Global Forest Watch aracılığıyla erişildi.","23.12.2025 07:24:27","24.12.2025 13:14:55","5","Çevre","ağaç örtüsü|İstanbul","Global Forest Watch","https://data.ibb.gov.tr/dataset/istanbul-agac-ortusu"
"584d1991-880a-41aa-8c04-01c4216dc399","sergilenen-yerli-ve-yabanci-tiyatro-eser-sayilari","Sergilenen Yerli ve Yabancı Tiyatro Eser Sayıları","İstanbul'daki sergilenen tiyatroların, yerli ve yabancı eser sayılarını ifade eden veri setidir.","22.12.2025 11:47:26","24.12.2025 13:13:10","1","Yaşam","Tiyatro|eser|kültür","TÜİK","https://data.ibb.gov.tr/dataset/sergilenen-yerli-ve-yabanci-tiyatro-eser-sayilari"
"63a66bf5-ccf7-41ca-8fdc-a160c90a871c","ortu-alti-tarim-alanlari","Örtüaltı Tarım Alanları","İstanbul'daki örtüaltı tarım alanlarının bilgisini içeren veri setidir.","23.12.2025 07:22:52","24.12.2025 13:10:19","1","Yaşam|Çevre","Tarım|tarım alanı|örtüaltı","TÜİK","https://data.ibb.gov.tr/dataset/ortu-alti-tarim-alanlari"
"7adaccd8-3e3d-4b31-a4d7-69d95bde8243","arac-turlerine-gore-yangin-istatistikleri","Araç Türlerine Göre Yangın İstatistikleri","Bu kümesi İstanbul İtfaiyesinin müdahale ettiği araç türlerine göre yangın sayılarını içermektedir. ","23.12.2025 08:56:51","24.12.2025 13:07:45","1","Security","araç|itfaiye|yangın","İtfaiye Dairesi Başkanlığı","https://data.ibb.gov.tr/dataset/arac-turlerine-gore-yangin-istatistikleri"
"86434a81-5ef1-4ae4-a021-07bff35445bf","yapi-ruhsatina-gore-bina-sayisi","Yapı Ruhsatına Göre Bina Sayısı","İstanbul'daki yapı ruhsatına göre bina sayısı verilerini içermektedir.","23.12.2025 08:12:52","24.12.2025 13:06:34","1","Yaşam","bina|ruhsat|yapı ruhsatı","TÜİK","https://data.ibb.gov.tr/dataset/yapi-ruhsatina-gore-bina-sayisi"
"03f720e8-1c33-4d2f-b88f-a350fa93f14d","kultur-ve-turizm-bakanligina-bagli-muze-ziyaretci-sayisi","Kültür ve Turizm Bakanlığına Bağlı Müze Ziyaretçi Sayısı","İstanbul'daki Kültür ve Turizm Bakanlığına bağlı müzelerin ziyaretçi sayılarını içeren veri setidir.","23.12.2025 07:09:42","24.12.2025 13:03:54","1","Yaşam","kültür ve turizm|müze|ziyaretçi","TÜİK","https://data.ibb.gov.tr/dataset/kultur-ve-turizm-bakanligina-bagli-muze-ziyaretci-sayisi"
"7a8efb63-c3b6-463b-82e7-56e6ccd0fb34","halk-kutuphanelerinde-kayitli-uye-cocuk-sayisi","Halk Kütüphanelerinde Kayıtlı Üye Çocuk Sayısı","İstanbul'daki halk kütüphanelerine kayıtlı üye çocuk sayısını içeren veri setidir.","23.12.2025 06:54:10","24.12.2025 13:00:03","1","Yaşam","halk kütüphanesi|çocuk","TÜİK","https://data.ibb.gov.tr/dataset/halk-kutuphanelerinde-kayitli-uye-cocuk-sayisi"
"c4a48001-2555-4b07-b328-fb62f753e2b9","istanbul-ilce-bazinda-kazanilan-agac-ortusu","İstanbul İlçe Bazında Kazanılan Ağaç Örtüsü","2000-2020 yılları arasında İstanbul'da ilçe bazında kazanılan ağaç örtüsü miktarını içeren veri setidir.

Kaynak: 23/12/2025 tarihinde Global Forest Watch aracılığıyla erişildi. www.globalforestwatch.org.","22.12.2025 12:20:48","23.12.2025 11:07:33","5","Çevre","ilçe|kazanılan ağaç örtüsü","Global Forest Watch","https://data.ibb.gov.tr/dataset/istanbul-ilce-bazinda-kazanilan-agac-ortusu"
"2a9861bb-e72a-4fb9-ab30-a0cfa8d2f4ea","1991-2020-istanbul-gozlemlenen-mevsimsel-dongu","Istanbul Observed Seasonal Cycle Data Set","The observed seasonal cycle dataset includes average minimum surface air temperature, average average surface air temperature, average maximum surface air temperature, and average precipitation.","17.12.2025 11:25:40","17.12.2025 13:33:18","1","Çevre","average precipitation|average temperature|environment","World Bank Group","https://data.ibb.gov.tr/dataset/1991-2020-istanbul-gozlemlenen-mevsimsel-dongu"
"7eae8a6a-9447-4416-922a-0b6005db1480","surucu-belgesi-olan-kisi-sayisi","Sürücü Belgesi Olan Kişi Sayısı","Bu veri seti İstanbul ve Türkiye düzeyinde yıllara göre sürücü belgesi olan kişi verisini içermektedir.","16.12.2025 11:44:29","17.12.2025 13:28:38","1","Mobilite","ehliyet|kişi sayısı|sürücü|ulaşım","TÜİK","https://data.ibb.gov.tr/dataset/surucu-belgesi-olan-kisi-sayisi"
"ac0e13fc-f6ab-4eff-93b1-844ea15a2dc0","yillara-gore-olumlu-yaralanmali-trafik-kaza-sayisi","Yıllara Göre Ölümlü Yaralanmalı Trafik Kaza Sayısı","Bu veri seti İstanbul ve Türkiye düzeyinde yıllara ve yerleşim bölgelerine göre ölümlü-yaralanmalı trafik kaza verilerini içermektedir.","16.12.2025 11:52:00","17.12.2025 13:27:40","1","Mobilite","kaza|trafik|trafik kazası|yaralanma|ölüm","TÜİK","https://data.ibb.gov.tr/dataset/yillara-gore-olumlu-yaralanmali-trafik-kaza-sayisi"
"a8d0a9c5-1183-409b-bc75-34d029e10c6a","yillara-ve-yakit-turune-gore-trafige-kaydi-yapilan-motorlu-kara-tasit-sayilari","Yıllara ve Yakıt Türüne Göre Trafiğe Kaydı Yapılan Motorlu Kara Taşıt Sayıları","Bu veri seti İstanbul ve Türkiye düzeyinde yıllara ve yakıt türüne göre trafiğe kaydı yapılan motorlu kara taşıt sayılarını içermektedir.","15.12.2025 12:33:15","15.12.2025 13:44:19","1","Mobilite","benzin|dizel|elektrik|hibrit|lpg|motorlu taşıt|trafik","TÜİK","https://data.ibb.gov.tr/dataset/yillara-ve-yakit-turune-gore-trafige-kaydi-yapilan-motorlu-kara-tasit-sayilari"
"ecfab811-89a6-40de-8dcb-d79b019696db","sehir-tuvaletleri-kullanim-istatistikleri","Şehir Tuvaletleri Kullanım İstatistikleri","Bu veri seti, hat ve istasyona göre şehir tuvaletlerini kullananların yaş ve cinsiyet kırılımında geçiş adedi verisini içermektedir.","10.03.2025 06:34:01","11.12.2025 08:08:42","3","Yaşam","cinsiyet|geçiş adedi|tuvalet|yaş|şehir tuvaleti","BELBİM Inc.","https://data.ibb.gov.tr/dataset/sehir-tuvaletleri-kullanim-istatistikleri"
"d4725f61-3a7e-4644-a563-44ace05a95cd","metro-hatlarinin-ortalama-saatlik-enerji-tuketimi","Metro Hatlarının Ortalama Saatlik Enerji Tüketimi","Metro hatlarının, 1 günde 100 km için (“0-23” saatlik bazda) tükettiği ortalama enerji miktarını kwh cinsinden gösteren veri setidir. ","19.11.2025 11:36:02","20.11.2025 05:38:44","1","Enerji","enerji|enerji tüketimi|metro","Metro Istanbul","https://data.ibb.gov.tr/dataset/metro-hatlarinin-ortalama-saatlik-enerji-tuketimi"
"83b9ccea-a039-4800-97f6-58f914a9799f","birdbase","Kuş Türleri Veri Tabanı","Kuş biyocoğrafyası, koruma, ekoloji ve yaşam tarihi özelliklerinin küresel veri tabanıdır. 

Utah Üniversitesi’nden biyoloji profesörü Çağan Hakkı Şekercioğlu liderliğinde geliştirilen BIRDBASE adlı küresel veri seti 254 familyadaki 11.589 kuş türüne ait 78 farklı yaşam, ekoloji ve koruma özelliğini içermektedir. Veri seti, Scientific Data (Nature Portfolio) dergisinde açık erişimli olarak yayımlanmaktadır.  Veri seti, önceki küresel kuş veri kümelerine kıyasla %6–16 daha fazla tür bilgisi içermekte ve dört ana kuş taksonomisi tarafından tanınan tüm türleri birleştirmektedir. Ayrıca, AviList adlı yeni birleşik küresel kuş kontrol listesindeki tüm türleri kapsayan ilk veri kümesi olma özelliğini taşımaktadır.

İlgili akademik çalışma linki: https://www.nature.com/articles/s41597-025-05615-3

Yazarlar: Çağan H. Şekercioğlu, Kyle D. Kittelberger, Flavio M. M. Mota, Amy N. Buxton, Nikolas Orton, Adara DeNiro, Evan R. Buechley, Joshua J. Horns, Judson D. Blount, Jason Socci & Montague H. C. Neate-Clegg ","17.11.2025 12:12:41","18.11.2025 07:08:09","5","Çevre","biodiversity|biogeography","Springer Nature","https://data.ibb.gov.tr/dataset/birdbase"
"97117480-a843-4cff-a826-a958a7762051","dijital-ucurum-haritasi-verileri","Dijital Uçurum Haritası Verileri","Bu veri seti 2021 yılı için İstanbul’daki dijital uçurumu mahalle ölçeğinde tespit etmeyi sağlayan anket sonuçlarını içermektedir.","22.06.2023 08:11:54","21.10.2025 07:02:30","3","Governance","anket|dijital|dijital uçurum","Department of Information Technologies","https://data.ibb.gov.tr/dataset/dijital-ucurum-haritasi-verileri"
"12a94b75-8e42-4fad-88b3-d40ff67b24f5","ibb-birlestirilmis-gurultu-haritalari","İBB Birleştirilmiş Stratejik Gürültü Haritaları","Bu veri seti, 2024 yılında İstanbul Büyükşehir Belediyesi tarafından TÜBİTAK MAM iş birliğiyle hazırlanan İstanbul Birleştirilmiş Stratejik Gürültü Haritası verilerini içermektedir.","3.09.2025 13:06:02","13.10.2025 06:12:54","8","Çevre","noise map","Department of Environmental Protection and Development","https://data.ibb.gov.tr/dataset/ibb-birlestirilmis-gurultu-haritalari"
"e120f33f-5c2a-486c-8c21-ee2f95e509a5","tiyatro-seyirci-sayisi","Tiyatro Seyirci Sayısı","2000 yılından itibaren İstanbul'daki yerli eser ve yabancı eser tiyatro seyirci sayısı verisidir.","30.09.2025 11:08:09","30.09.2025 12:00:36","1","Yaşam|İnsan","number of audiences|theater","TÜİK","https://data.ibb.gov.tr/dataset/tiyatro-seyirci-sayisi"
"1e9ef96d-c102-4dca-8460-f10ee0beb249","yillara-gore-istanbul-un-verdigi-goc-miktari-ve-nedenleri","Yıllara Göre İstanbul'un Verdiği Göç Miktarı ve Nedenleri","Bu veri seti İstanbul'dan diğer illere göç etme nedenleri ve miktarı verilerini içermektedir.","30.09.2025 10:17:30","30.09.2025 10:49:05","1","Yaşam","göç","TÜİK","https://data.ibb.gov.tr/dataset/yillara-gore-istanbul-un-verdigi-goc-miktari-ve-nedenleri"
"134e490d-30bb-490c-b339-afeee63c65e3","yillara-gore-istanbul-un-aldigi-goc-miktari-ve-nedenleri","Yıllara Göre İstanbul'un Aldığı Göç Miktarı ve Nedenleri","Bu veri seti diğer illerden İstanbul'a göç etme nedenleri ve miktarı verilerini içermektedir.","30.09.2025 07:40:18","30.09.2025 10:48:09","1","Yaşam","göç","TÜİK","https://data.ibb.gov.tr/dataset/yillara-gore-istanbul-un-aldigi-goc-miktari-ve-nedenleri"
"827bc013-d26e-49a6-b58c-508fadadfff3","sarj-istasyonlarindaki-elektrik-tuketimleri-ve-paylari","Şarj İstasyonlarının Elektrik Tüketimleri ve Payları","İstanbul'daki şarj istasyonlarının aylık elektrik tüketimini gösteren veri setidir.","24.09.2025 06:44:44","29.09.2025 13:54:32","1","Enerji","elektrik|enerji|şarj istasyonları","EPDK","https://data.ibb.gov.tr/dataset/sarj-istasyonlarindaki-elektrik-tuketimleri-ve-paylari"
"6b7c693b-e2a3-4842-9891-6c12b4cae929","yuzdesel-elektrik-tuketim-bilgileri","Profil Grubu Bazındaki Elektrik Tüketiminin Bölgesel Dağılımı","İstanbul'daki profil abone grubu bazında gerçekleşen tüketimin bölgesel dağılımını gösteren veri setidir. Genel tüketim verisine [Tüketici Türüne Göre Elektrik Tüketimi](https://data.ibb.gov.tr/dataset/tuketici-turune-gore-elektrik-tuketimi) veri kümesi aracılığı ile ulaşılabilir.","17.09.2025 11:29:32","29.09.2025 13:51:34","1","Enerji","asya|avrupa|elektrik|elektrik tüketim|enerji","EPİAŞ","https://data.ibb.gov.tr/dataset/yuzdesel-elektrik-tuketim-bilgileri"
"ddb8e090-25bd-4c30-aa36-1f7ef4ab3717","plansiz-elektrik-kesintileri","Unplanned Power Outages in the Asian Region","This is the dataset containing unplanned power outages that occurred in Istanbul.","29.09.2025 06:45:31","29.09.2025 13:29:39","1","Enerji","ASYA|elektrik|elektrik kesinti|enerji","EPİAŞ","https://data.ibb.gov.tr/dataset/plansiz-elektrik-kesintileri"
"2d3ecf1d-1d9e-4ac9-963a-a487325a00bd","avrupa-bolgesi-plansiz-elektrik-kesintileri","Avrupa Bölgesi Plansız Elektrik Kesintileri","AVRUPA Bölgesindeki gerçekleşen plansız elektrik kesintilerinin veri setidir.","29.09.2025 12:31:16","29.09.2025 13:25:58","1","Enerji","AVRUPA|elektrik|elektrik kesinti|enerji","EPİAŞ","https://data.ibb.gov.tr/dataset/avrupa-bolgesi-plansiz-elektrik-kesintileri"
"3f5b9fa6-a8c3-4fe5-8075-68d1698ead4f","tuketici-turune-gore-elektrik-tuketimi","Tüketici Türüne Göre Elektrik Tüketimi","Tüketici türüne göre elektrik tüketimini içeren veri setidir.","6.09.2024 14:40:36","26.09.2025 12:02:03","1","Enerji","Elektrik|Enerji|elektrik tüketim","EPDK","https://data.ibb.gov.tr/dataset/tuketici-turune-gore-elektrik-tuketimi"
"04c776e3-f8df-4546-8ab9-1db684d12464","cozum-merkezi-konumlari","Çözüm Merkezi Konumları","Bu veri seti İstanbul Büyükşehir Belediyesi Çözüm Merkezi konum bilgilerini içermektedir.","23.09.2025 12:06:32","25.09.2025 12:53:00","1","Governance","153|beyaz masa|çözüm merkezi","Basın Yayın Ve Halkla İlişkiler Dairesi Başkanlığı","https://data.ibb.gov.tr/dataset/cozum-merkezi-konumlari"
"b3fbb6ce-03a5-4777-8c6c-111c73775523","istanbul-trafik-indeksi","Istanbul Traffic Index","It includes the values of the traffic index data created for Istanbul in general since 2015. Within this data source, the Traffic Index Date, Minimum Traffic Index, Maximum Traffic Index and Average Traffic Index information are included.","1.05.2021 20:36:14","4.09.2025 21:20:03","1","Mobilite","indeks|mobilite|trafik|ulaşım","Ulaşım Dairesi Başkanlığı","https://data.ibb.gov.tr/dataset/istanbul-trafik-indeksi"
"931478af-172a-41cf-9b53-39eded5f63ba","istanbul-kultur-varliklari-envanteri","İstanbul Kültür Varlıkları Envanteri","Bu veri seti, İstanbul Kültür Varlıkları Envanterini içermektedir.","20.11.2023 07:58:21","4.09.2025 21:18:03","1","Yaşam","envanter|kültür|mekansal veri|varlık","Kültür Varlıkları Dairesi Başkanlığı","https://data.ibb.gov.tr/dataset/istanbul-kultur-varliklari-envanteri"
"9c793b21-5154-4fc9-9d1f-e29c70abecf6","atik-tesisleri","Atık Tesisleri","Atık Yönetim Müdürlüğü’nün faaliyet gösterdiği tesisler hakkında harita tabanlı genel konum bilgilerini içermektedir.","1.05.2021 21:25:49","4.09.2025 21:04:02","1","Çevre","atık|atık tesisler|mekansal veri|spatial data|tesis","Department of Environmental Protection and Development","https://data.ibb.gov.tr/dataset/atik-tesisleri"
"271839be-25be-479b-abde-ec23f242ef2a","akaryakit-istasyonlari","Akaryakıt İstasyonları","İstanbul Büyükşehir Belediyesi’nin görev ve yetki alanında bulunan ruhsatlı akaryakıt istasyonlarının faaliyet konusu (Akaryakıt / LPG / CNG), konum bilgisi ve bayisi olduğu dağıtım şirketlerine ait harita tabanlı veri setidir.
","1.05.2021 19:07:45","4.09.2025 21:00:02","1","Çevre","akaryakıt|akaryakıt istasyonu|fuel|mekansal veri|spatial data","Zabıta Dairesi Başkanlığı","https://data.ibb.gov.tr/dataset/akaryakit-istasyonlari"
"9e2505e6-c441-4005-a948-0ec1b9843226","tech-istanbul-girisimcilerinin-verileri","Tech Istanbul Girişimcilerinin Verileri","It includes the entrepreneurship stages of the applications at the Entrepreneurship and Technology Centers of the Istanbul Metropolitan Municipality.","20.08.2025 11:27:13","4.09.2025 10:34:33","1","Governance","girişim|girişimci|teknoloji","Department of Information Technologies","https://data.ibb.gov.tr/dataset/tech-istanbul-girisimcilerinin-verileri"
"0c3c3369-9ad6-47af-ad9b-3761e20bc86f","park-bahce-ve-yesil-alanlar-dairesi-baskanligi-verileri","Park, Garden and Green Area Data","The data set includes the number of green areas in Istanbul, the number of trees maintained, the number of trees planted, the number of sports fields and children's playgrounds.

__This data will no longer be updated. For up-to-date data, you can review the [Istanbul Urban Open And Green Space Data](https://data.ibb.gov.tr/tr/dataset/istanbul-genel-yesil-alan-bilgiler-2004-2022) data.__","10.01.2020 09:19:13","22.08.2025 06:53:38","1","Çevre","bahçe|park|spor salonu|yeşil alan","Park ve Bahçeler Dairesi Başkanlığı","https://data.ibb.gov.tr/dataset/park-bahce-ve-yesil-alanlar-dairesi-baskanligi-verileri"
"9c25d788-db75-4bd6-8481-69a68dc48ce7","melen-ve-yesilcay-regulatorlerinden-alinan-su-miktarlari","Melen ve Yeşilçay Regülatörlerinden Alınan Su Miktarları","Veri  seti, Melen ve Yeşilçay regülatörlerinden alınarak İstanbul'da kullanılan su miktarlarlarını m3 cinsinden yıllık kullanım bilgilerini içermektedir.","13.02.2022 17:20:17","22.08.2025 06:25:32","3","Çevre","melen|regülatör|su|yeşilçay|İSKİ","İSKİ","https://data.ibb.gov.tr/dataset/melen-ve-yesilcay-regulatorlerinden-alinan-su-miktarlari"
"eaa6cf02-5bea-4558-8c70-b3161c4c862d","istanbul-yillik-su-tuketimi-verileri","Istanbul Annual Water Consumption Data","This dataset includes total water consumption (m3) data since 1991.","11.02.2022 13:15:46","22.08.2025 06:12:04","1","Çevre","aylık|iski|su|tüketim","İSKİ","https://data.ibb.gov.tr/dataset/istanbul-yillik-su-tuketimi-verileri"
"0ad4e68b-ce55-49ed-a2bd-ae3732f69fbc","yillik-tarimsal-destek-istatistiki-verileri","Yıllık Tarımsal Destek İstatistiki Verileri","Veri Seti 2020 yılından itibaren tarımsal destek başvuru sayısı ve verilen tarımsal destek miktarını içermektedir.","5.04.2023 13:15:18","21.08.2025 12:45:37","1","Yaşam|Çevre","istatistik|tarımsal destek","Tarımsal Hizmetler Dairesi Başkanlığı","https://data.ibb.gov.tr/dataset/yillik-tarimsal-destek-istatistiki-verileri"
"5a388de2-49cf-46e7-9806-048f1c90bffb","aktarma-merkezlerine-gelen-evsel-atik-miktarlari-ve-sefer-sayilari","Domestic Waste Amounts and Number of Trips Received at Transfer Centers","This dataset includes the amount of domestic waste arriving at the transfer centers in Istanbul and the number of trips of the vehicles used.

Data update frequency is determined annually.","11.02.2022 10:09:44","21.08.2025 10:55:02","6","Mobilite|Çevre","aktarma|aktarma merkezi|atık|evsel atık|sefer|sefer sayısı","İstanbul İstatistik Ofisi","https://data.ibb.gov.tr/dataset/aktarma-merkezlerine-gelen-evsel-atik-miktarlari-ve-sefer-sayilari"
"8ac37add-fa7c-4abe-9fd7-e04199158ebd","su-urunleri-yetistiricilik-uretim-miktari","Su Ürünleri Yetiştiricilik Üretim Miktarı","2000 yılı itibariyle İstanbul'da üretilen su ürünleri yetiştiricilik üretim miktarlarını (ton) içermektedir.","13.08.2025 12:33:08","14.08.2025 06:46:21","1","Ekonomi|Yaşam|Çevre","aquaculture|environment|production quantity","TÜİK","https://data.ibb.gov.tr/dataset/su-urunleri-yetistiricilik-uretim-miktari"
"b0da381b-6d5c-48f0-b792-879628d3c49a","bitkisel-urunler-uretim-miktari","Bitkisel Ürünler Üretim Miktarı","2004 yılı itibarıyla İstanbul'da üretilen bitkisel ürünlerin (tahıllar, sebzeler, meyveler, süs bitkileri, sera sebzeleri, sera meyveleri, sera süs bitkileri ve ekili ürünler) üretim miktarlarını kapsamaktadır.","13.08.2025 11:17:23","14.08.2025 06:43:17","1","Ekonomi|Çevre","environment|herbal products|production quantity","TÜİK","https://data.ibb.gov.tr/dataset/bitkisel-urunler-uretim-miktari"
"82e809cf-9465-407a-91cd-ac745d6fbc95","kentsel-acik-ve-yesil-alanlar","İstanbul Kentsel Açık ve Yeşil Alan Koordinatları","İstanbul'da yer alan kentsel açık ve yeşil alanlara ait tür, ad, ilçe ve koordinat bilgileri bulunmaktadır.","17.11.2020 07:13:40","17.07.2025 13:16:11","1","Çevre","ilce|mahalle|mekansal veri|park|spatial data|yeşil alan","Park ve Bahçeler Dairesi Başkanlığı","https://data.ibb.gov.tr/dataset/kentsel-acik-ve-yesil-alanlar"
"dde9cb73-d1f5-4278-b80e-d3be601de03d","tech-istanbul-egitim-ve-etkinlik-sayilari","Tech İstanbul Eğitim ve Etkinlikleri","İstanbul Büyükşehir Belediyesi'ne ait Girişimcilik ve Teknoloji Merkezleri'nde aylara göre eğitim ve etkinliklere katılan kişi sayısını içerir.","26.06.2025 07:43:47","26.06.2025 12:43:38","1","Governance","etkinlik|eğitim|teknoloji","Department of Information Technologies","https://data.ibb.gov.tr/dataset/tech-istanbul-egitim-ve-etkinlik-sayilari"
"c24f9975-d661-471f-b2ab-36a27ef01bd6","tech-istanbul-girisimlerinin-poc-durumlari","Tech İstanbul Girişimlerinin PoC Durumları","İstanbul Büyükşehir Belediyesi'ne ait Girişimcilik ve Teknoloji Merkezleri girişimlerinin İBB iştirak, birim ve bağlı kuruluşlarla yaptığı PoC sayılarını içermektedir.","26.06.2025 08:36:36","26.06.2025 12:42:17","1","Governance","PoC|girişim|uygulama","Department of Information Technologies","https://data.ibb.gov.tr/dataset/tech-istanbul-girisimlerinin-poc-durumlari"
"5ab692b6-64c6-4191-af86-18b8804b308e","tech-istanbul-a-kabul-edilen-girisim-ve-girisimci-sayisi","Tech İstanbul'a Kabul Edilen Girişim ve Girişimci Sayısı","İstanbul Büyükşehir Belediyesi'ne ait Girişimcilik ve Teknoloji Merkezleri'ne kabul edilen girişim ve girişimci sayılarını içermektedir.","26.06.2025 11:26:25","26.06.2025 12:36:37","1","Governance","girişim|girişimci|teknoloji","Department of Information Technologies","https://data.ibb.gov.tr/dataset/tech-istanbul-a-kabul-edilen-girisim-ve-girisimci-sayisi"
"7fc6d366-525a-4a6d-8ddb-e20e7d2f8074","tech-istanbul-girisimlerinin-verileri","Tech Istanbul Girişimlerinin Verileri","İstanbul Büyükşehir Belediyesi'ne ait Girişimcilik ve Teknoloji Merkezleri'ndeki başvuruların girişim aşamalarını içermektedir.","26.06.2025 09:10:54","26.06.2025 11:18:05","1","Governance","girişim|girişimci|teknoloji","Department of Information Technologies","https://data.ibb.gov.tr/dataset/tech-istanbul-girisimlerinin-verileri"
"1530d08d-aec9-4c97-a63b-2a9279ba23df","kisi-basi-cekilen-gunluk-su-miktari","Kişi Başı Çekilen Günlük Su Miktarı","İstanbul'da 2001 yılı itibariyle içme ve kullanma suyu şebekesine çekilen kişi başı günlük ortalama su miktarı verisini içermektedir.","23.06.2025 10:45:35","24.06.2025 08:49:40","1","Çevre","amount of water|environment","TÜİK","https://data.ibb.gov.tr/dataset/kisi-basi-cekilen-gunluk-su-miktari"
"fee841f7-6e35-4fe2-80d5-6a022982dde1","halk-kutuphanelerinden-bin-kisi-basina-yararlanma-sayisi","Number of Benefits Per Thousand People from Public Libraries","Contains data on the number of benefits per thousand people from public libraries in Istanbul as of 2007.","23.06.2025 10:56:16","24.06.2025 08:48:02","1","Yaşam|İnsan","human|public library","TÜİK","https://data.ibb.gov.tr/dataset/halk-kutuphanelerinden-bin-kisi-basina-yararlanma-sayisi"
"893647c5-e85b-4d33-9f61-5aca98a27248","ikitelli-gunes-enerjisi-santrali-elektrik-uretim-miktarlari","İkitelli Güneş Enerjisi Santrali Elektrik Üretim Miktarları","Veri seti, İstanbul Su ve Kanalizasyon İdaresi'ne (İSKİ) ait İkitelli İçme Suyu Arıtma Tesisinde bulunan 1200 kWp güneş enerjisi santrali için günlük 15 dakikalık verileri içermektedir.

 __Bu veri seti artık güncellenmeyecektir.__","10.01.2020 12:59:26","24.06.2025 06:58:08","1","Enerji|Çevre","Ges|elektrik|enerji|santral|üretim|İkitelli","İstanbul Enerji A.Ş.","https://data.ibb.gov.tr/dataset/ikitelli-gunes-enerjisi-santrali-elektrik-uretim-miktarlari"
"79f32560-ea6b-4825-8178-24b4edbfa615","istanbul-genel-kentsel-acik-yesil-alan-bilgiler-2004-2024","İstanbul Kentsel Açık ve Yeşil Alan Bilgileri","Veri seti, İstanbul'da bulunan kentsel açık ve yeşil alan miktarlarını içerir.

Veri seti yıllık periyotlar ile güncellenmektedir.","30.01.2020 12:30:08","23.06.2025 07:35:49","1","Çevre","bahçe|park|yeşil alan","Park ve Bahçeler Dairesi Başkanlığı","https://data.ibb.gov.tr/dataset/istanbul-genel-kentsel-acik-yesil-alan-bilgiler-2004-2024"
"8a3ea58f-7bc2-4638-9844-b161f6df2a89","psikolojik-danismanlik-merkezleri","Psychological Counseling Centers","This dataset includes district, name, coordinate, address, opening and closing time and telephone information of IMM Psychological Counseling Centers.

__Psychological Counseling, Psychiatric Counseling and Psychometric Services are provided free of charge in these centers.__","16.06.2025 08:46:32","23.06.2025 07:24:19","1","Yaşam","Psikolojik destek|danışmanlık|psikoloji","Sağlık Dairesi Başkanlığı","https://data.ibb.gov.tr/dataset/psikolojik-danismanlik-merkezleri"
"14ff6d46-3de0-4e09-975c-77cd07034be4","ulasim-harcama-gerceklesmeleri","Transportation Expenditure Realizations","This dataset includes transportation expenditures according to the strategic targets set in the IMM Strategic Plan.","25.05.2022 07:34:10","13.06.2025 11:37:55","1","Ekonomi|Governance|Mobilite","expenditure|expenditure realizations|transportation|transportation budget","Department of Strategy Development","https://data.ibb.gov.tr/dataset/ulasim-harcama-gerceklesmeleri"
"40991af3-9056-42fd-b5bf-25bcc6123ddd","istanbulsenin-aylara-gore-indirilme-sayisi","İstanbul Senin Uygulamasının Aylara Göre İndirilme Sayısı","Bu veri seti İstanbul Senin Uygulamasının aylara göre indirilme sayısı verilerini içermektedir.","16.09.2024 18:48:31","5.06.2025 08:30:42","1","Bilgi ve İletişim Teknolojileri","aylık|indirme|istanbulsenin|superapp","Department of Information Technologies","https://data.ibb.gov.tr/dataset/istanbulsenin-aylara-gore-indirilme-sayisi"
"c310cde9-92b1-4c51-9575-d71b1dc7ac43","muhtarlik-adres-bilgileri","Muhtarlık Adres Bilgileri","İstanbul sınırları içerisinde bulunan muhtarlıkların ilçe, mahalle, konum ve adres bilgilerini içeren veri setidir.","12.03.2020 07:53:54","5.06.2025 05:41:56","1","Yaşam","adres|lokasyon|mekansal veri|muhtarlık","Department of Mukhtar Affairs","https://data.ibb.gov.tr/dataset/muhtarlik-adres-bilgileri"
"8789b75c-bae9-4acb-8287-bfc0ba88c8ea","sehir-tuvaletleri-veri-seti","Şehir Tuvaletleri Veri Seti","Bu veri seti şehir tuvaletlerine ait mahal adı, ilçe, durum, tip, bakım odası, hizmet yeri ve lokasyon bilgilerini içerir.","21.05.2024 10:48:19","5.06.2025 05:41:45","1","Yaşam","tuvalet","Park ve Bahçeler Dairesi Başkanlığı","https://data.ibb.gov.tr/dataset/sehir-tuvaletleri-veri-seti"
"04ec9805-2483-46c7-914f-30c50857a846","rayli-sistem-istasyon-noktalari-verisi","Raylı Sistem İstasyon Noktaları Verisi","Bu veri kümesi raylı sistem istasyon noktalarına ait vektör verileri içermektedir.","5.04.2024 11:38:10","5.06.2025 05:41:27","1","Mobilite","istasyon|raylı|raylı sistem","Ulaşım Dairesi Başkanlığı","https://data.ibb.gov.tr/dataset/rayli-sistem-istasyon-noktalari-verisi"
"271c7bdf-4b0c-4642-8e50-96acba3d4756","rayli-ulasim-istasyonlari-vektor-verisi","Rail System Station Areas Data","This dataset contains vector data of rail system station areas.","11.01.2022 09:52:15","5.06.2025 05:41:18","1","Mobilite","istasyon|raylı|raylı ulaşım|raylı ulaşım istasyonu|vektör|vektör verisi","Ulaşım Dairesi Başkanlığı","https://data.ibb.gov.tr/dataset/rayli-ulasim-istasyonlari-vektor-verisi"
"8b8603dd-2642-4789-a891-4bb7cb2c94e8","rayli-ulasim-hatlari-vektor-verisi","Raylı Sistem Hatları Vektör Verisi","Bu veri kümesi raylı sistem hatlarına ait vektör verilerini içermektedir.","8.02.2022 13:32:40","5.06.2025 05:41:09","1","Mobilite","hat|raylı|raylı ulaşım|vektör|vektör verisi","Ulaşım Dairesi Başkanlığı","https://data.ibb.gov.tr/dataset/rayli-ulasim-hatlari-vektor-verisi"
"10fc48d1-ba69-423d-9414-8bb3487e6e2a","taksi-duraklari-verisi","Taksi Durakları Verisi","Bu veri kümesi taksi duraklarına ait bilgileri içermektedir. ","11.04.2023 09:22:17","5.06.2025 05:40:57","1","Mobilite","durak|taksi|taksi durağı","Ulaşım Dairesi Başkanlığı","https://data.ibb.gov.tr/dataset/taksi-duraklari-verisi"
"fc5f925a-0ee8-4e1f-a4e7-17ab272eac83","taksi-dolmus-hatlari-verisi","Taxi Lines Data","This dataset contains information about taxi lines.","11.04.2023 11:42:05","5.06.2025 05:40:47","1","Mobilite","hat|taksi|taksi dolmuş","Ulaşım Dairesi Başkanlığı","https://data.ibb.gov.tr/dataset/taksi-dolmus-hatlari-verisi"
"07603812-6e3e-489f-96a0-2da9c3da3193","taksi-dolmus-duraklari-verisi","Taksi Dolmuş Durakları Verisi","Bu veri kümesi taksi dolmuş duraklarına ait bilgileri içermektedir.","29.03.2024 11:45:38","5.06.2025 05:40:36","1","Mobilite","durak|taksi dolmuş","Ulaşım Dairesi Başkanlığı","https://data.ibb.gov.tr/dataset/taksi-dolmus-duraklari-verisi"
"8dad4995-0071-44de-9b14-57288ec1de97","minibus-hatlari-verisi","Minibus Lines Data","This dataset contains information about minibus lines.","11.04.2023 11:33:14","5.06.2025 05:40:25","1","Mobilite","minibüs|minibüs hattı","Ulaşım Dairesi Başkanlığı","https://data.ibb.gov.tr/dataset/minibus-hatlari-verisi"
"8b4391c0-e647-4635-aaf7-5baee24c6e81","minibus-duraklari-verisi","Minibus Stops Data","This dataset contains information about minibus stops.","11.04.2023 11:39:11","5.06.2025 05:40:14","1","Mobilite","durak|minibüs|minibüs durağı","Ulaşım Dairesi Başkanlığı","https://data.ibb.gov.tr/dataset/minibus-duraklari-verisi"
"d6027190-9ee8-41d3-bd80-8a7ea3e85dc0","gecitler-veri-seti","Geçitler Veri Seti","Bu veri seti, İstanbul sınırları içerisinde yer alan geçitlerin ve köprülerin bilgisini içerir.


","16.05.2021 14:15:20","5.06.2025 05:39:59","1","Mobilite|Security","geçit|köprü|yaya ulaşımı","Yol Bakım ve Altyapı Koordinasyon Dairesi Başkanlığı","https://data.ibb.gov.tr/dataset/gecitler-veri-seti"
"1baf4d6c-0c56-43b4-a955-2efc1bdf4471","deniz-ulasim-istasyonlari-vektor-verisi","Marine Transportation Stations Vector Data","This dataset contains vector data of maritime transportation stations.","11.01.2022 09:14:14","5.06.2025 05:39:47","1","Mobilite","deniz|deniz istasyon|deniz ulaşım|istasyon|vektör|vektör verisi","Ulaşım Dairesi Başkanlığı","https://data.ibb.gov.tr/dataset/deniz-ulasim-istasyonlari-vektor-verisi"
"7b7ab555-4363-4522-b4e4-353c266906d9","deniz-ulasim-hatlari-vektor-verisi","Maritime Transportation Lines Vector Data","This dataset contains vector data of lines controlled by maritime transport authorities in Istanbul.","11.01.2022 09:03:49","5.06.2025 05:39:37","1","Mobilite","deniz|deniz ulaşım|hat|ulaşım|vektör|vektör veri","Department of Information Technologies","https://data.ibb.gov.tr/dataset/deniz-ulasim-hatlari-vektor-verisi"
"58636f00-06cc-4744-a2d4-2db082da1323","istanbul-bisiklet-yollari-verisi","Istanbul Bicycle Paths Data","In this data set; It includes data on bicycle paths that are reserved, shared, under construction, on which the transportation traffic commission has been decided, and whose project work is ongoing.","11.01.2024 11:08:09","5.06.2025 05:39:27","1","Mobilite","bisiklet|bisiklet yolu","Ulaşım Dairesi Başkanlığı","https://data.ibb.gov.tr/dataset/istanbul-bisiklet-yollari-verisi"
"e310a322-368d-4d7d-8574-266de136ad09","bisiklet-ve-mikromobilite-park-alanlari","Bicycle and Micromobility Parking Areas","This dataset contains information about the locations of bicycle and micromobility parking areas.","5.04.2023 13:00:17","5.06.2025 05:39:12","1","Mobilite","bisiklet|mikromobilite|park alanı","Ulaşım Dairesi Başkanlığı","https://data.ibb.gov.tr/dataset/bisiklet-ve-mikromobilite-park-alanlari"
"5122aba9-da03-4be7-8951-defb7329d113","1-derece-acil-ulasim-yollari-verisi","1. Derece Acil Ulaşım Yolları Verisi","Veri seti; 15.02.2024 tarih ve 2024/2-1 sayılı UKOME kararıyla yolların kapanma risk analizleri, binaların yola yıkılma risk analizleri ve yolların kaliteleri göz önüne alınarak oluşturulan 1. Derece Acil Ulaşım Yolları verisini içerir.","4.07.2024 05:34:58","5.06.2025 05:38:55","1","Mobilite","acil ulaşım|ulaşım|yol","Ulaşım Dairesi Başkanlığı","https://data.ibb.gov.tr/dataset/1-derece-acil-ulasim-yollari-verisi"
"b977ab27-7f32-4c37-ad79-756fccf05ebc","ibb-butce-raporlari","İBB Bütçe Raporları","2012 yılından itibaren İstanbul Büyükşehir Belediyesi Kurumsal web sitesinde yayınlanan bütçe verilerini içerir.","6.04.2020 08:44:42","4.06.2025 13:24:02","21","Ekonomi|Governance","bütçe|ekonomi|mali tablo|yerel|yönetişim","Mali Hizmetler Dairesi Başkanlığı","https://data.ibb.gov.tr/dataset/ibb-butce-raporlari"
"95f255be-d891-4f9e-8874-ac0453f87cb6","ilce-bazli-okuma-yazma-bilen-bilmeyen-kisi-sayisi","İlçe Bazında Okuryazar/Okuryazar Olmayan Kişi Sayısı","İstanbul ili sınırları içerisinde yer alan ilçelerdeki 15 yaş ve üzeri okuryazar ve okuryazar olmayan kişilere ait verileri içermektedir.","3.12.2020 10:03:29","3.06.2025 06:11:01","2","İnsan","okuma|okuma bilen|okuma bilmeyen|okuma yazma|okuma yazma bilen|okuma yazma bilmeyen|yazma","İstanbul İstatistik Ofisi","https://data.ibb.gov.tr/dataset/ilce-bazli-okuma-yazma-bilen-bilmeyen-kisi-sayisi"
"878fa2a7-3656-4a38-80ed-b71474b48b3a","ilk-yardim-egitimi-alan-kisi-sayisi-verisi","Number of People Who Received First Aid Training","This data set includes the information on the number of people given in-house and external first aid training by the Fire Brigade Department.","3.04.2023 13:21:36","28.05.2025 05:58:37","1","İnsan","eğitim|ilk yardım|kurs|seminer","İtfaiye Dairesi Başkanlığı","https://data.ibb.gov.tr/dataset/ilk-yardim-egitimi-alan-kisi-sayisi-verisi"
"ca6e88e3-d864-416b-af3b-a6c6ed41a396","farkindalik-calismalari-ve-egitimler","İtfai Farkındalık Çalışmaları ve Eğitimler","Verilen itfai eğitimlerin, kurum içi ve kurum dışı olarak kategorize edildiği eğitim sayılarını içeren veri setidir.","27.02.2022 13:41:12","28.05.2025 05:53:04","1","İnsan","eğitim|itfaiye|yangın","İtfaiye Dairesi Başkanlığı","https://data.ibb.gov.tr/dataset/farkindalik-calismalari-ve-egitimler"
"c738353c-abcd-419d-bf9f-6083175c5dd6","yillara-gore-kamulastirma-maliyeti","Yıllara Göre Kamulaştırma Maliyeti","Bu veri seti yıllara göre kamulaştırma maliyeti verisini içermektedir.","10.04.2023 11:53:17","23.05.2025 12:01:30","1","Ekonomi|Governance","kamulaştırma|maliyet","Department of Real Estate Management","https://data.ibb.gov.tr/dataset/yillara-gore-kamulastirma-maliyeti"
"5bebe5bd-0979-4eec-ba70-209a81932dcc","ibb-vergi-gelirleri","IMM Tax Revenues","This dataset includes the internal goods and services taxes and fee revenues collected by IMM.","12.04.2022 08:33:02","23.05.2025 11:37:13","1","Ekonomi","gelir|harç|hizmet|vergi","Mali Hizmetler Dairesi Başkanlığı","https://data.ibb.gov.tr/dataset/ibb-vergi-gelirleri"
"5cb06760-3d0b-4d55-802b-39c68cae0b82","ibb-tesebbus-ve-mulkiyet-gelirleri","İBB Teşebbüs ve Mülkiyet Gelirleri","Bu veri kümesi İBB ye ait teşebbüs ve mülkiyet gelirlerini yıllık olarak içermektedir.","12.04.2022 12:10:16","23.05.2025 11:34:30","3","Ekonomi|Governance","gelir|mülkiyet|teşebbüs","Mali Hizmetler Dairesi Başkanlığı","https://data.ibb.gov.tr/dataset/ibb-tesebbus-ve-mulkiyet-gelirleri"
"015103ae-adc4-478b-ab9b-830fb12dbc64","ibb-personel-giderleri-butcesi","IMM Personnel Expenditures Budget","This dataset contains information about the expenses of IMM personnel.","4.04.2022 10:51:47","23.05.2025 08:40:36","1","Ekonomi|Governance","bütçe|giderler|personel","Mali Hizmetler Dairesi Başkanlığı","https://data.ibb.gov.tr/dataset/ibb-personel-giderleri-butcesi"
"17f75354-1553-4a74-a90f-3a79680343c9","elektrikli-arac-sarj-istasyonlari-soket-verileri","Elektrikli Araç Şarj istasyonları Soket Verileri","Bu veri kümesi Enerji Piyasası Denetleme Kurulu tarafından yayınlanan [Şarj İstasyonları Listesinde Yer Alan Şarj İstasyonlarının Sorgulanmasına İlişkin REST Web Servisi](https://lisansws.epdk.gov.tr/epvys-web/rest/sarjIstasyonlariRest/sarjIstasyonuSoketleriSorgulaPublic) kullanılarak oluşturulmuştur. ""İstasyon No"" bilgisi eşleştirmesi yapılarak [Elektrikli Araç Şarj İstasyonları Verisi](https://data.ibb.gov.tr/dataset/elektrikli-arac-sarj-istasyonlari-verisi) ile birlikte kullanılabilir. Detaylı bilgi için EPDK Web Servisleri incelenebilir.","13.05.2025 11:10:12","20.05.2025 13:37:15","1","Enerji|Mobilite","e-şarj|elektrikli araç|enerji|ulaşım|şarj istasyonları","EPDK","https://data.ibb.gov.tr/dataset/elektrikli-arac-sarj-istasyonlari-soket-verileri"
"79b0e26e-e923-498b-a675-453382274178","elektrikli-arac-sarj-istasyonlari-verisi","Elektrikli Araç Şarj İstasyonları Verisi","Bu veri kümesi Enerji Piyasası Denetleme Kurulu tarafından yayınlanan [Şarj İstasyonları Listesinde Yer Alan Şarj İstasyonlarının Sorgulanmasına İlişkin REST Web Servisi](https://lisansws.epdk.gov.tr/epvys-web/rest/sarjIstasyonlariRest/sarjIstasyonlariSorgulaPublic) kullanılarak oluşturulmuştur. Detaylı bilgi için EPDK Web Servisleri incelenebilir.","13.05.2025 10:20:01","13.05.2025 10:51:00","1","Enerji|Mobilite","e-şarj|elektrikli araç|enerji|mekansal veri|ulaşım","EPDK","https://data.ibb.gov.tr/dataset/elektrikli-arac-sarj-istasyonlari-verisi"
"17de4abd-fa71-4512-bd7e-bc0feb4de245","itfai-istatistikler-yangin","İtfai İstatistikler-yangın","İtfaiye Dairesi Başkanlığı'ndan elde edilen çıkış kaynağına göre istatistiki yangın verilerini içerir.","14.04.2020 06:41:15","13.05.2025 07:41:48","2","Security","acil durum|güvenli yaşam|güvenlik|itfaiye","İtfaiye Dairesi Başkanlığı","https://data.ibb.gov.tr/dataset/itfai-istatistikler-yangin"
"dfbcd1b2-604c-4b73-a411-573aa832435f","itfaiye-olaylar","İtfai Olaylar","Bu veri kümesi  yangın türlerini, doğal afet, can kurtarma ve güvenlik müdehalelerini içermektedir.","24.02.2022 13:00:22","13.05.2025 07:28:16","4","Security","afet|güvenlik|itfaiye|kurtarma|yangın","İtfaiye Dairesi Başkanlığı","https://data.ibb.gov.tr/dataset/itfaiye-olaylar"
"926a711a-b2c4-407f-9378-29c6f6929395","planlanan-duvar-ustgecit-kopru-guclendirme-ve-heyelan-onleme-calismalari","Planlanan Duvar, Üstgeçit, Köprü Güçlendirme ve Heyelan Önleme Çalışmaları","Bu veri kümesi yapım süreci planlanan duvar, üstgeçit, köprü güçlendirme ve heyelan önlemeye yönelik çalışmaların bilgilerini içermektedir","28.04.2025 09:37:33","28.04.2025 11:31:56","1","Security","duvar|köprü|üstgeçit","Department of Public Works and Engineering","https://data.ibb.gov.tr/dataset/planlanan-duvar-ustgecit-kopru-guclendirme-ve-heyelan-onleme-calismalari"
"58c0b958-42bc-47c8-9fe3-924fffcaa756","tamamlanan-duvar-ustgecit-kopru-guclendirme-ve-heyelan-onleme-calismalari","Tamamlanan Duvar, Üstgeçit, Köprü Güçlendirme ve Heyelan Önleme Çalışmaları","Bu veri kümesi yapım süreci tamamlanan duvar, alt geçit, köprü güçlendirme ve heyelan önlemeye yönelik çalışmaların bilgilerini içermektedir","28.04.2025 09:25:43","28.04.2025 11:30:46","1","Security","asfalt|duvar|köprü|üstgeçit","Department of Public Works and Engineering","https://data.ibb.gov.tr/dataset/tamamlanan-duvar-ustgecit-kopru-guclendirme-ve-heyelan-onleme-calismalari"
"2e4b6b38-b972-4012-885c-cc8b0c2c5e94","yapisal-olmayan-yanginlar","Yapısal Olmayan Yangınlar","Bu veri kümesi İstanbul İtfaiyesi tarafından belirlenen yapısal olmayan yangın sayılarını içermektedir.","28.04.2025 08:22:50","28.04.2025 11:29:21","1","Security","itfaiye|yangın|yapısal","İtfaiye Dairesi Başkanlığı","https://data.ibb.gov.tr/dataset/yapisal-olmayan-yanginlar"
"db9803f2-0410-4d7a-bbb5-00314a3ef9a2","yangin-olmayan-diger-itfai-olaylar","Yangın Olmayan Diğer İtfai Olaylar","Bu veri kümesi İstanbul İtfaiyesi ekiplerinin müdahale ettiği yangın olmayan diğer itfai olayları içermektedir.","28.04.2025 08:42:35","28.04.2025 11:28:06","1","Security","itfai|kurtarma|yangın","İtfaiye Dairesi Başkanlığı","https://data.ibb.gov.tr/dataset/yangin-olmayan-diger-itfai-olaylar"
"6fabffee-0171-4297-b7e0-064c798660c2","sosyal-guvenlik-kapsamindaki-kisi-verileri","Sosyal Güvenlik Kapsamındaki Kişi Verileri","Bu veri seti 2009 yılı itibariyle İstanbul ve Türkiye geneli sosyal güvenlik kapsamındaki kişi verilerini içermektedir.","6.09.2024 14:41:17","21.04.2025 10:38:34","1","Ekonomi","","TÜİK","https://data.ibb.gov.tr/dataset/sosyal-guvenlik-kapsamindaki-kisi-verileri"
"8af46dca-edff-4b64-95e1-951b0ad971ab","turkiye-ve-istanbul-geneli-dis-ticaret-rakamlari","Türkiye ve İstanbul Geneli Dış Ticaret Rakamları","Bu veri seti 2013 yılı itibariyle Türkiye ve İstanbul geneli dolar bazında ithalat ve ihracat rakamlarını içermektedir","6.09.2024 14:40:42","21.04.2025 10:37:17","1","Ekonomi","","TÜİK","https://data.ibb.gov.tr/dataset/turkiye-ve-istanbul-geneli-dis-ticaret-rakamlari"
"c92fc707-fc2d-41f7-a47a-7558f8f0e5f6","merkezi-yonetim-butce-harcalamari-verisi","Merkezi Yönetim Bütçe Harcamaları Verisi","Bu veri seti 2023 yılı itibariyle İstanbul ve Türkiye geneli merkezi yönetim gelir türlerinin tahsilatını aylık tl bazında içermektedir","6.09.2024 14:40:50","21.04.2025 10:36:31","1","Ekonomi","","T.C. Hazine ve Maliye Bakanlığı","https://data.ibb.gov.tr/dataset/merkezi-yonetim-butce-harcalamari-verisi"
"e513fbc8-ca48-49e3-9ea2-d4e39f737a68","merkezi-yonetim-butce-gelirlerinin-tahsilati-verisi","Merkezi Yönetim Bütçe Gelirlerinin Tahsilatı Verisi","Bu veri seti 2023 yılı itibariyle İstanbul ve Türkiye geneli merkezi yönetim tahakkuk, gider ve tahsilat verilerini TL bazında içermektedir.","6.09.2024 14:40:48","21.04.2025 10:35:31","1","Ekonomi","","T.C. Hazine ve Maliye Bakanlığı","https://data.ibb.gov.tr/dataset/merkezi-yonetim-butce-gelirlerinin-tahsilati-verisi"
"0e8fd363-482f-4b21-a77a-4a6c34a279e8","ibb-cari-transferleri","İBB Cari Transferleri","Bu veri kümesi İstanbul Büyükşehir Belediyesine ait cari transfer bilgilerini içermektedir.","14.11.2022 08:39:03","18.04.2025 08:28:46","1","Ekonomi|Governance","cari|transfer|ödeme","Mali Hizmetler Dairesi Başkanlığı","https://data.ibb.gov.tr/dataset/ibb-cari-transferleri"
"809f77ba-6a2a-4a66-a02c-e319d56e56e0","faiz-giderleri","IMM Interest Expenses","This dataset includes domestic and foreign debt interest expenses of IMM.","10.11.2022 10:52:57","18.04.2025 08:17:17","1","Ekonomi|Governance","borç|faiz|gider","Mali Hizmetler Dairesi Başkanlığı","https://data.ibb.gov.tr/dataset/faiz-giderleri"
"94f7792c-bf9a-4112-aa5c-c95137dd65cd","ibb-mal-ve-hizmet-alim-giderleri","İBB Mal ve Hizmet Alım Giderleri","Bu veri kümesi İstanbul Büyükşehir Belediyesine ait mal ve hizmet gider bilgilerini içermektedir.","14.11.2022 08:56:05","18.04.2025 07:44:01","1","Ekonomi|Governance","gider|hizmet|mal|masraf","Mali Hizmetler Dairesi Başkanlığı","https://data.ibb.gov.tr/dataset/ibb-mal-ve-hizmet-alim-giderleri"
"8c0aeb3e-fa10-4448-a9a5-0a989a62cb40","ibb-sgk-gider-butcesi","IMM SSI Expenditure Budget","This dataset includes premium expense information paid by IMM to the Social Security Institution.","5.04.2022 08:09:42","18.04.2025 07:14:56","1","Ekonomi|Governance","giderler|prim|sosyal güvenlik","Mali Hizmetler Dairesi Başkanlığı","https://data.ibb.gov.tr/dataset/ibb-sgk-gider-butcesi"
"69b66895-cb30-4eb1-808b-8df8cc009138","ibb-calisanlaricinsiyet-durumuna-gore-dagilim-veri-seti","İBB Çalışanları Öğrenim Durumuna Göre Dağılım Veri Seti","Bu veri seti İstanbul Büyükşehir Belediyesi çalışanlarının (Memur ve Sözleşmeli Memur) öğrenim durumuna göre dağılım sayılarını içermektedir.","31.03.2023 11:04:12","16.04.2025 12:42:02","1","Governance|İnsan","dağılım|İBB çalışanları","Department of Human Resources and Education","https://data.ibb.gov.tr/dataset/ibb-calisanlaricinsiyet-durumuna-gore-dagilim-veri-seti"
"3ee6d744-5da2-40c8-9cd6-0e3e41f1928f","hourly-traffic-density-data-set","Hourly Traffic Density Data Set","This data set contains Istanbul location density and traffic information on __hourly__ basis.

__The data will be updated at a later date.__","9.11.2020 19:05:21","16.04.2025 11:02:33","61","Mobilite","hız|lokasyon|trafik|trafik yoğunluk|yoğunluk","Ulaşım Dairesi Başkanlığı","https://data.ibb.gov.tr/dataset/hourly-traffic-density-data-set"
"a6855ce7-4092-40a5-82b5-34cf3c7e36e3","hourly-public-transport-data-set","Hourly Public Transport Data Set","In this data set, it contains passenger and journey data using public transportation in Istanbul in __hourly__  terms.

__The data will be updated at a later date.__","18.11.2020 19:30:41","15.04.2025 06:26:52","60","Mobilite","deniz|ido|iett|marmaray|metro|metrobüs|otobüs|toplu taşıma|ulaşım","BELBİM Inc.","https://data.ibb.gov.tr/dataset/hourly-public-transport-data-set"
"6a5b3185-80f7-4d81-9e9e-afef4e894c64","traffic-density-map","Traffic Density Map","It is directed to the Traffic Density Map, which is available to citizens under the control of Istanbul Metropolitan Municipality Traffic Directorate.","16.09.2020 08:33:11","15.04.2025 06:15:42","1","Mobilite","harita|trafik|trafik yoğunluk|trafik yoğunluğu|yoğunluk haritası","Ulaşım Dairesi Başkanlığı","https://data.ibb.gov.tr/dataset/traffic-density-map"
"c805eb96-036e-4cc3-bf43-fe07f251b6fd","cozum-merkezi-153-istatistikleri","Sektörel Dağılıma Göre Çözüm Merkezi İstatistikleri","Bu veri kümesi Çözüm Merkezine gelen taleplerin sektörel olarak dağılım istatistiklerini içerir.","20.06.2022 07:15:38","11.04.2025 09:25:41","2","Governance","153|beyaz masa|çözüm","Basın Yayın Ve Halkla İlişkiler Dairesi Başkanlığı","https://data.ibb.gov.tr/dataset/cozum-merkezi-153-istatistikleri"
"bc2841a0-2c39-4eec-bfae-48b13aac261e","yangin-onlem-faaliyetleri","Fire Prevention Activities Reports","This dataset includes the number of firefighting reports kept on fire prevention activities.","27.02.2022 11:03:02","10.04.2025 09:18:05","3","Security","güvenlik|itfaiye|rapor|yangın|önlem","İtfaiye Dairesi Başkanlığı","https://data.ibb.gov.tr/dataset/yangin-onlem-faaliyetleri"
"3f0b8dca-1500-451d-b5be-e63b25640a33","karayollari-bazinda-maksimum-yolculuk-sayisi","Maximum Number of Trips by Highways","Contains the maximum number of trips for the different types of businesses in Istanbul.","10.01.2020 08:20:17","9.04.2025 07:20:53","1","Mobilite","işletme|karayolu|maksimum|mobilite|ulaşım|yolculuk","Ulaşım Dairesi Başkanlığı","https://data.ibb.gov.tr/dataset/karayollari-bazinda-maksimum-yolculuk-sayisi"
"b18c32f1-a892-495d-bd48-d72199ce007d","karayollari-bazinda-arac-ve-hat-sayisi","Number of Vehicles and Lines by Highways","It includes the number of public transport vehicles of different operating types on Istanbul highways, and the change of total line numbers by years.","10.01.2020 08:17:13","9.04.2025 07:19:40","1","Mobilite","araç|hat|karayolları|mobilite|ulaşım","Ulaşım Dairesi Başkanlığı","https://data.ibb.gov.tr/dataset/karayollari-bazinda-arac-ve-hat-sayisi"
"bd3b9489-c7d5-4ff3-897c-8667f57c70bb","istanbul-saglik-kurum-ve-kuruluslari-verisi","Istanbul Health Institutions and Organizations Data","It contains information about Istanbul health institutions and organizations (veterinary clinics, hospitals, polyclinics, etc.)

__This dataset is subject to a fee and will not be updated on the portal.__","28.03.2020 12:38:34","7.04.2025 11:01:03","1","Yaşam","boylam|enlem|hastane|klinik bilgileri|mekansal veri|poliklinik|sağlık|sağlık kuruluşu|sağlık kurumu|veteriner klinikleri","Department of Information Technologies","https://data.ibb.gov.tr/dataset/istanbul-saglik-kurum-ve-kuruluslari-verisi"
"6da47c2f-01bf-447a-8862-6d91acca385b","personel-genelinin-statulerine-gore-cinsiyet-dagilimi-kisi","İBB Çalışanları Yaş Durumuna Göre Cinsiyet Dağılımı Verisi","Bu veri seti İBB personelinin (Memur ve Sözleşmeli Memur) yaş durumuna göre cinsiyet dağılımı bilgisini içermektedir.","31.03.2023 10:50:07","2.04.2025 10:42:41","1","Governance|İnsan","cinsiyet|dağılım|yaş","Department of Human Resources and Education","https://data.ibb.gov.tr/dataset/personel-genelinin-statulerine-gore-cinsiyet-dagilimi-kisi"
"538140dd-1fb6-4448-869b-147450961b0b","ibb-calisanlari-statu-yas-ve-cinsiyet-durumuna-gore-dagilim-veri-seti","İBB Çalışanları Statü Durumuna Göre Dağılım Veri Seti","Bu veri seti İstanbul Büyükşehir Belediyesi çalışanlarının (Memur ve Sözleşmeli Memur)  statü durumuna göre dağılım sayılarını içermektedir.","31.03.2023 10:54:29","28.03.2025 12:47:30","1","Governance|İnsan","dağılım|statü|İBB Çalışan","Department of Human Resources and Education","https://data.ibb.gov.tr/dataset/ibb-calisanlari-statu-yas-ve-cinsiyet-durumuna-gore-dagilim-veri-seti"
"851cc79a-3c0e-46a4-b037-5e065eed58e2","ilce-ve-sektor-bazinda-birinci-sinif-gayrisihhi-muessese-sayisi","İlçe ve Sektör Bazında Birinci Sınıf Gayrisıhhi Müessese Sayısı","Veri seti, ilçe ve sektör bazında İstanbul Büyükşehir Belediyesi'nden işyeri açma ve çalışma ruhsatı alan birinci sınıf gayrisıhhi müessese sayısını göstermektedir.","18.02.2020 05:41:03","27.03.2025 12:33:53","5","Governance|Security|Çevre","birinci sınıf gayrisıhhi|denetim|gayrisıhhi müessese|ruhsat","Zabıta Dairesi Başkanlığı","https://data.ibb.gov.tr/dataset/ilce-ve-sektor-bazinda-birinci-sinif-gayrisihhi-muessese-sayisi"
"8c170f6d-2115-4896-bd6c-df7aff7c4407","yas-araligina-gore-ibb-cozum-merkezi-basvuru-yuzdeleri","IMM Solution Center Application Percentages by Age Range","This data set contains statistical information by age range of individuals who applied to the Istanbul Metropolitan Municipality Solution Center.","17.11.2022 11:39:10","26.03.2025 11:19:09","1","Governance","153|yaş|çözüm merkezi","Basın Yayın Ve Halkla İlişkiler Dairesi Başkanlığı","https://data.ibb.gov.tr/dataset/yas-araligina-gore-ibb-cozum-merkezi-basvuru-yuzdeleri"
"7095b25d-9173-4559-b104-27a37597bb34","egitim-durumuna-gore-ibb-cozum-merkezi-basvuru-yuzdeleri","Eğitim Durumuna Göre İBB Çözüm Merkezi Başvuru İstatistikleri","Bu veri kümesi İstanbul Büyükşehir Belediyesi Çözüm Merkezine başvuran bireylerin eğitim durumuna göre  başvuru sayılarını içermektedir. 

","17.11.2022 10:43:58","26.03.2025 10:56:56","2","Governance","153|eğitim|çözüm merkezi","Basın Yayın Ve Halkla İlişkiler Dairesi Başkanlığı","https://data.ibb.gov.tr/dataset/egitim-durumuna-gore-ibb-cozum-merkezi-basvuru-yuzdeleri"
"3f0be00a-db77-4a33-a5d3-d69775ea4cfb","toplu-tasima-araclari-denetimleri","Toplu Taşıma Araçları Denetimleri","Bu veri seti Zabıta Dairesi Başkanlığı tarafından yapılan toplu taşıma araçları denetim bilgilerini içermektedir.","5.04.2023 10:14:11","26.03.2025 10:47:57","1","Governance|Mobilite","araç|denetim|toplu taşıma","Zabıta Dairesi Başkanlığı","https://data.ibb.gov.tr/dataset/toplu-tasima-araclari-denetimleri"
"211e12bf-5d35-4ee7-a298-03f515ff3942","ibb-cozum-merkezi-basvuru-sayilari","İBB Çözüm Merkezi Başvuru Sayıları","Bu veri kümesi İstanbul Büyükşehir Belediyesi Çözüm Merkezine gelen toplam başvuru sayısı ve ilgili birimlere yönlendirme adedini içermektedir.
__İlgili birimlere aktarılan başvuruların %94'ü çözüme kavuşmuştur.__

 __      İSKİ ve İGDAŞ verileri dahil değildir.__","29.11.2022 11:15:20","26.03.2025 08:22:48","3","Governance","153|başvuru|çağrı|çözüm merkezi","Basın Yayın Ve Halkla İlişkiler Dairesi Başkanlığı","https://data.ibb.gov.tr/dataset/ibb-cozum-merkezi-basvuru-sayilari"
"6ad3aef9-511c-4fa6-a2f2-8e87d3f64382","medeni-hale-gore-ibb-cozum-merkezi-basvuru-yuzdeleri","IMM Solution Center Application Statistics by Marital Status","This dataset contains statistical information regarding the applications received by the Istanbul Metropolitan Municipality Solution Center according to marital status.","22.11.2022 12:45:57","26.03.2025 07:55:53","1","Governance","153|başvuru|bekar|evli|çözüm merkezi","Basın Yayın Ve Halkla İlişkiler Dairesi Başkanlığı","https://data.ibb.gov.tr/dataset/medeni-hale-gore-ibb-cozum-merkezi-basvuru-yuzdeleri"
"32a984d7-b19c-41f4-9cef-483e2b8b9407","cinsiyete-gore-ibb-cozum-merkezi-basvuru-yuzdeleri","Cinsiyete Göre Çözüm Merkezi Başvuru İstatistikleri","Bu veri kümesi İstanbul Büyükşehir Belediyesi Çözüm Merkezine başvuran bireylerin cinsiyetlerine göre dağılım adetlerini içermektedir.","17.11.2022 10:31:41","25.03.2025 11:50:59","2","Governance","153|cinsiyet|çözüm merkezi","Basın Yayın Ve Halkla İlişkiler Dairesi Başkanlığı","https://data.ibb.gov.tr/dataset/cinsiyete-gore-ibb-cozum-merkezi-basvuru-yuzdeleri"
"1f3ad219-65bc-48f9-9811-e29afdefa4dc","basvuru-kanalina-gore-ibb-cozum-merkezi-istatistikleri","Başvuru Geliş Kanalına Göre İBB Çözüm Merkezi İstatistikleri","Bu veri kümesi İstanbul Büyükşehir Belediyesi Çözüm Merkezine  gelen başvuruların geliş kanalına göre istatistiklerini içermektedir.","17.11.2022 10:57:50","25.03.2025 11:13:51","4","Governance","153|iletişim|çözüm merkezi","Basın Yayın Ve Halkla İlişkiler Dairesi Başkanlığı","https://data.ibb.gov.tr/dataset/basvuru-kanalina-gore-ibb-cozum-merkezi-istatistikleri"
"6722d2e6-c73e-44e8-b701-5e760bec0237","meslek-tipine-gore-ibb-cozum-merkezi-basvuru-yuzdeleri","Meslek Tipine Göre İBB Çözüm Merkezi Başvuru İstatistikleri","Bu veri kümesi İstanbul Büyükşehir Belediyesi Çözüm Merkezine gelen başvuruların meslek tipine göre istatistiki değerini içermektedir.
","22.11.2022 12:24:23","25.03.2025 08:53:13","3","Governance","153|başvuru|meslek|çözüm merkezi","Basın Yayın Ve Halkla İlişkiler Dairesi Başkanlığı","https://data.ibb.gov.tr/dataset/meslek-tipine-gore-ibb-cozum-merkezi-basvuru-yuzdeleri"
"50b42d7a-24d3-440f-817b-d547524386b6","is-sagligi-ve-guvenligi-egitimi-alan-ibb-personeli-sayisi","Number of IMM personnel who received Basic Occupational Health and Safety Training","Occupational Health and Safety Trainings customized for civil servants, workers and contracted employees (very dangerous, dangerous class workplace employees) considering the hazard classes specified in the Occupational Health and Safety Law No. 6331 in order to minimize work accidents and occupational diseases, and to eliminate deficiencies and negativities in working life. given. This data includes statistics on related trainings.","13.02.2020 08:21:41","25.03.2025 06:13:27","1","Governance|İnsan","eğitim|ibb|iş sağlığı|iş sağlığı eğitimi|iş sağlığı ve güvenliği|iş sağlığı ve güvenliği eğitimi|işçi|memur|personel|sözleşmeli","Sağlık Dairesi Başkanlığı","https://data.ibb.gov.tr/dataset/is-sagligi-ve-guvenligi-egitimi-alan-ibb-personeli-sayisi"
"51bee5b3-5573-4e13-8dd3-620a7318205b","tuketici-haklari-kapsaminda-bilgilendirme-ve-egitim-calismalari","Tüketici Hakları Kapsamında Bilgilendirme ve Eğitim Çalışmaları","Bu veri seti Zabıta Dairesi Başkanlığı tarafından düzenlenen tüketici hakları kapsamında bilgilendirme ve eğitim faaliyetlerini içermektedir.","5.04.2023 09:55:14","25.03.2025 06:03:52","1","Governance|İnsan","bilgilendirme|eğitim|tüketici","Zabıta Dairesi Başkanlığı","https://data.ibb.gov.tr/dataset/tuketici-haklari-kapsaminda-bilgilendirme-ve-egitim-calismalari"
"b554faf0-4953-49cf-8867-3d9d7c2d5573","istanbul-ilkogretim-ilkokul-ve-ortaokul-ogrenci-sayilari","Istanbul primary, primary and Secondary School student numbers","It includes data on the number of students at the primary, primary and secondary school levels in Istanbul since the 2006-2007 academic period.","7.12.2020 16:48:37","25.03.2025 05:58:22","1","İnsan","ilkokul|ilköğretim|ortaokul|öğrenci|öğrenci sayısı","İstanbul İstatistik Ofisi","https://data.ibb.gov.tr/dataset/istanbul-ilkogretim-ilkokul-ve-ortaokul-ogrenci-sayilari"
"e1356a7c-a42b-4b79-8cc3-565d33d538d7","yillara-gore-veteriner-hizmetlerine-iliskin-egitimler-ve-katilan-kisi-sayisi","Yıllara Göre Veteriner Hizmetlerine İlişkin Eğitimler ve Katılan Kişi Sayısı","Bu veri seti yıllara göre veteriner hizmetlerine ilişkin eğitimler ve katılan kişi sayısı verisini içermektedir.","11.04.2022 07:59:19","24.03.2025 10:57:22","1","Yaşam|İnsan","eğitim|veteriner hizmetleri","Tarımsal Hizmetler Dairesi Başkanlığı","https://data.ibb.gov.tr/dataset/yillara-gore-veteriner-hizmetlerine-iliskin-egitimler-ve-katilan-kisi-sayisi"
"65de6cdd-e4e8-4f8e-a698-c85e626ce065","rayli-sistemler-hastane-yenidogan-metro-hatti-bilgileri","Raylı Sistemler Yenidoğan-Emek Metro Hattı Bilgileri","İstanbul Hastane-Yenidoğan metro hattına ait bilgileri içermektedir. Verinin içeriği istasyon adı, istasyon ilçesi, diğer hatlarla entegrasyon durumu, ilçedeki uzunluk, asansör ve yürüyen merdiven sayısını kapsamaktadır.","16.01.2020 07:21:26","24.03.2025 08:53:36","4","Mobilite","Hastane|Ulaşım|Yenidoğan|asansör|bağlantı noktası|entegrasyon|hat|istasyon|metro|raylı sistemler|uzunluk|yürüyen merdiven","Raylı Sistem Dairesi Başkanlığı","https://data.ibb.gov.tr/dataset/rayli-sistemler-hastane-yenidogan-metro-hatti-bilgileri"
"faf281e0-00ee-432d-9f3a-e9e083cabd84","ilcelere-gore-ibb-cozum-merkezi-basvuru-yuzdesi","IMM Solution Center Application Statistics by Districts","This data set includes the distribution numbers of applications received by the Istanbul Metropolitan Municipality Solution Center according to districts.","28.11.2022 07:47:27","24.03.2025 08:42:51","2","Governance","153|başvuru|ilçeler|çözüm merkezi","Basın Yayın Ve Halkla İlişkiler Dairesi Başkanlığı","https://data.ibb.gov.tr/dataset/ilcelere-gore-ibb-cozum-merkezi-basvuru-yuzdesi"
"250cb7b1-9b81-4430-a81e-679e770919c4","iett-personel-sayisi-verileri","IETT Personnel Number Data","This data set includes IETT personnel number data.","18.12.2023 10:53:46","21.03.2025 08:33:12","2","Governance|İnsan","person|İETT","İETT","https://data.ibb.gov.tr/dataset/iett-personel-sayisi-verileri"
"459db1e7-2c74-422e-9042-e3d9a04f003c","meteoroloji-gozlem-istasyon-konumlari","İstanbul Meteoroloji Gözlem İstasyon Konumları Veri Seti","Bu veri setinde, Afet ve Koordinasyon Müdürlüğü özelinde, İstanbul genelindeki AWOS(Otomatik Hava Gözlem Sistemi) ve BEUS(Buzlanma Erken Uyarı Sistemi) sistemlerini içeren meteoroloji gözlem istasyonlarının enlem ve boylam olarak konumları bulunmaktadır.

2024 yılında istasyon konumlarında bir değişiklik yapılmamıştır.","21.06.2021 13:08:36","20.03.2025 10:24:59","2","Bilgi ve İletişim Teknolojileri|Çevre","hava|istasyon|mekansal veri|meteoroloji|spatial data","Afet İşleri Dairesi Başkanlığı","https://data.ibb.gov.tr/dataset/meteoroloji-gozlem-istasyon-konumlari"
"855da21e-af3d-4458-9aab-57f7f86eb7c5","ukome-yol-bazinda-kesiksiz-ana-arterler","UKOME Major Arteries by Pathway (Continuous)","Through this data set, it is possible to access road-based (continuous) information of roads determined by UKOME, parliamentary decision or protocols and registered as main artery.","10.10.2022 08:38:46","20.03.2025 06:43:45","2","Mobilite","UKOME|ana arter|kesiksiz|tescilli","Ulaşım Dairesi Başkanlığı","https://data.ibb.gov.tr/dataset/ukome-yol-bazinda-kesiksiz-ana-arterler"
"6b771b03-5d2d-4a6c-a496-425811150ba9","imalati-tamamlanan-mimari-aydinlatmalar","Uygulamaları Tamamlanan Mimari Aydınlatmalar","Veri seti; yapımı tamamlanan mimari aydınlatma imalat bilgilerini içerir.
2023 ve 2024 yıllarında mimari aydınlatma yapılmadığı için veri güncellenememiştir.","31.05.2022 12:05:59","18.03.2025 08:59:47","2","Enerji","mimari aydınlatma","Park ve Bahçeler Dairesi Başkanlığı","https://data.ibb.gov.tr/dataset/imalati-tamamlanan-mimari-aydinlatmalar"
"06bbb4f4-d9d6-4c8e-8273-4d3cf02cf236","itfai-olaylar-ambulans-cikis-nedenleri","İtfai Olaylar Ambulans Çıkış Nedenleri","Bu veri kümesi son yıllara ait İtfai olaylara müdahale amaçlı ambulans çıkış nedenlerini içermektedir.","28.02.2023 11:25:57","18.03.2025 08:55:45","2","Security","ambulans|itfaiye|müdehale|olay","İtfaiye Dairesi Başkanlığı","https://data.ibb.gov.tr/dataset/itfai-olaylar-ambulans-cikis-nedenleri"
"93b52900-8b72-4eed-8ee1-6bfd284a390c","ortalama-varis-suresi","İtfai Olaylar Ortalama Varış Süresi","İtfai olaylara dakika cinsinden ekiplerin varış sürelerini içeren veri setidir.","27.02.2022 14:07:49","17.03.2025 12:49:25","3","Security","itfaiye|süre|varış","İtfaiye Dairesi Başkanlığı","https://data.ibb.gov.tr/dataset/ortalama-varis-suresi"
"fb0b5381-dc0f-4ef9-88c2-15cb97dec8ba","baca-temizleme-ve-denetleme-faaliyetleri","Baca Temizleme ve Denetleme Faaliyetleri","Bu veri seti temizlenen ve denetlenen iş yeri ve konut sayı bilgilerini içermektedir.","27.02.2022 12:45:18","17.03.2025 11:47:43","2","Security","baca|denetim|itfaiye|temizlik","İtfaiye Dairesi Başkanlığı","https://data.ibb.gov.tr/dataset/baca-temizleme-ve-denetleme-faaliyetleri"
"2f8889dd-4e5d-46c6-ad75-922a6cd36a84","ilce-bazli-ortalama-hane-halki-buyuklugu","İlçe Bazlı Ortalama Hane Halkı Büyüklüğü","İlçelere göre hane halkı büyüklüğünün ortalama verilerini içerir.","3.12.2020 09:43:35","17.03.2025 07:44:57","1","Yaşam","büyüklük|halk|hane|hane halkı|hane halkı büyüklüğü|hanehalkı|istanbul","TÜİK","https://data.ibb.gov.tr/dataset/ilce-bazli-ortalama-hane-halki-buyuklugu"
"eba4e3b2-656c-423c-9d4a-8bb98a6d76de","istanbul-icin-ilcelere-ve-musteri-tipine-gore-dogalgaz-abone-ve-kullanici-sayilari","İstanbul İlçelere ve Müşteri Tipine Göre Doğalgaz Verisi","Bu veri seti İstanbul İçin İlçelere ve Müşteri Tipine Göre Doğalgaz Abone, Kullanıcı ve Tüketim Sayıları verisini içermektedir.

Bu veri seti artık güncellenmeyecektir. Güncel veriye [İlçelere Göre Doğalgaz Kullanım Sınıfı Bazında Kullanıcı Sayısı ve Tüketim Miktarı](https://data.ibb.gov.tr/dataset/istanbul-ilceleri-dogalgaz-kullanim-sinifi-kullanici-sayisi-tuketim-miktari) isimli veri kümesi aracılığı ile ulaşılabilir. ","13.02.2022 21:07:11","17.03.2025 06:05:42","1","Enerji","abone sayısı|doğalgaz|kullanıcı sayısı","İstanbul İstatistik Ofisi","https://data.ibb.gov.tr/dataset/istanbul-icin-ilcelere-ve-musteri-tipine-gore-dogalgaz-abone-ve-kullanici-sayilari"
"e20cd8d1-088f-42e1-90a2-a138e10d9e55","gaz-tuketimi-verisi","İstanbul Gaz Tüketimi Verisi","Bu veri kümesi İstanbul ili için gaz tüketimi verisini (m3) içermektedir.

Bu veri seti artık güncellenmeyecektir. Güncel veriye [İlçelere Göre Doğalgaz Kullanım Sınıfı Bazında Kullanıcı Sayısı ve Tüketim Miktarı](https://data.ibb.gov.tr/dataset/istanbul-ilceleri-dogalgaz-kullanim-sinifi-kullanici-sayisi-tuketim-miktari) isimli veri kümesi aracılığı ile ulaşılabilir. ","11.02.2022 21:25:19","17.03.2025 06:04:59","1","Enerji","gaz|gaz tüketimi","İGDAŞ","https://data.ibb.gov.tr/dataset/gaz-tuketimi-verisi"
"45146be0-4e12-42c1-949c-89d1ae848bb9","kisla-mucadele-faaliyetleri-kapsaminda-buzlanmayi-onlemek-amaciyla-kullanilan-yontemler","Kışla Mücadele Faaliyetleri Kapsamında Buzlanmayı Önlemek Amacıyla Kullanılan Yöntemler","Bu veri seti son yıllara ait kışla mücadele kapsamında buzlanmayı önlemek amacıyla kullanılan yöntemleri içerir.","6.02.2020 16:12:46","14.03.2025 10:50:35","3","Security","buz|buzlanma|kar|kış|kışla mücadele|solüsyon|tuz|tuzlama","Yol Bakım ve Altyapı Koordinasyon Dairesi Başkanlığı","https://data.ibb.gov.tr/dataset/kisla-mucadele-faaliyetleri-kapsaminda-buzlanmayi-onlemek-amaciyla-kullanilan-yontemler"
"e46a9e40-57bf-487a-b96e-439dd4bcb334","fiyat-etiketi-tarife-dara-ve-avm-otopark-denetimleri","Fiyat Etiketi, Tarife, Dara ve AVM Otopark Denetimleri","Bu veri kümesi Zabıta Daire Başkanlığı tarafından gerçekleştirilen denetim adedi, denetim tutanağı ve idari para cezasının yıllara göre miktarlarını içermektedir.","5.04.2023 09:17:12","13.03.2025 20:02:34","2","Governance","ceza|denetim|zabıta","Zabıta Dairesi Başkanlığı","https://data.ibb.gov.tr/dataset/fiyat-etiketi-tarife-dara-ve-avm-otopark-denetimleri"
"5cae8c64-1e27-4b06-98c6-7923d0ab4693","muhtarliklar-yardim-kolisi-dagitim-sayilari","Number of Aid Provided by Mukhtars","This data set includes the number of aids provided by muhtars according to neighborhoods.","26.11.2021 10:10:22","12.03.2025 11:51:56","3","Yaşam","koli|muhtarlık|sosyal yardım|yardım","Department of Mukhtar Affairs","https://data.ibb.gov.tr/dataset/muhtarliklar-yardim-kolisi-dagitim-sayilari"
"121a9892-7945-419a-9b89-49f6083926df","public-transport-gtfs-data","Public Transport GTFS Data","The dataset contains the necessary files to create GTFS data for Minibuses, Taxi Minibus, Sehir Hatlari, IDO, Turyol, Dentur Avrasya, Marmaray (TCDD)  and Metro lines.


[GTFS](https://developers.google.com/transit/gtfs/)(The General Transit Feed Specification), is obtained by processing public transportation data using time schedules and geometries on the basis of stops and voyages. It is a data format used for travel planning in public transportation. Bus, metro, minibus etc. from A to B. It contains enough data for an application to analyze how to get there via tools.

Data last update dates are as follows;

Minibus: 20.02.2018

Taxi Minibus: 16.01.2018

Sehir Hatlari: 25.09.2019

Metro Istanbul: 09.07.2020

TCDD: 16.10.2019

İDO: 16.10.2019

Turyol: 02.10.2019

Dentur Avrasya: 30.10.2019

__This data will not be updated.__","28.12.2020 15:35:16","12.03.2025 06:00:07","8","Mobilite","Dentur Avrasya|GTFS|Marmaray|TCDD|Turyol|dolmuş|metro|minibüs|taksi dolmuş|toplu ulaşım|ulaşım|İDO|şehir hatları","Department of Information Technologies","https://data.ibb.gov.tr/dataset/public-transport-gtfs-data"
"2a69fbc9-4390-4eb3-8c48-ae0b59b32d35","degisken-mesaj-panolarinda-gosterilen-guzergahlar","Routes Shown On Varıous Message Boards In Istanbul","Includes data on routes shown on various message boards located in Istanbul.


__This data will not be updated.__","13.01.2020 12:07:01","12.03.2025 05:59:30","2","Mobilite","değişken|değişken mesaj panosu|güzergah|mesaj|mobilite|pano|rota|ulaşım","Ulaşım Dairesi Başkanlığı","https://data.ibb.gov.tr/dataset/degisken-mesaj-panolarinda-gosterilen-guzergahlar"
"8d47d214-eca8-494d-9457-d134dde561ff","ulasim-yonetim-merkezi-trafik-duyuru-verisi","Ulaşım Yönetim Merkezi Trafik Duyuru Verisi","Ulaşım Yönetim Merkezi(UYM) tarafından 2013'den beri yapılan anlık duyuruları, lokasyon bazında  içeren veri setidir.","13.12.2020 22:34:37","7.03.2025 12:25:33","1","Mobilite","UYM|Ulaşım Yönetim Merkezi|duyuru|mekansal veri|trafik|ulaşım","Ulaşım Dairesi Başkanlığı","https://data.ibb.gov.tr/dataset/ulasim-yonetim-merkezi-trafik-duyuru-verisi"
"ed3160cd-1756-40c7-9063-c3306ba71b06","gunluk-arac-sayimi","Günlük Araç Sayımı","Veri seti, 2016 yılından itibaren günlük sensör bazlı araç sayım verilerini içermektedir.","5.06.2020 11:24:15","7.03.2025 12:22:58","5","Mobilite","araç|araç sayımı|günlük|mekansal veri|sensör|sensör bazlı","Ulaşım Dairesi Başkanlığı","https://data.ibb.gov.tr/dataset/gunluk-arac-sayimi"
"43e0cddc-8dda-4350-b011-01e02157f577","istanbul-deniz-yuzeyinden-temizlenen-atik-verileri","İstanbul Deniz Yüzeyinden Temizlenen Atık Verileri","Veri seti, İstanbul genelinde deniz yüzeyinden temizlenen m3 ve kg cinsinden aylık atık verilerini içermektedir.","11.02.2022 14:56:17","7.03.2025 11:54:25","1","Çevre","atık|deniz|istaç|yüzey|çöp","İstanbul İstatistik Ofisi","https://data.ibb.gov.tr/dataset/istanbul-deniz-yuzeyinden-temizlenen-atik-verileri"
"2517e6fd-7608-49c7-b7c4-7185bb8edc7a","rayli-sistemlere-ait-tamamlanmis-santiye-bilgileri","Completed Site Information For Rail Systems","Contains completed site Information for Rail Systems. The data includes the start and end dates of the construction sites.
","14.01.2020 06:59:32","7.03.2025 07:17:35","1","Mobilite","Metro İstanbul|hat|raylı sistemler|tamamlanmış|ulaşım|şantiye|şantiye başlangıç|şantiye bitiş","Metro Istanbul","https://data.ibb.gov.tr/dataset/rayli-sistemlere-ait-tamamlanmis-santiye-bilgileri"
"3a184554-636b-4e76-b7bb-278181588ee3","rayli-sistemlere-ait-hat-uzunluk-bilgileri","Line Length Information of Rail Systems","Contains information about the length of the rail system lines in Istanbul.
","14.01.2020 07:03:23","7.03.2025 07:16:39","1","Mobilite","Metro İstanbul|hat|metre|mobilite|raylı sistemler|ulaşım|uzunluk","Metro Istanbul","https://data.ibb.gov.tr/dataset/rayli-sistemlere-ait-hat-uzunluk-bilgileri"
"366f381b-479f-44e2-9c1e-b48f1e096e44","rayli-sistemlere-ait-aktarma-bilgileri","Information on Transfer of Rail Systems","Contains information on the transfer of rail system lines in Istanbul.
","14.01.2020 07:05:18","7.03.2025 07:16:04","1","Mobilite","ID|Metro İstanbul|aktarma|hat|mobilite|raylı sistemler|ulaşım","Metro Istanbul","https://data.ibb.gov.tr/dataset/rayli-sistemlere-ait-aktarma-bilgileri"
"1bb9cfd6-532e-4330-926e-8558bbc21c0b","rayli-sistemler-vagon-kilometre-bilgileri","Rail Systems Wagon Mileage Information","It contains the wagon mileage information of the rail system lines in Istanbul. Monthly data included.","10.01.2020 11:17:16","7.03.2025 07:15:35","1","Mobilite","kilometre|mobilite|raylı sistemler|ulaşım|vagon","Metro Istanbul","https://data.ibb.gov.tr/dataset/rayli-sistemler-vagon-kilometre-bilgileri"
"321aa12d-a388-4c61-b915-522730b8230a","rayli-sistemler-hat-bazli-sefer-sayilari","RAIL SYSTEMS LINE BASED FLIGHT NUMBERS","It contains the data of the voyage numbers of the rail system lines in Istanbul. The data are monthly data.","10.01.2020 10:56:43","7.03.2025 07:14:51","1","Mobilite","Metro İstanbul|hat|mobilite|raylı sistemler|sefer|ulaşım","Metro Istanbul","https://data.ibb.gov.tr/dataset/rayli-sistemler-hat-bazli-sefer-sayilari"
"85de6e19-19c9-4225-a8f4-a59784100c34","rayli-sistemler-gunluk-aylik-yillik-vagon-kilometre-bilgileri","Rail Systems Daily, Monthly, Annual Wagon Kilometer Information","Contains the wagon mileage information of the rail system lines in Istanbul. Daily, monthly and yearly data included.","10.01.2020 10:48:07","7.03.2025 07:14:16","1","Mobilite","Metro İstanbul|aylık|günlük|kilometre|mobilite|periyot|raylı sistemler|ulaşım|vagon|yıllık","Metro Istanbul","https://data.ibb.gov.tr/dataset/rayli-sistemler-gunluk-aylik-yillik-vagon-kilometre-bilgileri"
"75781666-deae-4b93-9e0c-a4871f7202de","rayli-sistemler-gunluk-aylik-yillik-hat-bazli-sefer-sayilari","Raylı Sistemler Günlük, Aylık, Yıllık Hat Bazlı Sefer Sayıları","İstanbul'da bulunan raylı sistem hatlarının sefer sayılarına ait verileri içermektedir. Veriler günlük, aylık ve yıllık formattadır.","10.01.2020 10:26:41","7.03.2025 07:13:38","1","Mobilite","Metro İstanbul|aylık|günlük|hat|mobilite|raylı sistemler|sefer|ulaşım|yıllık","Metro Istanbul","https://data.ibb.gov.tr/dataset/rayli-sistemler-gunluk-aylik-yillik-hat-bazli-sefer-sayilari"
"2d38af5b-0453-481b-9e5f-2872efdd1edd","istanbul-da-devredilen-sozlesmeli-iskeleler","Contracted Piers Transferred in Istanbul","This dataset includes the locations of the piers, which were given to the Şehir Hatları by the decision of the IMM assembly, but whose users are other cooperatives (Dentur, Turyol, Mavi Marmara, etc.).","17.11.2021 05:48:20","5.03.2025 07:43:07","1","Mobilite","devredilen|devredilen iskele|istanbul|sözleşmeli|sözleşmeli iskele|şehir hatları|şehir hatları iskeleleri","Şehir Hatları Inc.","https://data.ibb.gov.tr/dataset/istanbul-da-devredilen-sozlesmeli-iskeleler"
"b47b5391-bcca-4bb3-a575-8ece68901d5d","istanbul-sehir-hatlari-iskeleleri","İstanbul Şehir Hatları İskeleleri","Bu veri kümesi İstanbul'da yer alan ve Şehir Hatları tarafından işletilmekte olan iskelelerin konumlarını içermektedir.","17.11.2021 05:41:00","5.03.2025 07:41:39","1","Mobilite","iskele|istanbul|şehir hatları|şehir hatları iskeleleri","Şehir Hatları Inc.","https://data.ibb.gov.tr/dataset/istanbul-sehir-hatlari-iskeleleri"
"9689a953-e9b9-44f7-a5c4-8319bd49138e","istanbul-mekanik-supurme-ve-mekanik-yikama-faaliyetleri","Istanbul, Mechanical Sweeping and Mechanical Washing Activities","These are monthly data sets for the dates 2019-2024, which include Mechanical Sweeping and Mechanical Washing Activities in Istanbul, in m2.","13.02.2022 18:09:57","5.03.2025 07:19:46","1","Çevre","mekanik süpürme|mekanik yıkama|süpürme|temizlik|yıkama","İstanbul İstatistik Ofisi","https://data.ibb.gov.tr/dataset/istanbul-mekanik-supurme-ve-mekanik-yikama-faaliyetleri"
"71c4cccd-045c-43eb-bbc5-327f99657f7e","istanbul-buyuksehir-belediyesi-encumen-gundemleri","İstanbul Büyükşehir Belediyesi Encümen Gündemleri","Bu veri kümesi İstanbul Büyükşehir Belediyesi Encümen toplantısında karara bağlanan tekliflerin içerik olarak türlere göre dağılımını ve adetlerini içermektedir. ","12.10.2021 08:15:06","4.03.2025 08:42:07","2","Governance","encümen|encümen toplantısı|gündem|karar|toplantı","Yazı İşleri ve Kararlar Dairesi Başkanlığı","https://data.ibb.gov.tr/dataset/istanbul-buyuksehir-belediyesi-encumen-gundemleri"
"79460581-f39d-4421-ae46-30303a95619f","degisken-mesaj-panolarinda-gosterilen-yogunluk-verisi","Değişken Mesaj Panolarında Gösterilen Bilgiler","İstanbul'da yer alan değişken mesaj panolarında gösterilen bilgileri içerir. Veri  Değişken Mesaj Panolarında yayınlanan tüm seyahat süresi mesajlarını (dakika cinsinden) ve her saat için her rotadan bir mesaj içerecek şekilde üretilmiştir.

__Bu veri güncellenmeyecektir.__","13.01.2020 12:31:58","3.03.2025 06:09:08","1","Mobilite","değişken|değişken mesaj panosu|mobilite|pano|ulaşım|yoğunluk","Ulaşım Dairesi Başkanlığı","https://data.ibb.gov.tr/dataset/degisken-mesaj-panolarinda-gosterilen-yogunluk-verisi"
"e5c51f79-6af0-4e4a-943d-fb6c787a80b8","istanbul-icin-ilcelere-gore-mekanik-yikama-arac-sayilari","İstanbul İçin İlçelere Göre Mekanik Yıkama Araç Sayıları","Bu veri seti İstanbul için İlçelere Göre Mekanik Yıkama Araç Sayıları verisini içermektedir.
","13.02.2022 20:38:46","28.02.2025 07:31:38","1","Mobilite|Çevre","araç|mekanik yıkama|yıkama","İstanbul İstatistik Ofisi","https://data.ibb.gov.tr/dataset/istanbul-icin-ilcelere-gore-mekanik-yikama-arac-sayilari"
"2bd74f7f-abc6-4418-a0a0-5d38ceff916f","istanbul-cop-gazindan-uretilen-enerji-miktarlari","İstanbul Çöp Gazından Üretilen Enerji Miktarları","Veri seti, İstanbul genelinde tesis başına çöp gazından üretilen aylık enerji miktarı (mwh) verilerini içermektedir.","11.02.2022 13:43:29","24.02.2025 10:41:02","1","Enerji|Çevre","enerji|gaz|istaç|çöp","İstanbul İstatistik Ofisi","https://data.ibb.gov.tr/dataset/istanbul-cop-gazindan-uretilen-enerji-miktarlari"
"578eb4aa-ac53-4e60-af3c-07ebf107bc73","belnet-sube-ve-uye-sayisi","Number of Belnet branches and members","Includes the number of belnet branches and people who are members of these branches by year.

__As of 12.08.2024, all Belnet branches are closed to service.__","16.03.2020 10:06:31","24.02.2025 10:26:42","1","Yaşam|İnsan","belnet|kullanıcı|üye|şube","Destek Hizmetleri Dairesi Başkanlığı","https://data.ibb.gov.tr/dataset/belnet-sube-ve-uye-sayisi"
"7fc65a18-4ec7-4551-b2a8-15da57d81e86","kadin-dayanisma-evlerinden-destek-alan-kisi-sayilari","Number of People Receiving Support from Women's Solidarity Houses","This data set includes the number of women and children receiving support from Women's Solidarity Houses within IMM.

__As of July 2024, the Women's Solidarity House started to operate as a Women's Guesthouse with the opening ceremony given by the General Directorate on the Status of Women of the Ministry of Family and Social Services. Women and their companions are admitted to the guesthouse through the Violence Prevention and Monitoring Center (ŞÖNİM) of the Ministry of Family and Social Services. Data books are protected by the Ministry of Family and Social Services.__

__This dataset will no longer be updated.__","16.11.2023 11:40:34","24.02.2025 06:08:22","1","Yaşam","dayanışma|kadın|sığınma|çocuk","Sosyal Hizmetler Dairesi Başkanlığı","https://data.ibb.gov.tr/dataset/kadin-dayanisma-evlerinden-destek-alan-kisi-sayilari"
"c4531f3f-4d58-4e67-8b19-cdb9885550aa","metro-ve-tramvay-araclarinin-ozellikleri","Metro Ve Tramvay Araçlarının Özellikleri","Hafif Metro (LRT), Metro Ve Tramvay araçlarının üretici firma, ağırlık, yolcu kapasitesi, hızlanma ve frenleme ivmesi vb. özelliklerinin karşılaştırıldığı veri setidir.","6.02.2025 07:43:39","17.02.2025 11:17:24","1","Enerji","Metro İstanbul|metro|subway|tramvay","Metro Istanbul","https://data.ibb.gov.tr/dataset/metro-ve-tramvay-araclarinin-ozellikleri"
"c7b49f3c-fe48-420d-b850-37a3570429a6","isgucune-dahi-olmayan-gruplarin-verisi","Data on Groups Not Included in Labor Force","This data set includes the data of groups not included in the labour force in Istanbul and Turkey as of 2014.","6.09.2024 14:41:05","7.02.2025 11:57:47","1","Ekonomi","","TÜİK","https://data.ibb.gov.tr/dataset/isgucune-dahi-olmayan-gruplarin-verisi"
"4752e87b-8f7e-459f-a7b7-65defdfbe661","istihdam-verileri","Employment Data","This dataset includes employment data for Istanbul and Turkey as of 2014.This dataset includes employment data for Istanbul and Turkey as of 2014.","6.09.2024 14:41:15","7.02.2025 11:52:05","1","Ekonomi","","TÜİK","https://data.ibb.gov.tr/dataset/istihdam-verileri"
"5cb85dce-dabf-494c-9447-f26c87d55802","sen-oku-diye-egitim-destek-paketi-verisi","Sen Oku Diye Eğitim Destek Paketi Verisi","Bu veri seti İBB tarafından 2021 yılı itibarıyla öğrencilere verilen eğitim desteği paketi bilgisini içermektedir.

[Sen Oku Diye Genel Koşullar]( https://senokudiye.ibb.istanbul/GenelKosullar.aspx)","4.02.2025 11:38:17","7.02.2025 07:31:24","1","İnsan","district|education|rehabilitation|scholarship|support","Sosyal Hizmetler Dairesi Başkanlığı","https://data.ibb.gov.tr/dataset/sen-oku-diye-egitim-destek-paketi-verisi"
"8badf78e-2307-46cb-b3a1-83fc4e5d804a","genc-universiteli-egitim-yardimi-veri-seti","Genç Üniversiteli Eğitim Yardımı Veri Seti","Bu veri setinde, __İstanbul Büyük Şehir Belediyesi__ tarafından  __2019__ yılından itibaren dönemlik yardım yapılan Üniversite Öğrencilerine ait bilgiler bulunmaktadır.","16.11.2020 18:41:57","4.02.2025 15:19:11","1","İnsan","district|education|scholarship|support|university","Sosyal Hizmetler Dairesi Başkanlığı","https://data.ibb.gov.tr/dataset/genc-universiteli-egitim-yardimi-veri-seti"
"2d6ec648-cdc2-49cd-991e-13a2dd540ef4","metro-hatlari-enerji-tuketimi","Metro Lines Energy Consumption","It is a data set containing the amount of energy consumed by metro lines in 1 day and 100 km in kWh.","22.01.2025 12:43:49","27.01.2025 08:16:53","1","Enerji","Metro İstanbul|enerji|metro|subway","Metro Istanbul","https://data.ibb.gov.tr/dataset/metro-hatlari-enerji-tuketimi"
"e64e3738-fa57-411e-8fd0-4d1d1699b3cb","istanbulsenin-kullanim-sikligi","İstanbul Senin Uygulaması Kullanım Sıklığı","Bu veri seti İstanbul Senin Uygulaması içerisinde yer alan miniapplerin kullanım sıklığı verilerini içerir.","16.09.2024 19:53:06","4.01.2025 21:56:20","1","Bilgi ve İletişim Teknolojileri","istanbulsenin|kullanım","Department of Information Technologies","https://data.ibb.gov.tr/dataset/istanbulsenin-kullanim-sikligi"
"31b63e82-3997-46ef-82af-e8503728ffc6","istanbul-senin-uygulamasinda-kayitli-aktif-kullanici-sayisi","İstanbul Senin Uygulamasında Kayıtlı Aktif Kullanıcı Sayısı","Bu veri seti İstanbul senin uygulamasında kayıtlı olup son altı ayda uygulama içerisinde hareketi olan kullanıcıların toplam sayısını ifade eder.

__İstanbul Senin Uygulaması, 24.05.2021 tarihinde yayına alındığından 2021 yılı 2.periyod itibariyle veri seti oluşturulmuştur. __

__Veri seti altı ayda bir güncellenmektedir.__","23.12.2024 06:20:39","2.01.2025 07:57:01","1","Bilgi ve İletişim Teknolojileri","istanbulsenin|uygulama","Department of Information Technologies","https://data.ibb.gov.tr/dataset/istanbul-senin-uygulamasinda-kayitli-aktif-kullanici-sayisi"
"dbbdaef6-d01b-4ee7-802b-567571aab4e5","ekonomik-faaliyetlere-gore-dis-ticaret-verisi","Ekonomik Faaliyetlere Göre Dış ticaret Verisi","Bu veri seti 2002 yılı itibariyle İstanbul ve Türkiye geneli dolar bazında ekonomik faaliyetlere göre dış ticaret verilerini içermektedir.","6.09.2024 14:40:52","23.12.2024 11:13:08","1","Ekonomi","dış ticaret|ekonomik faaliyet","TÜİK","https://data.ibb.gov.tr/dataset/ekonomik-faaliyetlere-gore-dis-ticaret-verisi"
"f5c2ecb9-a9ee-43e6-8cc3-fb8a938e2ac5","issizlik-verileri","İşsizlik Verileri","Bu veri seti 2014 yılı itibaiyle İstanbul ve Türkiye geneli İşsizlik verilerini içermektedir.","6.09.2024 14:41:11","23.12.2024 07:50:44","1","Ekonomi","unemployment","TÜİK","https://data.ibb.gov.tr/dataset/issizlik-verileri"
"f9a6f1a3-12cd-45c2-9510-f42bf12bcffe","issizlik-odenegi-verileri","İşsizlik Ödeneği Verileri","Bu veri seti 2017 yılı itibaiyle İstanbul ve Türkiye geneli İşsizlik ödeneği verilerini  içermektedir.","6.09.2024 14:41:09","17.12.2024 11:56:31","1","Ekonomi","allowance|unemployment","TÜİK","https://data.ibb.gov.tr/dataset/issizlik-odenegi-verileri"
"1d15475c-e507-45b8-bfba-9f459b9a1f6c","istanbul-bireysel-bankacilik-verileri","Istanbul Retail Banking Data","This data set includes Istanbul retail banking data as of 2007.","6.09.2024 14:41:13","17.12.2024 11:45:37","1","Ekonomi","bankacılık|bireysel|istanbul","BDDK ","https://data.ibb.gov.tr/dataset/istanbul-bireysel-bankacilik-verileri"
"596a745e-1875-4e53-9b87-ad1540b8b1df","fasillara-goe-dis-ticaret-rakamlari-verisi","Foreign Trade Figures by Chapters","This data set includes foreign trade figures for Istanbul and Turkey in dollar terms as of 1996.","6.09.2024 14:40:56","17.12.2024 11:43:18","1","Ekonomi","dış ticaret|fasıl","TÜİK","https://data.ibb.gov.tr/dataset/fasillara-goe-dis-ticaret-rakamlari-verisi"
"0df825cb-728e-46db-b5f7-dda913676afd","merkezi-yonetim-butce-gelir-ve-gider-karsilastirma-verileri","Central Government Budget Revenue and Expenditure Comparison Data","This dataset includes central government accrual, expenditure and collection data for Istanbul and Turkey in TL terms as of 2023.","21.11.2024 16:37:57","17.12.2024 11:40:21","1","Ekonomi","bütçe gelir|bütçe gider|merkezi yönetim","T.C. Hazine ve Maliye Bakanlığı","https://data.ibb.gov.tr/dataset/merkezi-yonetim-butce-gelir-ve-gider-karsilastirma-verileri"
"288f8447-953a-4c81-b422-de9cb3366609","isgucu-verileri","Labor Data","This dataset includes labor force data for Istanbul and Turkey as of 2014.","21.11.2024 16:37:59","17.12.2024 11:21:52","1","Ekonomi","işgücü","TÜİK","https://data.ibb.gov.tr/dataset/isgucu-verileri"
"f16f785e-ce42-4751-8864-b094b0503536","istanbul-ili-turizm-isletme-belgeli-konaklama-tesisleri-istatistikleri","Istanbul Province Tourism Business Certified Accommodation Facilities Statistics","This dataset includes statistics on occupancy rate, overnight stay, average length of stay and number of arrivals in tourism certified accommodation facilities in Istanbul.","21.11.2024 16:38:27","27.11.2024 10:37:36","1","Yaşam","doluluk oranı|geceleme|konaklama|tesis|turizm","Kültür ve Turizm Bakanlığı","https://data.ibb.gov.tr/dataset/istanbul-ili-turizm-isletme-belgeli-konaklama-tesisleri-istatistikleri"
"4b84dc0d-c54f-40f5-ad46-7a4aeb9b357c","turkiye-olceginde-havalimanlarindaki-ucus-sayisi","Türkiye Ölçeğinde Havalimanlarındaki Uçuş Sayısı","Bu veri seti Türkiye'deki tüm havalimanlarının iç ve dış hat kırılımında uçuş sayısı verisini içermektedir.","21.11.2024 16:38:24","27.11.2024 10:34:57","1","Yaşam","havalimanı|uçuş","Devlet Hava Meydanları İşletmesi ","https://data.ibb.gov.tr/dataset/turkiye-olceginde-havalimanlarindaki-ucus-sayisi"
"4904023a-a3db-4ae7-bb7f-11aad0dbe00d","turkiye-olceginde-havalimanlarinin-aylik-ticari-ucus-sayisi","Number of Monthly Commercial Flights of Airports in Turkey","This dataset contains the monthly number of commercial flights of Turkish airports in domestic and international flights.","21.11.2024 16:38:22","27.11.2024 10:34:23","1","Yaşam","aylık|havalimanı|ticari|uçuş","Devlet Hava Meydanları İşletmesi ","https://data.ibb.gov.tr/dataset/turkiye-olceginde-havalimanlarinin-aylik-ticari-ucus-sayisi"
"cbae904d-dcf1-4059-b1db-260fe747fe79","milliyetlerine-gore-istanbul-a-gelen-yabanci-turist-sayisi","Number of Foreign Tourists Visiting Istanbul by Nationality","This dataset contains data on the number of foreign tourists visiting Istanbul by nationality.","21.11.2024 16:38:18","27.11.2024 10:32:44","1","Yaşam","turist|yabancı","Kültür ve Turizm Bakanlığı","https://data.ibb.gov.tr/dataset/milliyetlerine-gore-istanbul-a-gelen-yabanci-turist-sayisi"
"db8df085-6c14-41db-a410-20975caa79b5","turkiye-ve-istanbul-olceginde-belge-turlerine-gore-tesis-istatistikleri","Facility Statistics by Document Types in Turkey and Istanbul","This dataset includes data on the number of facilities, rooms and beds in Turkey and Istanbul according to whether the facility has a Simple (Ministry) Certificate, a Municipal Certificate, a Tourism Management (Ministry) Certificate or a Tourism Investment (Ministry) Certificate.","21.11.2024 16:38:16","27.11.2024 10:29:21","1","Yaşam","tesis|turizm","Kültür ve Turizm Bakanlığı","https://data.ibb.gov.tr/dataset/turkiye-ve-istanbul-olceginde-belge-turlerine-gore-tesis-istatistikleri"
"0f5251da-afac-4bda-8faf-549050b361a7","istanbul-havalimanlari-aylik-yuk-trafigi","Istanbul Airports Monthly Freight Traffic","This dataset includes monthly freight traffic data of Istanbul airports for domestic and international routes.","21.11.2024 16:38:12","27.11.2024 08:39:28","1","Yaşam","aylık|dış hat|havalimanı|iç hat|yük trafiği","Kültür ve Turizm Bakanlığı","https://data.ibb.gov.tr/dataset/istanbul-havalimanlari-aylik-yuk-trafigi"
"d92c2b27-a3c4-4017-aef3-925ddb78587e","turkiye-olceginde-havalimanlarinin-aylik-yolcu-sayisi","Türkiye Ölçeğinde Havalimanlarının Aylık Yolcu Sayısı","Bu veri seti Türkiye'deki havalimanlarının iç ve dış hat kırılımında aylık taşıdığı yolcu sayısı verisini içermektedir.","21.11.2024 16:38:06","27.11.2024 08:37:49","1","Yaşam","aylık|dış hat|havalimanı|iç hat|yolcu sayısı","Devlet Hava Meydanları İşletmesi ","https://data.ibb.gov.tr/dataset/turkiye-olceginde-havalimanlarinin-aylik-yolcu-sayisi"
"4c58871f-2eea-4753-8690-2d5e66e83d8d","turkiye-olceginde-havalimanlarinin-aylik-tasidigi-yuk-miktari","Monthly Cargo Carried by Airports in Turkey","This dataset contains monthly data on the amount of cargo carried by airports in Turkey for both domestic and international routes.","21.11.2024 16:38:04","27.11.2024 08:36:48","1","Yaşam","aylık|dış hat|havalimanı|iç hat|miktar|yük","Devlet Hava Meydanları İşletmesi ","https://data.ibb.gov.tr/dataset/turkiye-olceginde-havalimanlarinin-aylik-tasidigi-yuk-miktari"
"eed05b14-a829-4a58-9c0f-86e57e1f472a","turkiye-ve-istanbul-olceginde-gelen-yabanci-ziyaretci-sayisi","Number of Foreign Visitors in Turkey and Istanbul","This dataset includes data on the number of foreign visitors to Turkey and Istanbul.","21.11.2024 16:38:01","27.11.2024 08:31:18","1","Yaşam","yabancı|ziyaretçi","Kültür ve Turizm Bakanlığı","https://data.ibb.gov.tr/dataset/turkiye-ve-istanbul-olceginde-gelen-yabanci-ziyaretci-sayisi"
"1c2b5aba-653b-469e-95cf-f49502322e17","cankurtaran-verisi","Lifeboat Dataset","This data set includes the Istanbul Metropolitan Municipality connection lifeguard parts and their locations.","19.11.2024 10:58:57","26.11.2024 08:55:12","1","Security","cankurtaran|güvenlik|konum|mekansal veri|sahil|spatial data","İtfaiye Dairesi Başkanlığı","https://data.ibb.gov.tr/dataset/cankurtaran-verisi"
"824406c5-a241-49b1-b106-24f8a5e8969f","iett-ibb360-web-servisi","İETT Yolculuk ve Sefer Bilgileri Web Servisi","Yolculuk ve sefer bilgileri için ihtiyaç olan verileri barındırmaktadır.","13.07.2020 10:05:13","15.11.2024 22:24:30","3","Mobilite","web servis|İETT","İETT","https://data.ibb.gov.tr/dataset/iett-ibb360-web-servisi"
"be3582eb-09d7-42f8-84d3-b3817dc9ab0a","mahalle-bazli-bina-analiz-verisi","Neighborhood-Based Building Numbers","This dataset was categorized according to the year of construction and the number of floors as before 1980, between 1980-2000 and after 2000, and as 1-4 floors, 5-9 floors and 9-19 floors, using the existing MAKS data as a base in 2016-2017. Since the project purpose is to estimate possible damage and losses, it was created by taking into account the dynamics that could be taken as a reference in that period, since Istanbul has a constantly renewed and changing building inventory.","16.01.2021 16:18:29","13.11.2024 11:13:48","1","Yaşam","analiz|bina|bina analiz|bina sayısı|bina yaşı|güvenlik|mahalle","Department of Earthquake Risk Management and Urban Improvement","https://data.ibb.gov.tr/dataset/mahalle-bazli-bina-analiz-verisi"
"3e32bb5d-2936-41eb-bdc7-65b843487e99","sefer-gerceklesme-web-servisi","IETT Journey Web Service","Instant journey realization rates of IETT are shared with this web service.","13.01.2020 13:30:25","6.11.2024 08:19:09","3","Mobilite","ibb|iett|sefer|web servis","İETT","https://data.ibb.gov.tr/dataset/sefer-gerceklesme-web-servisi"
"542d0059-87c5-43f3-96e1-5b7bdd3ea4b8","iett-planlanan-sefer-saati-web-servisi","IETT Planned Time Web Service","With this web service, data on the departure times from the main stops of a line can be accessed.
","4.02.2020 05:52:02","6.11.2024 08:18:16","3","Mobilite","planlanan|saat|sefer|sefer saati|servis|web|web servis|İETT","İETT","https://data.ibb.gov.tr/dataset/iett-planlanan-sefer-saati-web-servisi"
"ef4af051-c1ab-429e-8ff6-f7ba5bdb796e","iett-duyurular-web-servisi","IETT Announcements Web Service","Instant announcement information about the IETT lines is shared with this web service.","13.01.2020 11:00:07","6.11.2024 08:15:59","3","Mobilite","duyurular|iett|web servis","İETT","https://data.ibb.gov.tr/dataset/iett-duyurular-web-servisi"
"ddd25aa6-260e-49e5-9c92-c15984275e4b","iett-arac-ozellikleri-web-servisi","IETT Vehicle Features Web Service"," The total fuel consumption of IETT vehicles per liter is shared with this web service.","4.03.2020 08:37:27","6.11.2024 08:13:30","3","Enerji|Mobilite","akaryakıt|enerji|iett|litre|servis|web|web servis","İETT","https://data.ibb.gov.tr/dataset/iett-arac-ozellikleri-web-servisi"
"14b393d0-9c42-4115-a6e4-2591866ad7cb","ulasim-sanat-yapilari-veri-seti","Ulaşım Sanat Yapıları Veri Seti","Veri seti içerisinde; istinat duvarları, alt geçitleri, üst geçitleri, köprüleri, tünelleri, viyadükleri ve menfezleri ile bu yapıların türlerini ve adreslerini mekansal veri formatında içerir.","23.10.2024 08:15:00","23.10.2024 09:59:23","1","Mobilite","altgeçit|geçit|köprü|tünel|ulaşım sanat yapıları|viyadük|üstgeçit","Ulaşım Dairesi Başkanlığı","https://data.ibb.gov.tr/dataset/ulasim-sanat-yapilari-veri-seti"
"71bbb04e-b7ed-4b8d-b536-4c2ebba49bbd","isgucu-genel-verileri","Labour Force General Data","This data set includes general labour force data for Istanbul and Turkey as of 2014.","6.09.2024 14:41:02","30.09.2024 20:14:00","1","Ekonomi","","TÜİK","https://data.ibb.gov.tr/dataset/isgucu-genel-verileri"
"23de48a0-e55f-4f62-83ed-31580f3ef5d5","genis-tanimli-issizlik-verileri","Broadly Defined Unemployment Data","This data set includes unemployment data for Istanbul and Turkey as of 2014.","6.09.2024 14:41:00","30.09.2024 20:14:00","1","Ekonomi","","TÜİK","https://data.ibb.gov.tr/dataset/genis-tanimli-issizlik-verileri"
"0a1fe383-c9ae-4fb3-a8ed-7b73dbb18835","genel-butce-vergi-gelir-tahakkuk-ve-tahsilati-verileri","General Budget Tax Revenue Accrual and Collection Data","This dataset includes the budget tax revenue accrual and collection data for Istanbul and Turkey as of 2017 on a monthly tl basis.","6.09.2024 14:40:58","30.09.2024 20:13:59","1","Ekonomi","","T.C. Hazine ve Maliye Bakanlığı","https://data.ibb.gov.tr/dataset/genel-butce-vergi-gelir-tahakkuk-ve-tahsilati-verileri"
"76a81193-06dc-4fbf-9200-93a5ae1ec73d","faaliyete-gore-mukellef-sayilari-verisi","Number of Taxpayers by Activity","This dataset includes data on the number of taxpayers according to income types in Istanbul and Turkey as of 2001.","6.09.2024 14:40:54","30.09.2024 20:13:57","1","Ekonomi","","Gelir İdaresi Başkanlığı","https://data.ibb.gov.tr/dataset/faaliyete-gore-mukellef-sayilari-verisi"
"1464aecd-5179-4a88-b11c-1306b3388ca9","turkiye-ve-istanbul-olceginde-konut-birim-fiyatlari","Türkiye ve İstanbul Ölçeğinde Konut Birim Fiyatları","Bu veri seti Türkiye ve İstanbul ölçeğinde konut birim fiyatları verisini içermektedir.","6.09.2024 14:40:12","30.09.2024 11:11:48","1","Yaşam","","TCMB Elektronik Veri Dağıtım Sistemi","https://data.ibb.gov.tr/dataset/turkiye-ve-istanbul-olceginde-konut-birim-fiyatlari"
"c3cd0a36-a26a-47a0-8237-3ff5c8dc5141","turkiye-ve-istanbul-olceginde-ilk-ve-ikinci-el-konut-satis-adedi","Türkiye ve İstanbul Ölçeğinde İlk ve İkinci El Konut Satış Adedi","Bu veri seti Türkiye ve İstanbul ölçeğinde ilk ve ikinci el konut satış adedi verisini içermektedir.","6.09.2024 14:40:14","30.09.2024 11:10:32","1","Yaşam","","TCMB Elektronik Veri Dağıtım Sistemi","https://data.ibb.gov.tr/dataset/turkiye-ve-istanbul-olceginde-ilk-ve-ikinci-el-konut-satis-adedi"
"b02f4489-e125-4e83-abe5-695bc6e09045","turkiye-ve-istanbul-olceginde-yabancilara-satilan-konut-adedi","Türkiye ve İstanbul Ölçeğinde Yabancılara Satılan Konut Adedi","Bu veri seti Türkiye ve İstanbul ölçeğinde yabancılara satılan konut sayısı verisini içermektedir.","6.09.2024 14:40:16","30.09.2024 11:08:30","1","Yaşam","","TCMB Elektronik Veri Dağıtım Sistemi","https://data.ibb.gov.tr/dataset/turkiye-ve-istanbul-olceginde-yabancilara-satilan-konut-adedi"
"22b7536e-689e-4c89-b73a-d2799e821fc4","turkiye-ve-istanbul-olceginde-yapi-ruhsatina-ve-yapi-kullanma-izin-belgesine-gore-veriler","Türkiye ve istanbul Ölçeğinde Yapı Ruhsatına ve Yapı Kullanma İzin Belgesine Göre Veriler","Bu veri seti Türkiye ve İstanbul ölçeğinde yapı ruhsatına ve yapı kullanma izin belgesine göre çeşitli verileri içermektedir.","6.09.2024 14:40:18","30.09.2024 11:07:36","1","Yaşam","","TCMB Elektronik Veri Dağıtım Sistemi","https://data.ibb.gov.tr/dataset/turkiye-ve-istanbul-olceginde-yapi-ruhsatina-ve-yapi-kullanma-izin-belgesine-gore-veriler"
"b0962c52-44f3-43e0-b5c7-abee34c655b6","turkiye-ve-istanbul-olceginde-yeni-ve-yeni-olmayan-konut-fiyat-endeksi","Türkiye ve İstanbul Ölçeğinde Yeni ve Yeni Olmayan Konut Fiyat Endeksi","Bu veri seti Türkiye ve İstanbul ölçeğinde yeni ve yeni olmayan konut fiyat endeksi verisini içermektedir.","6.09.2024 14:40:20","30.09.2024 11:06:12","1","Yaşam","","TCMB Elektronik Veri Dağıtım Sistemi","https://data.ibb.gov.tr/dataset/turkiye-ve-istanbul-olceginde-yeni-ve-yeni-olmayan-konut-fiyat-endeksi"
"0687db18-9735-4abe-bec8-8a8fa3f29133","bolge-bazli-elektrik-tuketimi","Bölge Bazlı Elektrik Tüketimi","Bölge bazlı elektrik tüketimini içeren veri setidir.","6.09.2024 14:40:22","30.09.2024 11:05:05","1","Çevre","","EPDK","https://data.ibb.gov.tr/dataset/bolge-bazli-elektrik-tuketimi"
"0dad11b2-036b-4331-ab04-fb5f477b819e","dagitim-bolgelerine-gore-elektrik-abone-sayisi","Dağıtım Bölgelerine Göre Elektrik Abone Sayısı","Dağıtım bölgelerine göre elektrik abone sayılarını içeren veri setidir.","6.09.2024 14:40:24","30.09.2024 11:04:15","1","Çevre","","EPDK","https://data.ibb.gov.tr/dataset/dagitim-bolgelerine-gore-elektrik-abone-sayisi"
"c22e0949-d9bd-41e2-b7c5-3a64eed12872","donemler-arasi-sektorel-dogalgaz-tuketimi","Dönemler Arası Sektörel Doğalgaz Tüketimi","Dönemler arası sektörel doğalgaz tüketimini içeren veri setidir.","6.09.2024 14:40:26","30.09.2024 11:03:34","1","Çevre","","EPDK","https://data.ibb.gov.tr/dataset/donemler-arasi-sektorel-dogalgaz-tuketimi"
"fae967d3-210c-4cdb-9d64-995b3059ae1d","faturalanan-elektrik-tuketiminin-dagitim-bolgesi-bazinda-dagilimi","Faturalanan Elektrik Tüketiminin Dağıtım Bölgesi Bazında Dağılımı","Faturalanan elektrik tüketiminin dağıtım bölgesi bazında dağılımını içeren veri setidir.","6.09.2024 14:40:29","30.09.2024 11:01:23","1","Çevre","","EPDK","https://data.ibb.gov.tr/dataset/faturalanan-elektrik-tuketiminin-dagitim-bolgesi-bazinda-dagilimi"
"91b31f34-47d9-4660-8857-e31c3176d0e0","faturalanan-elektrik-tuketiminin-tuketim-turu-bazinda-dagilimi","Faturalanan Elektrik Tüketiminin Tüketim Türü Bazında Dağılımı","Faturalanan elektrik tüketiminin tüketim türü bazında dağılımını içeren veri setidir.","6.09.2024 14:40:31","30.09.2024 10:59:38","1","Çevre","","EPDK","https://data.ibb.gov.tr/dataset/faturalanan-elektrik-tuketiminin-tuketim-turu-bazinda-dagilimi"
"f4b1bff4-5b8b-4a46-8784-2296b0e96b63","istanbul-ili-gelen-ve-giden-yolcu-sayisi","İstanbul İli Gelen ve Giden Yolcu Sayısı","Bu veri seti İstanbul ili gelen ve giden yolcuların Türk vatandaşı veya yabancı olma durumu, çıkış ve girişlerin hangi havalimanı veya liman/sınır kapısından yapıldığı ve ziyaretçi sayısı verilerini içermektedir","6.09.2024 14:41:18","17.09.2024 12:06:52","1","Yaşam","","Kültür ve Turizm Bakanlığı","https://data.ibb.gov.tr/dataset/istanbul-ili-gelen-ve-giden-yolcu-sayisi"
"16a8f9ca-ecb6-4647-b224-647b9fdd0c16","istanbul-genel-butce-gelirlerinin-tahsilati","İstanbul Genel Bütçe Gelirlerinin Tahsilatı","Bu veri seti 2017 yılı itibariyle İstanbul Genel Bütçe Gelirlerinin Tahsilat verilerini içermektedir","6.09.2024 14:40:46","17.09.2024 09:33:57","1","Ekonomi","","T.C. Hazine ve Maliye Bakanlığı","https://data.ibb.gov.tr/dataset/istanbul-genel-butce-gelirlerinin-tahsilati"
"947c0ca5-078b-4b4d-a1d7-7ad5c4b6ef5e","istanbul-genel-butce-gelirlerinin-tahsilati-tahakkuku-ve-tahsilatin-tahakkuk-verileri","İstanbul Genel Bütçe Gelirlerinin Tahsilatı, Tahakkuku Ve Tahsilatın Tahakkuk Verileri","Bu veri seti 2017 yılı itibariyle İstanbul Genel Bütçe Gelirlerinin Tahsilatı, Tahakkuku Ve Tahsilatın Tahakkuk verilerini içermektedir","6.09.2024 14:40:44","17.09.2024 09:33:41","1","Ekonomi","","T.C. Hazine ve Maliye Bakanlığı","https://data.ibb.gov.tr/dataset/istanbul-genel-butce-gelirlerinin-tahsilati-tahakkuku-ve-tahsilatin-tahakkuk-verileri"
"96040d39-ec4a-4a8f-aeb5-a9ea360ede34","turune-gore-dogalgaz-tuketimi","Türüne Göre Doğalgaz Tüketimi","Türüne göre doğalgaz tüketimini gösteren veri setidir.","6.09.2024 14:40:40","17.09.2024 09:30:22","1","Enerji","","EPDK","https://data.ibb.gov.tr/dataset/turune-gore-dogalgaz-tuketimi"
"2e6f480b-0aed-44f5-96d9-a7438eae6661","elektrik-tuketici-turunun-turkiye-bazinda-dagiliminin-karsilastirilmasi","Elektrik Tüketici Türünün Türkiye Bazında Dağılımının Karşılaştırılması","Elektrik tüketici türünün Türkiye bazında dağılımının karşılaştırılması.","6.09.2024 14:40:38","17.09.2024 09:29:34","1","Enerji","","EPDK","https://data.ibb.gov.tr/dataset/elektrik-tuketici-turunun-turkiye-bazinda-dagiliminin-karsilastirilmasi"
"e3a99ac0-a215-410a-8661-16fea6621844","elektrik-tuketici-sayisinin-dagitim-bolgesine-gore-dagilimi","Elektrik Tüketici Sayısının Dağıtım Bölgesine Göre Dağılımı","Elektrik tüketici sayısının dağıtım bölgesine göre dağılımını içeren veri setidir","6.09.2024 14:40:34","17.09.2024 09:29:32","1","Çevre","","EPDK","https://data.ibb.gov.tr/dataset/elektrik-tuketici-sayisinin-dagitim-bolgesine-gore-dagilimi"
"65be2d50-8cfd-40af-99f8-37c7e5ac4d4e","turkiye-ve-istanbul-olceginde-ilk-ve-ikinci-el-ipotekli-konut-satis-sayilari","Türkiye ve İstanbul Ölçeğinde İlk ve İkinci El İpotekli Konut Satış Sayıları","Bu veri seti Türkiye ve İstanbul ölçeğinde ilk ve ikinci el ipotekli konut satış sayılarını içermektedir.","6.09.2024 14:40:10","17.09.2024 09:17:49","1","Yaşam","","TCMB Elektronik Veri Dağıtım Sistemi","https://data.ibb.gov.tr/dataset/turkiye-ve-istanbul-olceginde-ilk-ve-ikinci-el-ipotekli-konut-satis-sayilari"
"4325f30a-8230-4844-a5e8-be56f93cf542","ilcelere-gore-konut-satis-adedi","İlçelere Göre Konut Satış Adedi","Bu veri seti ilçelere göre konut satış adedini içermektedir.","6.09.2024 14:40:08","17.09.2024 09:16:55","1","Yaşam","","TCMB Elektronik Veri Dağıtım Sistemi","https://data.ibb.gov.tr/dataset/ilcelere-gore-konut-satis-adedi"
"3b5b4785-f2d3-491d-a41f-1cd3b463ffc0","turkiye-ve-istanbul-olceginde-cinsiyete-gore-konut-satis-adedi","Türkiye ve İstanbul Ölçeğinde Cinsiyete Göre Konut Satış Adedi","Bu veri seti Türkiye ve İstanbul ölçeğinde cinsiyete göre konut satış adedini içermektedir.","6.09.2024 14:40:06","17.09.2024 09:15:49","1","Yaşam","","TCMB Elektronik Veri Dağıtım Sistemi","https://data.ibb.gov.tr/dataset/turkiye-ve-istanbul-olceginde-cinsiyete-gore-konut-satis-adedi"
"474f4c45-0994-4e89-85f5-c91876dcc612","istanbul-da-son-bir-yilda-gerceklesen-depremler","İstanbul Çevresinde Gerçekleşen Depremler","02.2020 tarihine kadar İstanbul çevresinde gerçekleşen depremlerin verisini içerir. Güncel veriye [Sismik Portal](https://data.ibb.gov.tr/dataset/sismik-portal) aracılığı ile ulaşılabilir.","6.02.2020 13:36:22","3.09.2024 11:06:59","1","Security","AKOM|boylam|deprem|enlem|güvenlik|şiddet","İtfaiye Dairesi Başkanlığı","https://data.ibb.gov.tr/dataset/istanbul-da-son-bir-yilda-gerceklesen-depremler"
"b98e9f61-804c-4963-b395-e57c1d56fdc7","iski-ilce-ve-mahalle-bazli-gelen-ve-cevaplanan-kanal-ariza-sayisi","İSKİ, Number of Received and Answered Channel Malfunctions Based on District and Neighborhood","The data set contains the number of water channel failures received and resolved to the ISKI call center. The data are based on the districts and neighborhoods.","10.01.2020 08:04:36","26.08.2024 12:15:46","5","Governance|Çevre","arıza|ilçe|iski|kanal|mahalle|çağrı|çağrı merkezi","İSKİ","https://data.ibb.gov.tr/dataset/iski-ilce-ve-mahalle-bazli-gelen-ve-cevaplanan-kanal-ariza-sayisi"
"78ef6c0c-3fd0-45bd-812d-7232384a3b6d","istanbul-barajlarina-dusen-gunluk-toplam-yagis-miktari","İstanbul Barajlarında Yağış ve Günlük Tüketim Verileri","İstanbul Barajlarına düşen günlük toplam yağış (kg/m3) ve tüketim miktarlarını 10 adet baraj özelinde günlük olarak içeren veri setidir.","14.06.2021 12:12:22","26.08.2024 12:14:24","1","Çevre","baraj|iski|oran|yağış","İSKİ","https://data.ibb.gov.tr/dataset/istanbul-barajlarina-dusen-gunluk-toplam-yagis-miktari"
"4f25551c-8945-4cba-963e-aa94eb5f942f","batimetri-verisi","İstanbul Batimetri Verisi","Bu veri kümesi 2008 yılına ait İstanbul Batimetri ölçüm değerlerini içermektedir.","8.01.2024 11:01:56","26.08.2024 11:24:03","1","Çevre","batimetri|derinlik|mekansal veri|spatial data|ölçüm","Department of Information Technologies","https://data.ibb.gov.tr/dataset/batimetri-verisi"
"4ff8e8d7-31bf-4527-a081-75a6eb442b37","istanbul-gunes-enerji-santralleri-uretim-miktarlari","İstanbul Güneş Enerji Santralleri Üretim Miktarları","İstanbul'da bulunan güneş enerji santrallerinde planlanan/gerçekleşen enerji üretim miktarı, elektriği karşılanan hane sayısı, co₂ emisyon azaltımı miktarı, doğaya sağlanan ağaç sayısı, trafikten çekilen araç sayısı ve santrallerin koordinatlarını içerir. __Bu veri seti artık güncellenmeyecektir.__","10.01.2020 11:13:03","26.08.2024 11:14:47","1","Enerji|Çevre","enerji|güneş enerjisi|mekansal veri|santral|spatial data|üretim","İstanbul Enerji A.Ş.","https://data.ibb.gov.tr/dataset/istanbul-gunes-enerji-santralleri-uretim-miktarlari"
"03bcf7b9-733b-4977-b4d9-b5223a3279fe","istanbul-ili-balikci-bulunmayan-semt-pazarlari","İstanbul İli Balıkçı Bulunmayan Semt Pazarları","Bu veri seti İstanbul ilinde, içerisinde balıkçı bulunmayan semt pazarlarına ait ilçe, pazar adı, konum, mahalle, cadde, sokak, gün ve pazar tipi bilgilerini içerir.","30.05.2024 11:19:07","21.08.2024 11:08:21","1","Yaşam","mekansal veri|pazar|semt pazarı","Tarımsal Hizmetler Dairesi Başkanlığı","https://data.ibb.gov.tr/dataset/istanbul-ili-balikci-bulunmayan-semt-pazarlari"
"c921c3b1-3ea7-491c-859b-a8724bb753a0","sinyalize-kavsak-web-servisi","Signalized Junction Information Web Service","This web service shows signalized intersection information throughout Istanbul.","5.08.2024 08:40:44","21.08.2024 07:15:36","3","Mobilite","kavşak|sinyalizasyon|ulaşım|web servis","Ulaşım Dairesi Başkanlığı","https://data.ibb.gov.tr/dataset/sinyalize-kavsak-web-servisi"
"7009ca22-2cda-4b3e-91a6-2c2a36ea1986","ilce-bazinda-su-tuketim-miktari","Amount of Water Consumption by District","Data set; includes water consumption amount information on district basis.","22.06.2022 13:00:31","27.06.2024 09:19:07","3","Çevre","metreküp|su tüketimi|İSKİ","İSKİ","https://data.ibb.gov.tr/dataset/ilce-bazinda-su-tuketim-miktari"
"86b14a85-cfae-49ad-93c5-1e4da3272bb6","sehir-haritasi-api","City Map API","The City Map API is designed for you to use the City Map easily and effectively in the applications you develop. With the City Map API, you can perform many operations such as adding markers, getting directions for your vehicle or public transportation, viewing aerial photos of past years, using panoramic street views.","1.03.2021 11:46:02","20.05.2024 13:02:30","1","Bilgi ve İletişim Teknolojileri|Yaşam","API|harita|şehir|şehir haritası","Department of Information Technologies","https://data.ibb.gov.tr/dataset/sehir-haritasi-api"
"87fb0a12-5566-45bb-956f-60ac802fa546","veriye-dayali-yonetim-modeli-arastirmasi-b-bolumu-verileri","Veriye Dayalı Yönetim Modeli (VDYM) Araştırması B Bölümü Verileri","İstanbul’da Veriye Dayalı Yönetim Modeli araştırması ile İstanbul halkının genel sosyodemografik ve sosyoekonomik profilinin, ihtiyaç ve eğilimlerinin belirlenerek yatırım ve hizmetler konusunda oluşturulacak stratejilere altlık olacak veri üretilmesi hedeflenmiştir. Bu amaçla kent genelinde 50.000 hane ile yüz yüze anket yöntemi kullanılarak görüşme gerçekleştirilmiştir. Anket sayısı her mahalleye en az 12 anket düşecek şekilde mahalle hane sayıları oranında dağıtılmıştır. Çalışma sonuçlarının İstanbul’u temsil edebilmesi için görüşme gerçekleştirilecek haneler, mahalle düzeyinde tabakalı rastgele örneklem yöntemi ile seçilmiştir. 

Çalıştaylar ve toplantılar ile nihai hali belirlenen anket formunun uygulandığı saha çalışması 29.11.2021 – 07.03.2022 tarihleri arasında gerçekleştirilmiştir.","2.08.2023 08:44:02","9.05.2024 08:54:15","5","Governance","anket|hanehalkı|yönetişim","Department of Information Technologies","https://data.ibb.gov.tr/dataset/veriye-dayali-yonetim-modeli-arastirmasi-b-bolumu-verileri"
"fa780cdb-a66a-4767-8b92-600a7df31804","veriye-dayali-yonetim-modeli-arastirmasi-c-bolumu-verileri","Veriye Dayalı Yönetim Modeli (VDYM) Araştırması C Bölümü Verileri","İstanbul’da Veriye Dayalı Yönetim Modeli araştırması ile İstanbul halkının genel sosyodemografik ve sosyoekonomik profilinin, ihtiyaç ve eğilimlerinin belirlenerek yatırım ve hizmetler konusunda oluşturulacak stratejilere altlık olacak veri üretilmesi hedeflenmiştir. Bu amaçla kent genelinde 50.000 hane ile yüz yüze anket yöntemi kullanılarak görüşme gerçekleştirilmiştir. Anket sayısı her mahalleye en az 12 anket düşecek şekilde mahalle hane sayıları oranında dağıtılmıştır. Çalışma sonuçlarının İstanbul’u temsil edebilmesi için görüşme gerçekleştirilecek haneler, mahalle düzeyinde tabakalı rastgele örneklem yöntemi ile seçilmiştir. 

Çalıştaylar ve toplantılar ile nihai hali belirlenen anket formunun uygulandığı saha çalışması 29.11.2021 – 07.03.2022 tarihleri arasında gerçekleştirilmiştir.","2.08.2023 08:52:39","9.05.2024 08:54:04","5","Governance","anket|hanehalkı|yönetişim","Department of Information Technologies","https://data.ibb.gov.tr/dataset/veriye-dayali-yonetim-modeli-arastirmasi-c-bolumu-verileri"
"3142c9e9-df11-4866-9bca-9969098eed7e","veriye-dayali-yonetim-modeli-arastirmasi-d1-bolumu-verileri","Veriye Dayalı Yönetim Modeli (VDYM) Araştırması D1 Bölümü Verileri","İstanbul’da Veriye Dayalı Yönetim Modeli araştırması ile İstanbul halkının genel sosyodemografik ve sosyoekonomik profilinin, ihtiyaç ve eğilimlerinin belirlenerek yatırım ve hizmetler konusunda oluşturulacak stratejilere altlık olacak veri üretilmesi hedeflenmiştir. Bu amaçla kent genelinde 50.000 hane ile yüz yüze anket yöntemi kullanılarak görüşme gerçekleştirilmiştir. Anket sayısı her mahalleye en az 12 anket düşecek şekilde mahalle hane sayıları oranında dağıtılmıştır. Çalışma sonuçlarının İstanbul’u temsil edebilmesi için görüşme gerçekleştirilecek haneler, mahalle düzeyinde tabakalı rastgele örneklem yöntemi ile seçilmiştir. 

Çalıştaylar ve toplantılar ile nihai hali belirlenen anket formunun uygulandığı saha çalışması 29.11.2021 – 07.03.2022 tarihleri arasında gerçekleştirilmiştir.","2.08.2023 09:04:12","9.05.2024 08:53:53","5","Governance","anket|hanehalkı|yönetişim","Department of Information Technologies","https://data.ibb.gov.tr/dataset/veriye-dayali-yonetim-modeli-arastirmasi-d1-bolumu-verileri"
"15fe7ae6-94c5-449a-b4e4-fbc6d10d613c","veriye-dayali-yonetim-modeli-arastirmasi-d4-bolumu-verileri","Veriye Dayalı Yönetim Modeli (VDYM) Araştırması D4 Bölümü Verileri","İstanbul’da Veriye Dayalı Yönetim Modeli araştırması ile İstanbul halkının genel sosyodemografik ve sosyoekonomik profilinin, ihtiyaç ve eğilimlerinin belirlenerek yatırım ve hizmetler konusunda oluşturulacak stratejilere altlık olacak veri üretilmesi hedeflenmiştir. Bu amaçla kent genelinde 50.000 hane ile yüz yüze anket yöntemi kullanılarak görüşme gerçekleştirilmiştir. Anket sayısı her mahalleye en az 12 anket düşecek şekilde mahalle hane sayıları oranında dağıtılmıştır. Çalışma sonuçlarının İstanbul’u temsil edebilmesi için görüşme gerçekleştirilecek haneler, mahalle düzeyinde tabakalı rastgele örneklem yöntemi ile seçilmiştir. 

Çalıştaylar ve toplantılar ile nihai hali belirlenen anket formunun uygulandığı saha çalışması 29.11.2021 – 07.03.2022 tarihleri arasında gerçekleştirilmiştir.","2.08.2023 09:43:08","9.05.2024 08:53:41","5","Governance","anket|hanehalkı|yönetişim","Department of Information Technologies","https://data.ibb.gov.tr/dataset/veriye-dayali-yonetim-modeli-arastirmasi-d4-bolumu-verileri"
"d73dd20e-181a-495f-8f38-a67d63572ac3","veriye-dayali-yonetim-modeli-arastirmasi-a-bolumu-verileri","Veriye Dayalı Yönetim Modeli (VDYM) Araştırması A Bölümü Verileri","İstanbul’da Veriye Dayalı Yönetim Modeli araştırması ile İstanbul halkının genel sosyodemografik ve sosyoekonomik profilinin, ihtiyaç ve eğilimlerinin belirlenerek yatırım ve hizmetler konusunda oluşturulacak stratejilere altlık olacak veri üretilmesi hedeflenmiştir. Bu amaçla kent genelinde 50.000 hane ile yüz yüze anket yöntemi kullanılarak görüşme gerçekleştirilmiştir. Anket sayısı her mahalleye en az 12 anket düşecek şekilde mahalle hane sayıları oranında dağıtılmıştır. Çalışma sonuçlarının İstanbul’u temsil edebilmesi için görüşme gerçekleştirilecek haneler, mahalle düzeyinde tabakalı rastgele örneklem yöntemi ile seçilmiştir. 

Çalıştaylar ve toplantılar ile nihai hali belirlenen anket formunun uygulandığı saha çalışması 29.11.2021 – 07.03.2022 tarihleri arasında gerçekleştirilmiştir.","2.08.2023 07:44:37","9.05.2024 08:53:30","5","Governance","anket|hanehalkı|yönetişim","Department of Information Technologies","https://data.ibb.gov.tr/dataset/veriye-dayali-yonetim-modeli-arastirmasi-a-bolumu-verileri"
"061cdb78-0a42-4ef9-af25-f5a3d49e5daf","veriye-dayali-yonetim-modeli-arastirmasi-d2-bolumu-verileri","Veriye Dayalı Yönetim Modeli (VDYM) Araştırması D2 Bölümü Verileri","İstanbul’da Veriye Dayalı Yönetim Modeli araştırması ile İstanbul halkının genel sosyodemografik ve sosyoekonomik profilinin, ihtiyaç ve eğilimlerinin belirlenerek yatırım ve hizmetler konusunda oluşturulacak stratejilere altlık olacak veri üretilmesi hedeflenmiştir. Bu amaçla kent genelinde 50.000 hane ile yüz yüze anket yöntemi kullanılarak görüşme gerçekleştirilmiştir. Anket sayısı her mahalleye en az 12 anket düşecek şekilde mahalle hane sayıları oranında dağıtılmıştır. Çalışma sonuçlarının İstanbul’u temsil edebilmesi için görüşme gerçekleştirilecek haneler, mahalle düzeyinde tabakalı rastgele örneklem yöntemi ile seçilmiştir. 

Çalıştaylar ve toplantılar ile nihai hali belirlenen anket formunun uygulandığı saha çalışması 29.11.2021 – 07.03.2022 tarihleri arasında gerçekleştirilmiştir.","2.08.2023 09:11:50","9.05.2024 08:53:15","5","Governance","anket|hanehalkı|veriye dayalı|yönetişim","Department of Information Technologies","https://data.ibb.gov.tr/dataset/veriye-dayali-yonetim-modeli-arastirmasi-d2-bolumu-verileri"
"0fc18519-f688-42cb-9bb5-2b03664e4c66","veriye-dayali-yonetim-modeli-arastirmasi-d3-bolumu-verileri","Veriye Dayalı Yönetim Modeli (VDYM) Araştırması D3 Bölümü Verileri","İstanbul’da Veriye Dayalı Yönetim Modeli araştırması ile İstanbul halkının genel sosyodemografik ve sosyoekonomik profilinin, ihtiyaç ve eğilimlerinin belirlenerek yatırım ve hizmetler konusunda oluşturulacak stratejilere altlık olacak veri üretilmesi hedeflenmiştir. Bu amaçla kent genelinde 50.000 hane ile yüz yüze anket yöntemi kullanılarak görüşme gerçekleştirilmiştir. Anket sayısı her mahalleye en az 12 anket düşecek şekilde mahalle hane sayıları oranında dağıtılmıştır. Çalışma sonuçlarının İstanbul’u temsil edebilmesi için görüşme gerçekleştirilecek haneler, mahalle düzeyinde tabakalı rastgele örneklem yöntemi ile seçilmiştir. 

Çalıştaylar ve toplantılar ile nihai hali belirlenen anket formunun uygulandığı saha çalışması 29.11.2021 – 07.03.2022 tarihleri arasında gerçekleştirilmiştir.","2.08.2023 09:36:30","9.05.2024 08:52:28","5","Governance","anket|hanehalkı|veriye dayalı|yönetişim","Department of Information Technologies","https://data.ibb.gov.tr/dataset/veriye-dayali-yonetim-modeli-arastirmasi-d3-bolumu-verileri"
"27699751-6855-4c8f-9d71-d8f3aca2efff","vdym-ilce-bazinda-kisilerin-sivil-toplum-kuruluslarina-uyelik-durumlari","VDYM İlçe Bazında Kişilerin Sivil Toplum Kuruluşlarına Üyelik Durumları","İstanbul’da VDYM (Veriye Dayalı Yönetim Modeli) araştırması ile İstanbul halkının genel sosyodemografik ve sosyoekonomik profilinin, ihtiyaç ve eğilimlerinin belirlenerek yatırım ve hizmetler konusunda oluşturulacak stratejilere altlık olacak veri üretilmesi hedeflenmiştir. Bu amaçla kent genelinde 50.000 hane ile yüz yüze anket yöntemi kullanılarak görüşme gerçekleştirilmiştir. Anket sayısı her mahalleye en az 12 anket düşecek şekilde mahalle hane sayıları oranında dağıtılmıştır. Çalışma sonuçlarının İstanbul’u temsil edebilmesi için görüşme gerçekleştirilecek haneler, mahalle düzeyinde tabakalı rastgele örneklem yöntemi ile seçilmiştir.

Çalıştaylar ve toplantılar ile nihai hali belirlenen anket formunun uygulandığı saha çalışması 29.11.2021 – 07.03.2022 tarihleri arasında gerçekleştirilmiştir.

__Bu veri setinde; ham veri olarak paylaşılmış olan [Veriye Dayalı Yönetim Modeli araştırmasının](https://data.ibb.gov.tr/dataset?q=veriye+dayal%C4%B1+y%C3%B6netim+modeli) ilçe bazlı analiz verileri yer almaktadır.__","8.05.2024 13:02:27","9.05.2024 08:47:10","1","Governance|Yaşam","hanehalkı|sivil toplum|üyelik","Department of Information Technologies","https://data.ibb.gov.tr/dataset/vdym-ilce-bazinda-kisilerin-sivil-toplum-kuruluslarina-uyelik-durumlari"
"ab7c491e-fd58-43e6-a397-9ceaa67f9a34","vdym-ilce-bazinda-kisilerin-sokak-sanatcilarini-daha-fazla-gorme-istegi","VDYM İlçe Bazında Kişilerin Sokak Sanatçılarını Daha Fazla Görme İsteği","İstanbul’da VDYM (Veriye Dayalı Yönetim Modeli) araştırması ile İstanbul halkının genel sosyodemografik ve sosyoekonomik profilinin, ihtiyaç ve eğilimlerinin belirlenerek yatırım ve hizmetler konusunda oluşturulacak stratejilere altlık olacak veri üretilmesi hedeflenmiştir. Bu amaçla kent genelinde 50.000 hane ile yüz yüze anket yöntemi kullanılarak görüşme gerçekleştirilmiştir. Anket sayısı her mahalleye en az 12 anket düşecek şekilde mahalle hane sayıları oranında dağıtılmıştır. Çalışma sonuçlarının İstanbul’u temsil edebilmesi için görüşme gerçekleştirilecek haneler, mahalle düzeyinde tabakalı rastgele örneklem yöntemi ile seçilmiştir.

Çalıştaylar ve toplantılar ile nihai hali belirlenen anket formunun uygulandığı saha çalışması 29.11.2021 – 07.03.2022 tarihleri arasında gerçekleştirilmiştir.

__Bu veri setinde; ham veri olarak paylaşılmış olan [Veriye Dayalı Yönetim Modeli araştırmasının](https://data.ibb.gov.tr/dataset?q=veriye+dayal%C4%B1+y%C3%B6netim+modeli) ilçe bazlı analiz verileri yer almaktadır.__","8.05.2024 13:09:05","9.05.2024 08:44:52","1","Governance|Yaşam","hanehalkı|sokak sanatçıları","Department of Information Technologies","https://data.ibb.gov.tr/dataset/vdym-ilce-bazinda-kisilerin-sokak-sanatcilarini-daha-fazla-gorme-istegi"
"dbd7e860-71c6-41cc-a129-b9443bdbd012","vdym-ilce-bazinda-kisilerin-sokak-sanatcilarini-gormek-istedikleri-yerler","VDYM İlçe Bazında Kişilerin Sokak Sanatçılarını Görmek İstedikleri Yerler","İstanbul’da VDYM (Veriye Dayalı Yönetim Modeli) araştırması ile İstanbul halkının genel sosyodemografik ve sosyoekonomik profilinin, ihtiyaç ve eğilimlerinin belirlenerek yatırım ve hizmetler konusunda oluşturulacak stratejilere altlık olacak veri üretilmesi hedeflenmiştir. Bu amaçla kent genelinde 50.000 hane ile yüz yüze anket yöntemi kullanılarak görüşme gerçekleştirilmiştir. Anket sayısı her mahalleye en az 12 anket düşecek şekilde mahalle hane sayıları oranında dağıtılmıştır. Çalışma sonuçlarının İstanbul’u temsil edebilmesi için görüşme gerçekleştirilecek haneler, mahalle düzeyinde tabakalı rastgele örneklem yöntemi ile seçilmiştir.

Çalıştaylar ve toplantılar ile nihai hali belirlenen anket formunun uygulandığı saha çalışması 29.11.2021 – 07.03.2022 tarihleri arasında gerçekleştirilmiştir.

__Bu veri setinde; ham veri olarak paylaşılmış olan [Veriye Dayalı Yönetim Modeli araştırmasının](https://data.ibb.gov.tr/dataset?q=veriye+dayal%C4%B1+y%C3%B6netim+modeli) ilçe bazlı analiz verileri yer almaktadır.__","8.05.2024 13:11:11","9.05.2024 08:43:21","1","Governance|Yaşam","hanehalkı|sokak sanatçıları","Department of Information Technologies","https://data.ibb.gov.tr/dataset/vdym-ilce-bazinda-kisilerin-sokak-sanatcilarini-gormek-istedikleri-yerler"
"302f8d05-1152-456c-9c92-7e7635b8be55","vdym-ilce-bazinda-kisilerin-sokak-sanatcilarina-rastlama-sikliklari","VDYM İlçe Bazında Kişilerin Sokak Sanatçılarına Rastlama Sıklıkları","İstanbul’da VDYM (Veriye Dayalı Yönetim Modeli) araştırması ile İstanbul halkının genel sosyodemografik ve sosyoekonomik profilinin, ihtiyaç ve eğilimlerinin belirlenerek yatırım ve hizmetler konusunda oluşturulacak stratejilere altlık olacak veri üretilmesi hedeflenmiştir. Bu amaçla kent genelinde 50.000 hane ile yüz yüze anket yöntemi kullanılarak görüşme gerçekleştirilmiştir. Anket sayısı her mahalleye en az 12 anket düşecek şekilde mahalle hane sayıları oranında dağıtılmıştır. Çalışma sonuçlarının İstanbul’u temsil edebilmesi için görüşme gerçekleştirilecek haneler, mahalle düzeyinde tabakalı rastgele örneklem yöntemi ile seçilmiştir.

Çalıştaylar ve toplantılar ile nihai hali belirlenen anket formunun uygulandığı saha çalışması 29.11.2021 – 07.03.2022 tarihleri arasında gerçekleştirilmiştir.

__Bu veri setinde; ham veri olarak paylaşılmış olan [Veriye Dayalı Yönetim Modeli araştırmasının](https://data.ibb.gov.tr/dataset?q=veriye+dayal%C4%B1+y%C3%B6netim+modeli) ilçe bazlı analiz verileri yer almaktadır.__","8.05.2024 13:05:41","9.05.2024 08:41:07","1","Governance","hanehalkı|sokak sanatçıları","Department of Information Technologies","https://data.ibb.gov.tr/dataset/vdym-ilce-bazinda-kisilerin-sokak-sanatcilarina-rastlama-sikliklari"
"269094ea-4d06-4752-a40c-cd797743fc49","vdym-ilce-bazinda-kisilerin-dislanmis-hissetme-durumlari","VDYM İlçe Bazında Kişilerin Dışlanmış Hissetme Durumları","İstanbul’da VDYM (Veriye Dayalı Yönetim Modeli) araştırması ile İstanbul halkının genel sosyodemografik ve sosyoekonomik profilinin, ihtiyaç ve eğilimlerinin belirlenerek yatırım ve hizmetler konusunda oluşturulacak stratejilere altlık olacak veri üretilmesi hedeflenmiştir. Bu amaçla kent genelinde 50.000 hane ile yüz yüze anket yöntemi kullanılarak görüşme gerçekleştirilmiştir. Anket sayısı her mahalleye en az 12 anket düşecek şekilde mahalle hane sayıları oranında dağıtılmıştır. Çalışma sonuçlarının İstanbul’u temsil edebilmesi için görüşme gerçekleştirilecek haneler, mahalle düzeyinde tabakalı rastgele örneklem yöntemi ile seçilmiştir.

Çalıştaylar ve toplantılar ile nihai hali belirlenen anket formunun uygulandığı saha çalışması 29.11.2021 – 07.03.2022 tarihleri arasında gerçekleştirilmiştir.

__Bu veri setinde; ham veri olarak paylaşılmış olan [Veriye Dayalı Yönetim Modeli araştırmasının](https://data.ibb.gov.tr/dataset?q=veriye+dayal%C4%B1+y%C3%B6netim+modeli) ilçe bazlı analiz verileri yer almaktadır.__","8.05.2024 12:55:37","9.05.2024 08:38:14","1","Governance|Yaşam","dışlanma|hanehalkı|hissetme","Department of Information Technologies","https://data.ibb.gov.tr/dataset/vdym-ilce-bazinda-kisilerin-dislanmis-hissetme-durumlari"
"0cb33ec0-17c1-413f-be35-64d5a2d60651","vdym-ilce-bazinda-kisilerin-dislanmis-hissetme-sebepleri","VDYM İlçe Bazında Kişilerin Dışlanmış Hissetme Sebepleri","İstanbul’da VDYM (Veriye Dayalı Yönetim Modeli) araştırması ile İstanbul halkının genel sosyodemografik ve sosyoekonomik profilinin, ihtiyaç ve eğilimlerinin belirlenerek yatırım ve hizmetler konusunda oluşturulacak stratejilere altlık olacak veri üretilmesi hedeflenmiştir. Bu amaçla kent genelinde 50.000 hane ile yüz yüze anket yöntemi kullanılarak görüşme gerçekleştirilmiştir. Anket sayısı her mahalleye en az 12 anket düşecek şekilde mahalle hane sayıları oranında dağıtılmıştır. Çalışma sonuçlarının İstanbul’u temsil edebilmesi için görüşme gerçekleştirilecek haneler, mahalle düzeyinde tabakalı rastgele örneklem yöntemi ile seçilmiştir.

Çalıştaylar ve toplantılar ile nihai hali belirlenen anket formunun uygulandığı saha çalışması 29.11.2021 – 07.03.2022 tarihleri arasında gerçekleştirilmiştir.

__Bu veri setinde; ham veri olarak paylaşılmış olan [Veriye Dayalı Yönetim Modeli araştırmasının](https://data.ibb.gov.tr/dataset?q=veriye+dayal%C4%B1+y%C3%B6netim+modeli) ilçe bazlı analiz verileri yer almaktadır.__","8.05.2024 12:57:49","9.05.2024 07:01:07","1","Governance|Yaşam","dışlanma|hanehalkı|hissetme","Department of Information Technologies","https://data.ibb.gov.tr/dataset/vdym-ilce-bazinda-kisilerin-dislanmis-hissetme-sebepleri"
"588519f2-749b-44e6-8dc8-35a0b727b547","vdym-ilce-bazinda-kadinlarin-karsilastigi-sorunlar","VDYM İlçe Bazında Kadınların Karşılaştığı Sorunlar","İstanbul’da VDYM (Veriye Dayalı Yönetim Modeli) araştırması ile İstanbul halkının genel sosyodemografik ve sosyoekonomik profilinin, ihtiyaç ve eğilimlerinin belirlenerek yatırım ve hizmetler konusunda oluşturulacak stratejilere altlık olacak veri üretilmesi hedeflenmiştir. Bu amaçla kent genelinde 50.000 hane ile yüz yüze anket yöntemi kullanılarak görüşme gerçekleştirilmiştir. Anket sayısı her mahalleye en az 12 anket düşecek şekilde mahalle hane sayıları oranında dağıtılmıştır. Çalışma sonuçlarının İstanbul’u temsil edebilmesi için görüşme gerçekleştirilecek haneler, mahalle düzeyinde tabakalı rastgele örneklem yöntemi ile seçilmiştir.

Çalıştaylar ve toplantılar ile nihai hali belirlenen anket formunun uygulandığı saha çalışması 29.11.2021 – 07.03.2022 tarihleri arasında gerçekleştirilmiştir.

__Bu veri setinde; ham veri olarak paylaşılmış olan [Veriye Dayalı Yönetim Modeli araştırmasının](https://data.ibb.gov.tr/dataset?q=veriye+dayal%C4%B1+y%C3%B6netim+modeli) ilçe bazlı analiz verileri yer almaktadır.__","8.05.2024 12:52:11","9.05.2024 06:56:53","1","Governance|Yaşam","hanehalkı|kadın|sorun","Department of Information Technologies","https://data.ibb.gov.tr/dataset/vdym-ilce-bazinda-kadinlarin-karsilastigi-sorunlar"
"4cefd637-add4-40fa-9827-e955536e2e45","vdym-ilce-bazinda-eslerin-ev-islerini-paylasma-durumlari","VDYM İlçe Bazında Eşlerin Ev İşlerini Paylaşma Durumları","İstanbul’da VDYM (Veriye Dayalı Yönetim Modeli) araştırması ile İstanbul halkının genel sosyodemografik ve sosyoekonomik profilinin, ihtiyaç ve eğilimlerinin belirlenerek yatırım ve hizmetler konusunda oluşturulacak stratejilere altlık olacak veri üretilmesi hedeflenmiştir. Bu amaçla kent genelinde 50.000 hane ile yüz yüze anket yöntemi kullanılarak görüşme gerçekleştirilmiştir. Anket sayısı her mahalleye en az 12 anket düşecek şekilde mahalle hane sayıları oranında dağıtılmıştır. Çalışma sonuçlarının İstanbul’u temsil edebilmesi için görüşme gerçekleştirilecek haneler, mahalle düzeyinde tabakalı rastgele örneklem yöntemi ile seçilmiştir.

Çalıştaylar ve toplantılar ile nihai hali belirlenen anket formunun uygulandığı saha çalışması 29.11.2021 – 07.03.2022 tarihleri arasında gerçekleştirilmiştir.

__Bu veri setinde; ham veri olarak paylaşılmış olan [Veriye Dayalı Yönetim Modeli araştırmasının](https://data.ibb.gov.tr/dataset?q=veriye+dayal%C4%B1+y%C3%B6netim+modeli) ilçe bazlı analiz verileri yer almaktadır.__","8.05.2024 12:49:19","9.05.2024 06:55:04","1","Governance|Yaşam","ev işi|hanehalkı","Department of Information Technologies","https://data.ibb.gov.tr/dataset/vdym-ilce-bazinda-eslerin-ev-islerini-paylasma-durumlari"
"81fa8298-95d2-4f1d-9158-6271ba02682a","vdym-ilce-bazinda-eslerin-birbirleri-ile-tanisma-bicimleri","VDYM İlçe Bazında Eşlerin Birbirleri ile Tanışma Biçimleri","İstanbul’da VDYM (Veriye Dayalı Yönetim Modeli) araştırması ile İstanbul halkının genel sosyodemografik ve sosyoekonomik profilinin, ihtiyaç ve eğilimlerinin belirlenerek yatırım ve hizmetler konusunda oluşturulacak stratejilere altlık olacak veri üretilmesi hedeflenmiştir. Bu amaçla kent genelinde 50.000 hane ile yüz yüze anket yöntemi kullanılarak görüşme gerçekleştirilmiştir. Anket sayısı her mahalleye en az 12 anket düşecek şekilde mahalle hane sayıları oranında dağıtılmıştır. Çalışma sonuçlarının İstanbul’u temsil edebilmesi için görüşme gerçekleştirilecek haneler, mahalle düzeyinde tabakalı rastgele örneklem yöntemi ile seçilmiştir.

Çalıştaylar ve toplantılar ile nihai hali belirlenen anket formunun uygulandığı saha çalışması 29.11.2021 – 07.03.2022 tarihleri arasında gerçekleştirilmiştir.

__Bu veri setinde; ham veri olarak paylaşılmış olan [Veriye Dayalı Yönetim Modeli araştırmasının](https://data.ibb.gov.tr/dataset?q=veriye+dayal%C4%B1+y%C3%B6netim+modeli) ilçe bazlı analiz verileri yer almaktadır.__","8.05.2024 12:46:24","9.05.2024 06:51:58","1","Governance","hanehalkı|tanışma","Department of Information Technologies","https://data.ibb.gov.tr/dataset/vdym-ilce-bazinda-eslerin-birbirleri-ile-tanisma-bicimleri"
"06e96a6d-f0f6-4aeb-8173-a4bf6b429463","vdym-ilce-bazinda-kisilerin-kadinin-ve-ailenin-toplumdaki-degerine-bakisi","VDYM İlçe Bazında Kişilerin, Kadının ve Ailenin Toplumdaki Değerine Bakışı","İstanbul’da VDYM (Veriye Dayalı Yönetim Modeli) araştırması ile İstanbul halkının genel sosyodemografik ve sosyoekonomik profilinin, ihtiyaç ve eğilimlerinin belirlenerek yatırım ve hizmetler konusunda oluşturulacak stratejilere altlık olacak veri üretilmesi hedeflenmiştir. Bu amaçla kent genelinde 50.000 hane ile yüz yüze anket yöntemi kullanılarak görüşme gerçekleştirilmiştir. Anket sayısı her mahalleye en az 12 anket düşecek şekilde mahalle hane sayıları oranında dağıtılmıştır. Çalışma sonuçlarının İstanbul’u temsil edebilmesi için görüşme gerçekleştirilecek haneler, mahalle düzeyinde tabakalı rastgele örneklem yöntemi ile seçilmiştir.

Çalıştaylar ve toplantılar ile nihai hali belirlenen anket formunun uygulandığı saha çalışması 29.11.2021 – 07.03.2022 tarihleri arasında gerçekleştirilmiştir.

__Bu veri setinde; ham veri olarak paylaşılmış olan [Veriye Dayalı Yönetim Modeli araştırmasının](https://data.ibb.gov.tr/dataset?q=veriye+dayal%C4%B1+y%C3%B6netim+modeli) ilçe bazlı analiz verileri yer almaktadır.__","8.05.2024 12:38:47","9.05.2024 06:49:52","1","Governance|Yaşam","aile|hanehalkı|kadın|toplum","Department of Information Technologies","https://data.ibb.gov.tr/dataset/vdym-ilce-bazinda-kisilerin-kadinin-ve-ailenin-toplumdaki-degerine-bakisi"
"430b8fe2-73d7-4072-92f9-2b115a064e2b","vdym-ilce-bazinda-kisilerin-mekana-gore-aidiyet-hissiyatlari","VDYM İlçe Bazında Kişilerin Mekana Göre Aidiyet Hissiyatları","İstanbul’da VDYM (Veriye Dayalı Yönetim Modeli) araştırması ile İstanbul halkının genel sosyodemografik ve sosyoekonomik profilinin, ihtiyaç ve eğilimlerinin belirlenerek yatırım ve hizmetler konusunda oluşturulacak stratejilere altlık olacak veri üretilmesi hedeflenmiştir. Bu amaçla kent genelinde 50.000 hane ile yüz yüze anket yöntemi kullanılarak görüşme gerçekleştirilmiştir. Anket sayısı her mahalleye en az 12 anket düşecek şekilde mahalle hane sayıları oranında dağıtılmıştır. Çalışma sonuçlarının İstanbul’u temsil edebilmesi için görüşme gerçekleştirilecek haneler, mahalle düzeyinde tabakalı rastgele örneklem yöntemi ile seçilmiştir.

Çalıştaylar ve toplantılar ile nihai hali belirlenen anket formunun uygulandığı saha çalışması 29.11.2021 – 07.03.2022 tarihleri arasında gerçekleştirilmiştir.

__Bu veri setinde; ham veri olarak paylaşılmış olan [Veriye Dayalı Yönetim Modeli araştırmasının](https://data.ibb.gov.tr/dataset?q=veriye+dayal%C4%B1+y%C3%B6netim+modeli) ilçe bazlı analiz verileri yer almaktadır.__","8.05.2024 12:33:44","9.05.2024 06:47:46","1","Governance|Yaşam","aidiyet|hanehalkı|mekan","Department of Information Technologies","https://data.ibb.gov.tr/dataset/vdym-ilce-bazinda-kisilerin-mekana-gore-aidiyet-hissiyatlari"
"69583ba0-9d0e-4c04-9cfa-4faaf810ff3c","vdym-ilce-bazinda-kisilerin-komsu-secim-tercihleri","VDYM İlçe Bazında Kişilerin Komşu Seçim Tercihleri","İstanbul’da VDYM (Veriye Dayalı Yönetim Modeli) araştırması ile İstanbul halkının genel sosyodemografik ve sosyoekonomik profilinin, ihtiyaç ve eğilimlerinin belirlenerek yatırım ve hizmetler konusunda oluşturulacak stratejilere altlık olacak veri üretilmesi hedeflenmiştir. Bu amaçla kent genelinde 50.000 hane ile yüz yüze anket yöntemi kullanılarak görüşme gerçekleştirilmiştir. Anket sayısı her mahalleye en az 12 anket düşecek şekilde mahalle hane sayıları oranında dağıtılmıştır. Çalışma sonuçlarının İstanbul’u temsil edebilmesi için görüşme gerçekleştirilecek haneler, mahalle düzeyinde tabakalı rastgele örneklem yöntemi ile seçilmiştir.

Çalıştaylar ve toplantılar ile nihai hali belirlenen anket formunun uygulandığı saha çalışması 29.11.2021 – 07.03.2022 tarihleri arasında gerçekleştirilmiştir.

__Bu veri setinde; ham veri olarak paylaşılmış olan [Veriye Dayalı Yönetim Modeli araştırmasının](https://data.ibb.gov.tr/dataset?q=veriye+dayal%C4%B1+y%C3%B6netim+modeli) ilçe bazlı analiz verileri yer almaktadır.__","8.05.2024 12:30:29","9.05.2024 06:45:43","1","Governance","hanehalkı|komşu tercihleri","Department of Information Technologies","https://data.ibb.gov.tr/dataset/vdym-ilce-bazinda-kisilerin-komsu-secim-tercihleri"
"37e59f91-8a13-4b88-8e15-7ba2f0ed48df","vdym-ilce-bazinda-kisilerin-sosyal-olgu-oncelikleri","VDYM İlçe Bazında Kişilerin Sosyal Olgu Öncelikleri","İstanbul’da VDYM (Veriye Dayalı Yönetim Modeli) araştırması ile İstanbul halkının genel sosyodemografik ve sosyoekonomik profilinin, ihtiyaç ve eğilimlerinin belirlenerek yatırım ve hizmetler konusunda oluşturulacak stratejilere altlık olacak veri üretilmesi hedeflenmiştir. Bu amaçla kent genelinde 50.000 hane ile yüz yüze anket yöntemi kullanılarak görüşme gerçekleştirilmiştir. Anket sayısı her mahalleye en az 12 anket düşecek şekilde mahalle hane sayıları oranında dağıtılmıştır. Çalışma sonuçlarının İstanbul’u temsil edebilmesi için görüşme gerçekleştirilecek haneler, mahalle düzeyinde tabakalı rastgele örneklem yöntemi ile seçilmiştir.

Çalıştaylar ve toplantılar ile nihai hali belirlenen anket formunun uygulandığı saha çalışması 29.11.2021 – 07.03.2022 tarihleri arasında gerçekleştirilmiştir.

__Bu veri setinde; ham veri olarak paylaşılmış olan [Veriye Dayalı Yönetim Modeli araştırmasının](https://data.ibb.gov.tr/dataset?q=veriye+dayal%C4%B1+y%C3%B6netim+modeli) ilçe bazlı analiz verileri yer almaktadır.__","8.05.2024 12:25:47","9.05.2024 06:44:02","1","Governance","hanehalkı|sosyal olgu","Department of Information Technologies","https://data.ibb.gov.tr/dataset/vdym-ilce-bazinda-kisilerin-sosyal-olgu-oncelikleri"
"2e8004de-b317-4893-acbf-824432cd685f","vdym-ilce-bazinda-hanelerin-alisveris-kanali-tercihleri","VDYM İlçe Bazında Hanelerin Alışveriş Kanalı Tercihleri","İstanbul’da VDYM (Veriye Dayalı Yönetim Modeli) araştırması ile İstanbul halkının genel sosyodemografik ve sosyoekonomik profilinin, ihtiyaç ve eğilimlerinin belirlenerek yatırım ve hizmetler konusunda oluşturulacak stratejilere altlık olacak veri üretilmesi hedeflenmiştir. Bu amaçla kent genelinde 50.000 hane ile yüz yüze anket yöntemi kullanılarak görüşme gerçekleştirilmiştir. Anket sayısı her mahalleye en az 12 anket düşecek şekilde mahalle hane sayıları oranında dağıtılmıştır. Çalışma sonuçlarının İstanbul’u temsil edebilmesi için görüşme gerçekleştirilecek haneler, mahalle düzeyinde tabakalı rastgele örneklem yöntemi ile seçilmiştir.

Çalıştaylar ve toplantılar ile nihai hali belirlenen anket formunun uygulandığı saha çalışması 29.11.2021 – 07.03.2022 tarihleri arasında gerçekleştirilmiştir.

__Bu veri setinde; ham veri olarak paylaşılmış olan [Veriye Dayalı Yönetim Modeli araştırmasının](https://data.ibb.gov.tr/dataset?q=veriye+dayal%C4%B1+y%C3%B6netim+modeli) ilçe bazlı analiz verileri yer almaktadır.__","8.05.2024 12:17:25","9.05.2024 06:41:06","1","Ekonomi|Governance","alış-veriş|ekonomi|hanehalkı|tercih","Department of Information Technologies","https://data.ibb.gov.tr/dataset/vdym-ilce-bazinda-hanelerin-alisveris-kanali-tercihleri"
"88e2045f-f70a-43d5-a301-0fad33112a95","iski-personel-sayisi","İSKİ Personel Sayısı","Veri seti, İstanbul Su ve Kanalizasyon İdaresi(İSKİ) personel sayısını, beyaz yaka, işçi, kadın mühendis, toplam mühendis, engelli ve yaşlara göre çalışan kategorilerinde verileri içerir.","10.01.2020 08:09:03","4.04.2024 05:54:56","1","Governance|İnsan","engelli|iski|istihdam|kadın|personel","İSKİ","https://data.ibb.gov.tr/dataset/iski-personel-sayisi"
"ce044809-f267-486c-9db6-56b234399175","hava-kalitesi-istasyon-bilgileri-web-servisi","Hava Kalitesi İstasyon Bilgileri Web Servisi","Bu web servis ile Hava Kalitesi istasyonlarının id, isim, adres ve lokasyon bilgileri döndürülür.","19.06.2020 10:07:38","28.03.2024 08:10:57","3","Çevre","hava|hava kalitesi|hava kalitesi istasyonları|web servis","Department of Environmental Protection and Development","https://data.ibb.gov.tr/dataset/hava-kalitesi-istasyon-bilgileri-web-servisi"
"602bd2c7-8480-404d-b52d-41d0dd906b7b","hava-kalitesi-istasyon-olcum-sonuclari-web-servisi","Hava Kalitesi İstasyon Ölçüm Sonuçları Web Servisi","Bu web servis ile Id’si girilen istasyonun başlangıç ve bitiş tarihine göre Konsantrasyon (Concentration) ve Hava Kalitesi Index (AQI) bilgileri paylaşılmaktadır.","19.06.2020 10:13:18","28.03.2024 08:09:50","3","Çevre","hava|hava kalitesi|hava kalitesi ölçüm|hava kalitesi ölçüm sonuçları|web servis","Department of Environmental Protection and Development","https://data.ibb.gov.tr/dataset/hava-kalitesi-istasyon-olcum-sonuclari-web-servisi"
"f1e73428-ce21-4e63-9a69-a712ef80f110","rayli-sistemler-mahmutbey-esenyurt-istasyonu-diger-hatlarla-baglanti-noktalari","Rail Systems Mahmutbey-Esenyurt Station Connection Points with Other Lines","This dataset contains the connection points of Rail Systems Mahmutbey-Esenyurt station with other lines.

__This data will not be updated. For current data, [Rail Systems Mahmutbey-Esenyurt Metro Line Information](https://data.ibb.gov.tr/en/dataset/rayli-sistemler-mahmutbey-esenyurt-metro-hatti-bilgileri) dataset can be examined.__","8.02.2022 13:05:11","27.03.2024 11:01:59","1","Mobilite","Esenyurt|Mahmutbey|Raylı|Raylı sistemler|bağlantı|bağlantı noktası","Raylı Sistem Dairesi Başkanlığı","https://data.ibb.gov.tr/dataset/rayli-sistemler-mahmutbey-esenyurt-istasyonu-diger-hatlarla-baglanti-noktalari"
"47b433df-b080-4180-919a-aa3f77609b9b","rayli-sistemler-mahmutbey-esenyurt-metro-hatti-ilce-istasyon-bilgileri","Rail Systems Mahmutbey-Esenyurt Metro Line District Station Information","This dataset contains the district station information of the Rail Systems Mahmutbey-Esenyurt Metro line. The dataset includes station name, station district, rail system length, number of escalators and number of elevators. __This data will not be updated. For current data, [Rail Systems Mahmutbey-Esenyurt Metro Line Information](https://data.ibb.gov.tr/en/dataset/rayli-sistemler-mahmutbey-esenyurt-metro-hatti-bilgileri) dataset can be examined.__","8.02.2022 13:10:18","27.03.2024 11:01:16","1","Mobilite","esenyurt|istasyon|mahmutbey|metro|metro hattı|raylı|raylı sistem","Raylı Sistem Dairesi Başkanlığı","https://data.ibb.gov.tr/dataset/rayli-sistemler-mahmutbey-esenyurt-metro-hatti-ilce-istasyon-bilgileri"
"1f606582-34cb-46e8-b6a8-04da8b30af58","rayli-sistemler-kabatas-mecidiykoy-mahmutbey-metro-hatti-bilgileri","Rail Systems Kabataş-Mecidiyeköy-Mahmutbey Metro Line Information","It contains information about the Istanbul Kabatas-Mecidiyekoy-Mahmutbey metro line. The content of the data includes station code, station names, station districts, integration status with other lines, station type, length in the district, number of elevators, number of escalators and station depth.
","15.01.2020 06:40:35","27.03.2024 10:57:04","1","Mobilite","Kabataş|Mahmutbey|Mecidiyeköy|Ulaşım|asansör|bağlantı noktası|derinlik|entegrasyon|hat|istasyon|metro|raylı sistemler|uzunluk|yürüyen merdiven","Raylı Sistem Dairesi Başkanlığı","https://data.ibb.gov.tr/dataset/rayli-sistemler-kabatas-mecidiykoy-mahmutbey-metro-hatti-bilgileri"
"10dc8a66-60ba-44a3-9da9-cd1d8294a528","rayli-sistemler-eminonu-alibeykoy-tramvay-hatti-bilgileri","Rail Systems Eminönü-Alibeyköy Tram Line Information","Contains information about the Istanbul Eminonu-Alibeykoy tram line. The content of the data includes station code, station name, station district, integration status with other lines, station type, length of the tram line in the district, number of elevators, number of escalators and station depth.
","15.01.2020 10:29:25","27.03.2024 10:55:00","2","Mobilite","Alibeyköy|Eminönü|Ulaşım|asansör|bağlantı noktası|derinlik|entegrasyon|hat|istasyon|metro|raylı sistemler|uzunluk|yürüyen merdiven","Raylı Sistem Dairesi Başkanlığı","https://data.ibb.gov.tr/dataset/rayli-sistemler-eminonu-alibeykoy-tramvay-hatti-bilgileri"
"accce6dd-5892-4bc2-911f-92c213ad06aa","rayli-sistemler-m7-kabatas-mecidiyekoy-mahmutbey-metro-hatti-otopark-bilgileri","Rail Systems Kabataş-Mecidiyeköy-Mahmutbey Metro Line Parking Information","Contains the parking information of Istanbul M7 Kabatas-Mecidiyekoy-Mahmutbey metro line. The content of the data includes station code, station parking name, station district, building type, vehicle capacity information, station area and station parking depth.
","15.01.2020 06:41:53","27.03.2024 10:43:33","1","Mobilite","Kabataş|Mahmutbey|Mecidiyeköy|Ulaşım|alan|araç kapasitesi|hat|istasyon|istasyon alanı|metro|otopark derinlik|raylı sistemler|yapı tipi","Raylı Sistem Dairesi Başkanlığı","https://data.ibb.gov.tr/dataset/rayli-sistemler-m7-kabatas-mecidiyekoy-mahmutbey-metro-hatti-otopark-bilgileri"
"5331b48f-fde4-4574-a21f-8b506deb04ba","rayli-sistemler-ikitelli-atakoy-metro-hatti-verisi","Rail Systems İkitelli-Ataköy Metro Line Data","Contains information about the Istanbul Ikitelli-Atakoy metro line. The content of the data includes station code, station name, station district, integration status with other lines, station type, length of the metro line in the district, number of elevators, number of escalators and station depth.
","14.01.2020 12:46:15","27.03.2024 10:41:51","1","Mobilite","Ataköy|Ulaşım|asansör|bağlantı noktası|derinlik|entegrasyon|hat|istasyon|metro|raylı sistemler|uzunluk|yürüyen merdiven|İkitelli","Raylı Sistem Dairesi Başkanlığı","https://data.ibb.gov.tr/dataset/rayli-sistemler-ikitelli-atakoy-metro-hatti-verisi"
"145679b5-1f43-461d-bd85-2918c5b0d9a5","rayli-sistemler-rumelihisarustu-asiyan-funikuler-hatti-ilce-istasyon-verisi","Rail Systems Rumelihisarüstü-Aşiyan Funicular Line District Station Data","It contains information about the Istanbul Rumelihisarüstü-Aşiyan Funicular line. The content of the data includes the district to which the station is located, the number of stations, the name of the station, the length of the station, connection points with other stations and the number of elevators.","14.01.2020 13:21:16","27.03.2024 10:39:23","1","Mobilite","Aşiyan|Rumelihisarüstü|Ulaşım|füniküler|hat|ilçe|istasyon|istasyon uzunluğu|raylı sistemler","Raylı Sistem Dairesi Başkanlığı","https://data.ibb.gov.tr/dataset/rayli-sistemler-rumelihisarustu-asiyan-funikuler-hatti-ilce-istasyon-verisi"
"0c80a4af-c85d-471f-bb77-ce0e2d2ec34e","goruntu-isleme-yoluyla-elde-edilen-arac-verisii","Vehicle Data Obtained by Image Processing","This dataset was created as a result of daily analysis of the information obtained from the camera at the specified location in the data using the image processing method.

Variables such as direction, location, number of vehicles, average time the vehicle stays on the sensor, average speed of vehicles, and number of vehicles by vehicle type (passenger car, heavy vehicle, large vehicle, bus, two-wheeled vehicle) are included in the dataset.

__This data will not be updated.__","20.10.2022 07:27:42","27.03.2024 06:30:10","1","Mobilite","analiz|araç|ağır taşıt|binek araç|büyük araç|görüntü işleme|iki tekerlekli araç|otobüs","İSBAK Inc.","https://data.ibb.gov.tr/dataset/goruntu-isleme-yoluyla-elde-edilen-arac-verisii"
"ecb81384-5214-461d-b0ea-ffa5ef4689ee","rayli-sistemler-kirazli-halkalii-metro-hatti-bilgileri","Raylı Sistemler Kirazlı-Halkalı Metro Hattı Bilgileri","Raylı Sistemler Kirazlı-Halkalı metro hattı bilgilerini içerir.","17.03.2023 07:18:01","26.03.2024 08:30:30","1","Mobilite","halkalı|hat|istasyon|kirazlı|metro","Raylı Sistem Dairesi Başkanlığı","https://data.ibb.gov.tr/dataset/rayli-sistemler-kirazli-halkalii-metro-hatti-bilgileri"
"c555866f-dc14-4577-b71b-22612430e391","insaat-asamasindaki-kavsaklar","Junctions Under Construction","Bu veri kümesi ilçe bazında Yol Bakım Dairesi Başkanlığı tarafından yürütülen inşaat aşamasındaki kavşaklar ile prestij cadde ve trafik sirkülasyon çalışmalarına ait bilgileri içermektedir.","26.05.2022 12:47:52","25.03.2024 08:06:02","2","Mobilite","inşaat|kavşak|yol","Yol Bakım ve Altyapı Koordinasyon Dairesi Başkanlığı","https://data.ibb.gov.tr/dataset/insaat-asamasindaki-kavsaklar"
"90e295d8-53c3-4b0f-9fae-b24e3b9c2845","ilcelere-gore-pandemi-doneminde-yapilan-yardimlar","İlçelere Göre Pandemi Döneminde Yapılan Yardımlar","Bu veri seti ilçelere göre pandemi döneminde yapılan yardımları içermektedir.

__Pandemi yardımları kapsamında 01.04.2020-01.07.2021 tarih aralığı esas alınmıştır.__","22.03.2024 06:21:21","25.03.2024 05:49:46","1","Yaşam","pandemi|sosyal yardım","Sosyal Hizmetler Dairesi Başkanlığı","https://data.ibb.gov.tr/dataset/ilcelere-gore-pandemi-doneminde-yapilan-yardimlar"
"02bdc2d6-94bb-4e31-816e-528bc9d98703","ilce-bazinda-aylik-dogalgaz-tuketim-miktari","İlçe Bazında Aylık Doğalgaz Tüketim Miktarı","İstanbul'da bulunan 39 ilçenin aylık doğalgaz kullanım miktarını m³ cinsinden içerir. 

Bu veri seti artık güncellenmeyecektir. Güncel veriye [İlçelere Göre Doğalgaz Kullanım Sınıfı Bazında Kullanıcı Sayısı ve Tüketim Miktarı](https://data.ibb.gov.tr/dataset/istanbul-ilceleri-dogalgaz-kullanim-sinifi-kullanici-sayisi-tuketim-miktari) isimli veri kümesi aracılığı ile ulaşılabilir. ","13.01.2020 11:16:37","20.03.2024 08:24:23","1","Enerji","doğalgaz|enerji|gaz|tüketim miktarı|İGDAŞ","İGDAŞ","https://data.ibb.gov.tr/dataset/ilce-bazinda-aylik-dogalgaz-tuketim-miktari"
"adb89c31-58cc-49e1-9d95-4c705b1dcea4","t5-eminonu-alibeykoy-tramvay-hatti-guzergah-plani-ve-istasyon-bilgileri","T5-Eminönü-Alibeyköy Tram Line Route Plan and Station Information","This dataset contains T5-Eminönü-Alibeyköy tram line route plan and station information.

For detailed information [Rail Systems Eminönü-Alibeyköy Tram Line Information](https://data.ibb.gov.tr/en/dataset/rayli-sistemler-eminonu-alibeykoy-tramvay-hatti-bilgileri) can be viewed.","25.04.2023 07:26:53","19.03.2024 11:15:09","1","Mobilite","T5|alibeyköy|eminönü|güzergah|istasyon|tramvay","Raylı Sistem Dairesi Başkanlığı","https://data.ibb.gov.tr/dataset/t5-eminonu-alibeykoy-tramvay-hatti-guzergah-plani-ve-istasyon-bilgileri"
"dd2fbc5a-ee46-49bd-8450-9cf812d6d719","rayli-sistemler-mahmutbey-esenyurt-metro-hatti-bilgileri","Rail Systems Mahmutbey-Esenyurt Metro Line Information","Contains information about the Rail Systems  Mahmutbey-Esenyurt metro line.","17.03.2023 13:22:43","19.03.2024 11:05:49","2","Mobilite","esenyurt|hat|mahmutbey|metro|raylı sistem","Raylı Sistem Dairesi Başkanlığı","https://data.ibb.gov.tr/dataset/rayli-sistemler-mahmutbey-esenyurt-metro-hatti-bilgileri"
"18a62035-f156-4fd5-b21b-1aba7f6d0605","insaat-asamasindaki-yol-calismalari","İnşaat Aşamasındaki Yol Çalışmaları","Bu veri kümesi ilçe bazında yapım süreci devam eden yol çalışmaları bilgilerini içerir.","30.05.2022 06:53:46","19.03.2024 08:02:08","2","Mobilite|Security","inşaat|kavşak|yol","Yol Bakım ve Altyapı Koordinasyon Dairesi Başkanlığı","https://data.ibb.gov.tr/dataset/insaat-asamasindaki-yol-calismalari"
"eb157c55-fa0b-4c72-8653-52de79a59fef","aylik-perakende-gaz-satis-miktari-ve-fiyatlandirilmasi","Aylık Perakende Gaz Satış Fiyatlandırılması","Bu veri kümesi aylık olarak m^3 başına gaz satış fiyatlarını içermektedir. 

","11.02.2022 10:25:46","18.03.2024 12:02:35","1","Ekonomi|Enerji","gaz|gaz fiyatı|gaz satış|perakende|perakende satış","İstanbul İstatistik Ofisi","https://data.ibb.gov.tr/dataset/aylik-perakende-gaz-satis-miktari-ve-fiyatlandirilmasi"
"fde48260-b86e-4834-99c9-8d516eb3970c","rayli-sistemler-kaynarca-tuzla-metro-hatti-bilgileri","Rail Systems Karnarca-Icmeler Metro Line Information","It contains information about the Istanbul Kaynarca-İçmeler metro line. The content of the data includes station name, station district, integration status with other lines, length in the district, number of elevators and escalators.

With the new tender, the name of Kaynarca-Tuzla Metro Line was changed to ""Kaynarca-İçmeler Metro Line"".","16.01.2020 07:22:54","13.03.2024 11:51:44","4","Mobilite","Kaynarca|Tuzla|Ulaşım|asansör|bağlantı noktası|entegrasyon|hat|istasyon|metro|raylı sistemler|uzunluk|yürüyen merdiven","Raylı Sistem Dairesi Başkanlığı","https://data.ibb.gov.tr/dataset/rayli-sistemler-kaynarca-tuzla-metro-hatti-bilgileri"
"23d103fa-94bf-4728-9b9b-51345769eacf","iski-duyurulari","İSKİ Duyuruları","Veri seti, İstanbul Su ve Kanalizasyon İdaresi web sitesinden yayınlanan tüm duyuruları içerir.","10.01.2020 07:57:50","13.03.2024 11:40:17","6","Governance|Çevre","duyurular|iski|çevre","İSKİ","https://data.ibb.gov.tr/dataset/iski-duyurulari"
"717a2b8c-c2cb-49d0-bb01-e7dc81d5fada","idari-dava-sayilari","İdari Dava Sayıları","Bu veri kümesi İstanbul Büyükşehir Belediyesine ait idari dava sayılarını içermektedir.","14.06.2022 11:08:36","12.03.2024 12:41:25","3","Governance","dava|idari|mahkeme","1. Legal Counselors","https://data.ibb.gov.tr/dataset/idari-dava-sayilari"
"ec5cbb56-0b5f-418d-a2c6-11c202eb96c5","ceza-dava-sayilari","Ceza Dava Sayıları","Bu veri kümesi İstanbul Büyükşehir Belediyesine ait ceza davası sayılarını içermektedir.","14.06.2022 11:47:21","12.03.2024 12:36:55","3","Governance","ceza|dava|mahkeme","1. Legal Counselors","https://data.ibb.gov.tr/dataset/ceza-dava-sayilari"
"19f0b68c-f01c-4e9f-b188-4420ee5b76c0","adli-dava-sayilari","Adli Dava Sayıları","Bu veri kümesi İstanbul Büyükşehir Belediyesine ait adli dava sayılarını içerir.","21.06.2022 07:51:02","12.03.2024 12:32:08","3","Governance","adli|dava|mahkeme","1. Legal Counselors","https://data.ibb.gov.tr/dataset/adli-dava-sayilari"
"ab4a5210-f90d-4f88-84f0-a58929b55f6f","ilcelere-gore-iski-abone-sayilari","İlçelere Göre İSKİ Abone Sayıları","Bu veri seti İSKİ abone sayılarını içermektedir.","7.06.2023 06:28:25","1.03.2024 13:01:00","1","Çevre","active subscriber|subscriber","İSKİ","https://data.ibb.gov.tr/dataset/ilcelere-gore-iski-abone-sayilari"
"080e479c-80db-4b51-9cae-d22ff6c05f2c","istanbul-bolgelere-verilen-temiz-su-miktarlari","İstanbul Bölgelere Verilen Temiz Su Miktarları","Su arıtma tesisleri çıkış değerlerine göre İSKİ tarafından bölgelere verilen _aylık temiz su miktarlarını(m3)_ içeren veri setidir.  2010 yılı Ocak ayı ile 2023 yılı Mart ayı arasındaki aylık verileri içermektedir.","14.06.2021 11:33:13","1.03.2024 10:57:30","1","Çevre","arıtma|temiz su|İSKİ","İSKİ","https://data.ibb.gov.tr/dataset/istanbul-bolgelere-verilen-temiz-su-miktarlari"
"f41d89f1-6624-41f7-84cb-ee1baa33ab6a","iski-ilce-bazinda-susuzluk-sikayet-ve-cevap-sayilari","İSKİ İlçe Bazında Susuzluk Şikayet ve Cevap Sayıları","Veri seti, İstanbul genelindeki tüm ilçe ve mahallelerden İstanbul Su ve Kanalizasyon İdaresi (İSKİ) çağrı merkezine gelen susuzluk şikayet ve cevap sayılarına ilişkin bilgileri içerir.","10.01.2020 08:15:10","1.03.2024 08:42:30","5","Governance|Çevre","iski|susuzluk|çevre","İSKİ","https://data.ibb.gov.tr/dataset/iski-ilce-bazinda-susuzluk-sikayet-ve-cevap-sayilari"
"96fde959-3d0b-46d6-8b1d-78a7ba879fc6","istanbul-a-verilen-temiz-su-miktarlari","İstanbul'a Verilen Temiz Su Miktarları","Veri seti, İSKİ'nin İstanbul'a Verdiği Temiz Su Miktarlarının aylara göre değişimini içerir. Veriler yıllık olarak değerlendirilmektedir.","10.01.2020 08:24:46","1.03.2024 08:29:14","1","Çevre","baraj|doluluk|iski|istanbul|miktar|çevre","İSKİ","https://data.ibb.gov.tr/dataset/istanbul-a-verilen-temiz-su-miktarlari"
"86658ecd-f3f7-4ca4-a313-ae6204f21959","istanbul-barajlari-gunluk-doluluk-oranlari","İstanbul Barajları Günlük Doluluk Oranları","İstanbul'da yer alan 10 adet barajın günlük baraj doluluk oranlarını gösteren veri setidir.","14.06.2021 10:30:44","1.03.2024 08:25:26","1","Çevre","baraj|doluluk|istanbul|oran|çevre|İSKİ","İSKİ","https://data.ibb.gov.tr/dataset/istanbul-barajlari-gunluk-doluluk-oranlari"
"736cd643-5927-4b50-9d24-9e825ec91ade","iski-ilce-ve-mahalle-bazli-gelen-ve-cevaplanan-su-ariza-sayisi","Number of Incoming and Answered Water Faults of ISKI Based on District and Neighborhood","The data set includes the number of water failures received and corrected to the ISKI call center. The data are based on the districts and neighborhoods.","10.01.2020 08:06:38","1.03.2024 07:59:49","5","Çevre","ilçe|iski|mahalle|su arıza|çağrı merkezi","İSKİ","https://data.ibb.gov.tr/dataset/iski-ilce-ve-mahalle-bazli-gelen-ve-cevaplanan-su-ariza-sayisi"
"96e8a63a-649b-4b4b-86e1-5bd2481ac04c","mahallem-istanbul-projesi-ses-sosyo-ekonomik-statu-skorlari","Mahallem İstanbul Projesi SES (Sosyo Ekonomik Statü) Skorları","Bu veri kümesi 2016 yılında İstanbul Üniversitesi tarafından gerçekleştirilen ""Mahallem İstanbul Projesi"" çerçevesinde oluşturulmuş olan SES (Sosyo Ekonomik Statü) skorlarını içermektedir. ","3.12.2020 10:08:53","16.02.2024 10:24:06","1","Ekonomi|Yaşam","SES|istanbul üniversitesi|mahallem istanbul|mahallem istanbul projesi|skor|sosyo ekonomik statü","İstanbul İstatistik Ofisi","https://data.ibb.gov.tr/dataset/mahallem-istanbul-projesi-ses-sosyo-ekonomik-statu-skorlari"
"71fc2b91-a3a5-44aa-a514-a12f6ab63595","ulasim-ana-plani-hanehalki-anketleri","Transportation Master Plan Household Surveys","The data set includes the transportation master plan household surveys created by the Istanbul Metropolitan Municipality and the responses given by citizens to these surveys.","17.12.2020 10:13:37","14.02.2024 11:15:15","6","Mobilite","anket|halk|hane|hanehalkı|hanehalkı anketi|ulaşım|ulaşım ana planı|ulaşım planı","Ulaşım Dairesi Başkanlığı","https://data.ibb.gov.tr/dataset/ulasim-ana-plani-hanehalki-anketleri"
"a9f0312e-654f-49ff-ae31-cd5cb9a40822","sahiplendirilen-hayvanlar","Sahiplendirilen Hayvanlar","Aralık 2019'da İstanbul'da sahiplendirilen hayvanlarla ilgili bilgileri içerir. __Güncel veriye [Yıllara Göre Hayvan İstatistikleri](https://data.ibb.gov.tr/dataset/yillara-gore-hayvan-istatistikleri) veri kümesi aracılığıyla ulaşılabilir.__","14.01.2020 10:29:58","12.02.2024 07:44:54","1","Yaşam","sahiplendirilen hayvanlar|sokak hayvanları|veteriner hizmetleri|yaşam","Tarımsal Hizmetler Dairesi Başkanlığı","https://data.ibb.gov.tr/dataset/sahiplendirilen-hayvanlar"
"23710169-e244-4299-94bc-1a7c7f575d38","yillara-gore-atiktan-geri-kazanim-miktarlari","Yıllara Göre Atıktan Geri Kazanım Miktarları","Veri seti, İstanbul'da 2004 yılından itibaren üretilen kompost, geri dönüşebilir malzeme ve atıktan türetilmiş yakıttan geri kazanılan miktar bilgilerini içerir.

__Bu veri seti güncellenmeyecektir. Güncel veri için [Atıktan Geri Kazanım Miktarları](https://data.ibb.gov.tr/tr/dataset/atiktan-geri-kazanim-miktarlari) veri kümesi incelenebilir.__","10.01.2020 11:25:41","8.02.2024 09:53:06","1","Çevre","atık|geri dönüşüm|geri kazanım|kompost|yakıt|çevre","Department of Environmental Protection and Development","https://data.ibb.gov.tr/dataset/yillara-gore-atiktan-geri-kazanim-miktarlari"
"7ac59300-88b6-4289-aae6-a74ea2442387","34-dakika-istanbul-barinma-indeksi","34 Dakika İstanbul Barınma İndeksi","34 Dakika İstanbul, yürünebilir ve erişilebilir kentsel hizmet kalitesi için günlük ihtiyaçların karşılandığı alanları gösteren bir platformdur.

Kentsel yaşam kalitesi; sürdürülebilirlik, canlılık, yaşanabilirlik, keyif alma, eşitlik ve refah parametrelerinden oluşmakta olup, projede yaşanabilirlik indeksi üzerinden bir değerlendirme yapılmıştır.

Yaşanabilirlik indeksi; ayrı olarak hesaplanan çeşitlilik, karşılanabilirlik ve yürünebilirlik indekslerinden üretilmiş olup 0-100 arası bir puana sahiptir.

1-Çeşitlilik indeksi, İstanbul’un 8 ana fonksiyondaki (Barınma, Çalışma, İhtiyacını Karşılama, Kültürel Aktivite, Öğrenme, Sağlık, Ulaşım ve Vakit Geçirme) çeşitliliğini temsil eden bir indekstir.

2-Karşılanabilirlik indeksi, yaşayanların gelir durumu ve satın alınabilirliği üzerinden yaşanılan yerin karşılanabilirliğini temsil eden bir indekstir.

3-Yürünebilirlik indeksi ise gerek fiziksel altyapı gerekse yürümeyi teşvik edecek öğelerin bir arada bulunmasını temsil eden bir indekstir.

Proje kapsamında belirlenen 17 dakikalık yaşam alanları, günlük ihtiyaçların karşılanabildiği, satın alınabilirliğin ve yürünebilirliğin yüksek olduğu 34 dakikalık yaşam alanlarını oluşturmaktadır. 34 dakikalık yaşam alanları barınma, çalışma, ihtiyacını karşılama, kültürel aktivite, öğrenme, sağlık, ulaşım ve vakit geçirme olmak üzere 8 fonksiyonda toplanmış günlük ihtiyaçlar üzerinden kıyaslanabilmekte ve bölgelerin kentsel altyapı eksikliklerine dair çıktılar sunarak karar alıcılar için bir altlık oluşturmaktadır.

__Proje hakkında daha fazla bilgi için [34 Dakika İstanbul](https://34dakika.istanbul/) web sitesini ziyaret edebilirsiniz.__","31.01.2024 06:55:04","1.02.2024 10:03:04","3","Mobilite|Yaşam","34dakika|barınma|indeks","Department of Information Technologies","https://data.ibb.gov.tr/dataset/34-dakika-istanbul-barinma-indeksi"
"2a377264-5a1d-4114-95f0-77433526255b","34-dakika-istanbul-calisma-indeksi","34 Dakika İstanbul Çalışma İndeksi","34 Dakika İstanbul, yürünebilir ve erişilebilir kentsel hizmet kalitesi için günlük ihtiyaçların karşılandığı alanları gösteren bir platformdur.

Kentsel yaşam kalitesi; sürdürülebilirlik, canlılık, yaşanabilirlik, keyif alma, eşitlik ve refah parametrelerinden oluşmakta olup, projede yaşanabilirlik indeksi üzerinden bir değerlendirme yapılmıştır.

Yaşanabilirlik indeksi; ayrı olarak hesaplanan çeşitlilik, karşılanabilirlik ve yürünebilirlik indekslerinden üretilmiş olup 0-100 arası bir puana sahiptir.

1-Çeşitlilik indeksi, İstanbul’un 8 ana fonksiyondaki (Barınma, Çalışma, İhtiyacını Karşılama, Kültürel Aktivite, Öğrenme, Sağlık, Ulaşım ve Vakit Geçirme) çeşitliliğini temsil eden bir indekstir.

2-Karşılanabilirlik indeksi, yaşayanların gelir durumu ve satın alınabilirliği üzerinden yaşanılan yerin karşılanabilirliğini temsil eden bir indekstir.

3-Yürünebilirlik indeksi ise gerek fiziksel altyapı gerekse yürümeyi teşvik edecek öğelerin bir arada bulunmasını temsil eden bir indekstir.

Proje kapsamında belirlenen 17 dakikalık yaşam alanları, günlük ihtiyaçların karşılanabildiği, satın alınabilirliğin ve yürünebilirliğin yüksek olduğu 34 dakikalık yaşam alanlarını oluşturmaktadır. 34 dakikalık yaşam alanları barınma, çalışma, ihtiyacını karşılama, kültürel aktivite, öğrenme, sağlık, ulaşım ve vakit geçirme olmak üzere 8 fonksiyonda toplanmış günlük ihtiyaçlar üzerinden kıyaslanabilmekte ve bölgelerin kentsel altyapı eksikliklerine dair çıktılar sunarak karar alıcılar için bir altlık oluşturmaktadır.

__Proje hakkında daha fazla bilgi için [34 Dakika İstanbul](https://34dakika.istanbul/) web sitesini ziyaret edebilirsiniz.__","1.02.2024 07:15:07","1.02.2024 10:02:21","3","Mobilite|Yaşam","34dakika|indeks|çalışma","Department of Information Technologies","https://data.ibb.gov.tr/dataset/34-dakika-istanbul-calisma-indeksi"
"f5b1880a-d072-443f-908c-f18bab788e85","34-dakika-istanbul-ihtiyacini-karsilama-indeksi","34 Dakika İstanbul İhtiyacını Karşılama İndeksi","34 Dakika İstanbul, yürünebilir ve erişilebilir kentsel hizmet kalitesi için günlük ihtiyaçların karşılandığı alanları gösteren bir platformdur.

Kentsel yaşam kalitesi; sürdürülebilirlik, canlılık, yaşanabilirlik, keyif alma, eşitlik ve refah parametrelerinden oluşmakta olup, projede yaşanabilirlik indeksi üzerinden bir değerlendirme yapılmıştır.

Yaşanabilirlik indeksi; ayrı olarak hesaplanan çeşitlilik, karşılanabilirlik ve yürünebilirlik indekslerinden üretilmiş olup 0-100 arası bir puana sahiptir.

1-Çeşitlilik indeksi, İstanbul’un 8 ana fonksiyondaki (Barınma, Çalışma, İhtiyacını Karşılama, Kültürel Aktivite, Öğrenme, Sağlık, Ulaşım ve Vakit Geçirme) çeşitliliğini temsil eden bir indekstir.

2-Karşılanabilirlik indeksi, yaşayanların gelir durumu ve satın alınabilirliği üzerinden yaşanılan yerin karşılanabilirliğini temsil eden bir indekstir.

3-Yürünebilirlik indeksi ise gerek fiziksel altyapı gerekse yürümeyi teşvik edecek öğelerin bir arada bulunmasını temsil eden bir indekstir.

Proje kapsamında belirlenen 17 dakikalık yaşam alanları, günlük ihtiyaçların karşılanabildiği, satın alınabilirliğin ve yürünebilirliğin yüksek olduğu 34 dakikalık yaşam alanlarını oluşturmaktadır. 34 dakikalık yaşam alanları barınma, çalışma, ihtiyacını karşılama, kültürel aktivite, öğrenme, sağlık, ulaşım ve vakit geçirme olmak üzere 8 fonksiyonda toplanmış günlük ihtiyaçlar üzerinden kıyaslanabilmekte ve bölgelerin kentsel altyapı eksikliklerine dair çıktılar sunarak karar alıcılar için bir altlık oluşturmaktadır.

__Proje hakkında daha fazla bilgi için [34 Dakika İstanbul](https://34dakika.istanbul/) web sitesini ziyaret edebilirsiniz.__","1.02.2024 07:21:26","1.02.2024 10:01:33","3","Mobilite|Yaşam","34dakika|ihtiyacını karşılama|indeks|yerel hizmetler","Department of Information Technologies","https://data.ibb.gov.tr/dataset/34-dakika-istanbul-ihtiyacini-karsilama-indeksi"
"61f39231-b963-469d-bdd4-d3d430965122","34-dakika-istanbul-yasam-kalitesi-indeksi","34 Dakika İstanbul Yaşam Kalitesi İndeksi","34 Dakika İstanbul, yürünebilir ve erişilebilir kentsel hizmet kalitesi için günlük ihtiyaçların karşılandığı alanları gösteren bir platformdur.

Kentsel yaşam kalitesi; sürdürülebilirlik, canlılık, yaşanabilirlik, keyif alma, eşitlik ve refah parametrelerinden oluşmakta olup, projede yaşanabilirlik indeksi üzerinden bir değerlendirme yapılmıştır.

Yaşanabilirlik indeksi; ayrı olarak hesaplanan çeşitlilik, karşılanabilirlik ve yürünebilirlik indekslerinden üretilmiş olup 0-100 arası bir puana sahiptir.

1-Çeşitlilik indeksi, İstanbul’un 8 ana fonksiyondaki (Barınma, Çalışma, İhtiyacını Karşılama, Kültürel Aktivite, Öğrenme, Sağlık, Ulaşım ve Vakit Geçirme) çeşitliliğini temsil eden bir indekstir.

2-Karşılanabilirlik indeksi, yaşayanların gelir durumu ve satın alınabilirliği üzerinden yaşanılan yerin karşılanabilirliğini temsil eden bir indekstir.

3-Yürünebilirlik indeksi ise gerek fiziksel altyapı gerekse yürümeyi teşvik edecek öğelerin bir arada bulunmasını temsil eden bir indekstir.

Proje kapsamında belirlenen 17 dakikalık yaşam alanları, günlük ihtiyaçların karşılanabildiği, satın alınabilirliğin ve yürünebilirliğin yüksek olduğu 34 dakikalık yaşam alanlarını oluşturmaktadır. 34 dakikalık yaşam alanları barınma, çalışma, ihtiyacını karşılama, kültürel aktivite, öğrenme, sağlık, ulaşım ve vakit geçirme olmak üzere 8 fonksiyonda toplanmış günlük ihtiyaçlar üzerinden kıyaslanabilmekte ve bölgelerin kentsel altyapı eksikliklerine dair çıktılar sunarak karar alıcılar için bir altlık oluşturmaktadır.

__Proje hakkında daha fazla bilgi için [34 Dakika İstanbul](https://34dakika.istanbul/) web sitesini ziyaret edebilirsiniz.__","1.02.2024 09:20:27","1.02.2024 10:00:06","3","Mobilite|Yaşam","34dakika|indeks|yaşam kalitesi","Department of Information Technologies","https://data.ibb.gov.tr/dataset/34-dakika-istanbul-yasam-kalitesi-indeksi"
"5f441b9f-348e-465c-9ad8-204e5e841be4","34-dakika-istanbul-yurunebilirlik-indeksi","34 Dakika İstanbul Yürünebilirlik İndeksi","34 Dakika İstanbul, yürünebilir ve erişilebilir kentsel hizmet kalitesi için günlük ihtiyaçların karşılandığı alanları gösteren bir platformdur.

Kentsel yaşam kalitesi; sürdürülebilirlik, canlılık, yaşanabilirlik, keyif alma, eşitlik ve refah parametrelerinden oluşmakta olup, projede yaşanabilirlik indeksi üzerinden bir değerlendirme yapılmıştır.

Yaşanabilirlik indeksi; ayrı olarak hesaplanan çeşitlilik, karşılanabilirlik ve yürünebilirlik indekslerinden üretilmiş olup 0-100 arası bir puana sahiptir.

1-Çeşitlilik indeksi, İstanbul’un 8 ana fonksiyondaki (Barınma, Çalışma, İhtiyacını Karşılama, Kültürel Aktivite, Öğrenme, Sağlık, Ulaşım ve Vakit Geçirme) çeşitliliğini temsil eden bir indekstir.

2-Karşılanabilirlik indeksi, yaşayanların gelir durumu ve satın alınabilirliği üzerinden yaşanılan yerin karşılanabilirliğini temsil eden bir indekstir.

3-Yürünebilirlik indeksi ise gerek fiziksel altyapı gerekse yürümeyi teşvik edecek öğelerin bir arada bulunmasını temsil eden bir indekstir.

Proje kapsamında belirlenen 17 dakikalık yaşam alanları, günlük ihtiyaçların karşılanabildiği, satın alınabilirliğin ve yürünebilirliğin yüksek olduğu 34 dakikalık yaşam alanlarını oluşturmaktadır. 34 dakikalık yaşam alanları barınma, çalışma, ihtiyacını karşılama, kültürel aktivite, öğrenme, sağlık, ulaşım ve vakit geçirme olmak üzere 8 fonksiyonda toplanmış günlük ihtiyaçlar üzerinden kıyaslanabilmekte ve bölgelerin kentsel altyapı eksikliklerine dair çıktılar sunarak karar alıcılar için bir altlık oluşturmaktadır.

__Proje hakkında daha fazla bilgi için [34 Dakika İstanbul](https://34dakika.istanbul/) web sitesini ziyaret edebilirsiniz.__","1.02.2024 09:17:21","1.02.2024 09:59:13","3","Mobilite","34dakika|indeks|yürünebilirlik","Department of Information Technologies","https://data.ibb.gov.tr/dataset/34-dakika-istanbul-yurunebilirlik-indeksi"
"67f429f7-00d9-444b-acfb-43f73903f4fc","34-dakika-istanbul-karsilanabilirlik-indeksi","34 Dakika İstanbul Karşılanabilirlik İndeksi","34 Dakika İstanbul, yürünebilir ve erişilebilir kentsel hizmet kalitesi için günlük ihtiyaçların karşılandığı alanları gösteren bir platformdur.

Kentsel yaşam kalitesi; sürdürülebilirlik, canlılık, yaşanabilirlik, keyif alma, eşitlik ve refah parametrelerinden oluşmakta olup, projede yaşanabilirlik indeksi üzerinden bir değerlendirme yapılmıştır.

Yaşanabilirlik indeksi; ayrı olarak hesaplanan çeşitlilik, karşılanabilirlik ve yürünebilirlik indekslerinden üretilmiş olup 0-100 arası bir puana sahiptir.

1-Çeşitlilik indeksi, İstanbul’un 8 ana fonksiyondaki (Barınma, Çalışma, İhtiyacını Karşılama, Kültürel Aktivite, Öğrenme, Sağlık, Ulaşım ve Vakit Geçirme) çeşitliliğini temsil eden bir indekstir.

2-Karşılanabilirlik indeksi, yaşayanların gelir durumu ve satın alınabilirliği üzerinden yaşanılan yerin karşılanabilirliğini temsil eden bir indekstir.

3-Yürünebilirlik indeksi ise gerek fiziksel altyapı gerekse yürümeyi teşvik edecek öğelerin bir arada bulunmasını temsil eden bir indekstir.

Proje kapsamında belirlenen 17 dakikalık yaşam alanları, günlük ihtiyaçların karşılanabildiği, satın alınabilirliğin ve yürünebilirliğin yüksek olduğu 34 dakikalık yaşam alanlarını oluşturmaktadır. 34 dakikalık yaşam alanları barınma, çalışma, ihtiyacını karşılama, kültürel aktivite, öğrenme, sağlık, ulaşım ve vakit geçirme olmak üzere 8 fonksiyonda toplanmış günlük ihtiyaçlar üzerinden kıyaslanabilmekte ve bölgelerin kentsel altyapı eksikliklerine dair çıktılar sunarak karar alıcılar için bir altlık oluşturmaktadır.

__Proje hakkında daha fazla bilgi için [34 Dakika İstanbul](https://34dakika.istanbul/) web sitesini ziyaret edebilirsiniz.__","1.02.2024 09:13:38","1.02.2024 09:58:25","3","Mobilite","34dakika|indeks|karşılanabilirlik|konut","Department of Information Technologies","https://data.ibb.gov.tr/dataset/34-dakika-istanbul-karsilanabilirlik-indeksi"
"84f46a17-3027-4617-a0df-3051cd2f765e","34-dakika-istanbul-vakit-gecirme-indeksi","34 Dakika İstanbul Vakit Geçirme İndeksi","34 Dakika İstanbul, yürünebilir ve erişilebilir kentsel hizmet kalitesi için günlük ihtiyaçların karşılandığı alanları gösteren bir platformdur.

Kentsel yaşam kalitesi; sürdürülebilirlik, canlılık, yaşanabilirlik, keyif alma, eşitlik ve refah parametrelerinden oluşmakta olup, projede yaşanabilirlik indeksi üzerinden bir değerlendirme yapılmıştır.

Yaşanabilirlik indeksi; ayrı olarak hesaplanan çeşitlilik, karşılanabilirlik ve yürünebilirlik indekslerinden üretilmiş olup 0-100 arası bir puana sahiptir.

1-Çeşitlilik indeksi, İstanbul’un 8 ana fonksiyondaki (Barınma, Çalışma, İhtiyacını Karşılama, Kültürel Aktivite, Öğrenme, Sağlık, Ulaşım ve Vakit Geçirme) çeşitliliğini temsil eden bir indekstir.

2-Karşılanabilirlik indeksi, yaşayanların gelir durumu ve satın alınabilirliği üzerinden yaşanılan yerin karşılanabilirliğini temsil eden bir indekstir.

3-Yürünebilirlik indeksi ise gerek fiziksel altyapı gerekse yürümeyi teşvik edecek öğelerin bir arada bulunmasını temsil eden bir indekstir.

Proje kapsamında belirlenen 17 dakikalık yaşam alanları, günlük ihtiyaçların karşılanabildiği, satın alınabilirliğin ve yürünebilirliğin yüksek olduğu 34 dakikalık yaşam alanlarını oluşturmaktadır. 34 dakikalık yaşam alanları barınma, çalışma, ihtiyacını karşılama, kültürel aktivite, öğrenme, sağlık, ulaşım ve vakit geçirme olmak üzere 8 fonksiyonda toplanmış günlük ihtiyaçlar üzerinden kıyaslanabilmekte ve bölgelerin kentsel altyapı eksikliklerine dair çıktılar sunarak karar alıcılar için bir altlık oluşturmaktadır.

__Proje hakkında daha fazla bilgi için [34 Dakika İstanbul](https://34dakika.istanbul/) web sitesini ziyaret edebilirsiniz.__","1.02.2024 09:09:06","1.02.2024 09:57:35","3","Mobilite|Yaşam","34dakika|indeks|meydan|vakit geçirme","Department of Information Technologies","https://data.ibb.gov.tr/dataset/34-dakika-istanbul-vakit-gecirme-indeksi"
"d5974acd-ac50-4de5-908a-dadb1ca4f41c","34-dakika-istanbul-ulasim-indeksi","34 Dakika İstanbul Ulaşım İndeksi","34 Dakika İstanbul, yürünebilir ve erişilebilir kentsel hizmet kalitesi için günlük ihtiyaçların karşılandığı alanları gösteren bir platformdur.

Kentsel yaşam kalitesi; sürdürülebilirlik, canlılık, yaşanabilirlik, keyif alma, eşitlik ve refah parametrelerinden oluşmakta olup, projede yaşanabilirlik indeksi üzerinden bir değerlendirme yapılmıştır.

Yaşanabilirlik indeksi; ayrı olarak hesaplanan çeşitlilik, karşılanabilirlik ve yürünebilirlik indekslerinden üretilmiş olup 0-100 arası bir puana sahiptir.

1-Çeşitlilik indeksi, İstanbul’un 8 ana fonksiyondaki (Barınma, Çalışma, İhtiyacını Karşılama, Kültürel Aktivite, Öğrenme, Sağlık, Ulaşım ve Vakit Geçirme) çeşitliliğini temsil eden bir indekstir.

2-Karşılanabilirlik indeksi, yaşayanların gelir durumu ve satın alınabilirliği üzerinden yaşanılan yerin karşılanabilirliğini temsil eden bir indekstir.

3-Yürünebilirlik indeksi ise gerek fiziksel altyapı gerekse yürümeyi teşvik edecek öğelerin bir arada bulunmasını temsil eden bir indekstir.

Proje kapsamında belirlenen 17 dakikalık yaşam alanları, günlük ihtiyaçların karşılanabildiği, satın alınabilirliğin ve yürünebilirliğin yüksek olduğu 34 dakikalık yaşam alanlarını oluşturmaktadır. 34 dakikalık yaşam alanları barınma, çalışma, ihtiyacını karşılama, kültürel aktivite, öğrenme, sağlık, ulaşım ve vakit geçirme olmak üzere 8 fonksiyonda toplanmış günlük ihtiyaçlar üzerinden kıyaslanabilmekte ve bölgelerin kentsel altyapı eksikliklerine dair çıktılar sunarak karar alıcılar için bir altlık oluşturmaktadır.

__Proje hakkında daha fazla bilgi için [34 Dakika İstanbul](https://34dakika.istanbul/) web sitesini ziyaret edebilirsiniz.__","1.02.2024 09:05:56","1.02.2024 09:57:02","3","Mobilite","34dakika|indeks|otopark|ulaşım","Department of Information Technologies","https://data.ibb.gov.tr/dataset/34-dakika-istanbul-ulasim-indeksi"
"d68cd520-971c-46c1-98cb-6cb66c940604","34-dakika-istanbul-saglik-indeksi","34 Minutes Istanbul Health Index","34 Minutes Istanbul is a platform that shows areas where daily needs are met for walkable and accessible urban service quality.

Urban quality of life; It consists of sustainability, vitality, livability, enjoyment, equality and welfare parameters, and an evaluation was made in the project through the livability index.

Livability index; It is produced from separately calculated diversity, affordability and walkability indexes and has a score between 0-100.

1-Diversity index is an index that represents the diversity of Istanbul in 8 main functions (Housing, Working, Meeting Needs, Cultural Activity, Learning, Health, Transportation and Spending Time).

2-Affordability index is an index that represents the affordability of the place to live based on the income level and affordability of the residents.

3-The walkability index is an index that represents the combination of both physical infrastructure and elements that will encourage walking.

The 17-minute living spaces determined within the scope of the project constitute 34-minute living spaces where daily needs can be met and affordability and walkability are high. 34-minute living spaces can be compared based on daily needs grouped in 8 functions: shelter, work, meeting needs, cultural activity, learning, health, transportation and spending time, and provide a basis for decision makers by providing outputs on the urban infrastructure deficiencies of the regions.

__For more information about the project, you can visit the [34 Minutes Istanbul](https://34dakika.istanbul/) website.__","1.02.2024 09:02:44","1.02.2024 09:55:39","3","Mobilite|Yaşam","34dakika|eczane|hastane|indeks|sağlık","Department of Information Technologies","https://data.ibb.gov.tr/dataset/34-dakika-istanbul-saglik-indeksi"
"06d49ec1-9f90-4e16-aef2-1f7b94e7b708","34-dakika-istanbul-ogrenme-indeksi","34 Dakika İstanbul Öğrenme İndeksi","34 Dakika İstanbul, yürünebilir ve erişilebilir kentsel hizmet kalitesi için günlük ihtiyaçların karşılandığı alanları gösteren bir platformdur.

Kentsel yaşam kalitesi; sürdürülebilirlik, canlılık, yaşanabilirlik, keyif alma, eşitlik ve refah parametrelerinden oluşmakta olup, projede yaşanabilirlik indeksi üzerinden bir değerlendirme yapılmıştır.

Yaşanabilirlik indeksi; ayrı olarak hesaplanan çeşitlilik, karşılanabilirlik ve yürünebilirlik indekslerinden üretilmiş olup 0-100 arası bir puana sahiptir.

1-Çeşitlilik indeksi, İstanbul’un 8 ana fonksiyondaki (Barınma, Çalışma, İhtiyacını Karşılama, Kültürel Aktivite, Öğrenme, Sağlık, Ulaşım ve Vakit Geçirme) çeşitliliğini temsil eden bir indekstir.

2-Karşılanabilirlik indeksi, yaşayanların gelir durumu ve satın alınabilirliği üzerinden yaşanılan yerin karşılanabilirliğini temsil eden bir indekstir.

3-Yürünebilirlik indeksi ise gerek fiziksel altyapı gerekse yürümeyi teşvik edecek öğelerin bir arada bulunmasını temsil eden bir indekstir.

Proje kapsamında belirlenen 17 dakikalık yaşam alanları, günlük ihtiyaçların karşılanabildiği, satın alınabilirliğin ve yürünebilirliğin yüksek olduğu 34 dakikalık yaşam alanlarını oluşturmaktadır. 34 dakikalık yaşam alanları barınma, çalışma, ihtiyacını karşılama, kültürel aktivite, öğrenme, sağlık, ulaşım ve vakit geçirme olmak üzere 8 fonksiyonda toplanmış günlük ihtiyaçlar üzerinden kıyaslanabilmekte ve bölgelerin kentsel altyapı eksikliklerine dair çıktılar sunarak karar alıcılar için bir altlık oluşturmaktadır.

__Proje hakkında daha fazla bilgi için [34 Dakika İstanbul](https://34dakika.istanbul/) web sitesini ziyaret edebilirsiniz.__","1.02.2024 08:58:38","1.02.2024 09:54:40","3","Mobilite|İnsan","34dakika|indeks|kütüphane|okul|öğrenme","Department of Information Technologies","https://data.ibb.gov.tr/dataset/34-dakika-istanbul-ogrenme-indeksi"
"a86fd366-e913-4940-b168-4cccb48603fc","34-dakika-istanbul-kulturel-aktivite-indeksi","34 Dakika İstanbul Kültürel Aktivite İndeksi","34 Dakika İstanbul, yürünebilir ve erişilebilir kentsel hizmet kalitesi için günlük ihtiyaçların karşılandığı alanları gösteren bir platformdur.

Kentsel yaşam kalitesi; sürdürülebilirlik, canlılık, yaşanabilirlik, keyif alma, eşitlik ve refah parametrelerinden oluşmakta olup, projede yaşanabilirlik indeksi üzerinden bir değerlendirme yapılmıştır.

Yaşanabilirlik indeksi; ayrı olarak hesaplanan çeşitlilik, karşılanabilirlik ve yürünebilirlik indekslerinden üretilmiş olup 0-100 arası bir puana sahiptir.

1-Çeşitlilik indeksi, İstanbul’un 8 ana fonksiyondaki (Barınma, Çalışma, İhtiyacını Karşılama, Kültürel Aktivite, Öğrenme, Sağlık, Ulaşım ve Vakit Geçirme) çeşitliliğini temsil eden bir indekstir.

2-Karşılanabilirlik indeksi, yaşayanların gelir durumu ve satın alınabilirliği üzerinden yaşanılan yerin karşılanabilirliğini temsil eden bir indekstir.

3-Yürünebilirlik indeksi ise gerek fiziksel altyapı gerekse yürümeyi teşvik edecek öğelerin bir arada bulunmasını temsil eden bir indekstir.

Proje kapsamında belirlenen 17 dakikalık yaşam alanları, günlük ihtiyaçların karşılanabildiği, satın alınabilirliğin ve yürünebilirliğin yüksek olduğu 34 dakikalık yaşam alanlarını oluşturmaktadır. 34 dakikalık yaşam alanları barınma, çalışma, ihtiyacını karşılama, kültürel aktivite, öğrenme, sağlık, ulaşım ve vakit geçirme olmak üzere 8 fonksiyonda toplanmış günlük ihtiyaçlar üzerinden kıyaslanabilmekte ve bölgelerin kentsel altyapı eksikliklerine dair çıktılar sunarak karar alıcılar için bir altlık oluşturmaktadır.

__Proje hakkında daha fazla bilgi için [34 Dakika İstanbul](https://34dakika.istanbul/) web sitesini ziyaret edebilirsiniz.__","1.02.2024 08:54:26","1.02.2024 09:53:39","3","Mobilite|Yaşam","34dakika|indeks|kültürel aktivite|sinema|tiyatro","Department of Information Technologies","https://data.ibb.gov.tr/dataset/34-dakika-istanbul-kulturel-aktivite-indeksi"
"3886926c-3d34-44e3-a551-bbd69f3ada4c","34-dakika-istanbul-cesitlilik-indeksi","34 Dakika İstanbul Çeşitlilik İndeksi","34 Dakika İstanbul, yürünebilir ve erişilebilir kentsel hizmet kalitesi için günlük ihtiyaçların karşılandığı alanları gösteren bir platformdur.

Kentsel yaşam kalitesi; sürdürülebilirlik, canlılık, yaşanabilirlik, keyif alma, eşitlik ve refah parametrelerinden oluşmakta olup, projede yaşanabilirlik indeksi üzerinden bir değerlendirme yapılmıştır.

Yaşanabilirlik indeksi; ayrı olarak hesaplanan çeşitlilik, karşılanabilirlik ve yürünebilirlik indekslerinden üretilmiş olup 0-100 arası bir puana sahiptir.

1-Çeşitlilik indeksi, İstanbul’un 8 ana fonksiyondaki (Barınma, Çalışma, İhtiyacını Karşılama, Kültürel Aktivite, Öğrenme, Sağlık, Ulaşım ve Vakit Geçirme) çeşitliliğini temsil eden bir indekstir.

2-Karşılanabilirlik indeksi, yaşayanların gelir durumu ve satın alınabilirliği üzerinden yaşanılan yerin karşılanabilirliğini temsil eden bir indekstir.

3-Yürünebilirlik indeksi ise gerek fiziksel altyapı gerekse yürümeyi teşvik edecek öğelerin bir arada bulunmasını temsil eden bir indekstir.

Proje kapsamında belirlenen 17 dakikalık yaşam alanları, günlük ihtiyaçların karşılanabildiği, satın alınabilirliğin ve yürünebilirliğin yüksek olduğu 34 dakikalık yaşam alanlarını oluşturmaktadır. 34 dakikalık yaşam alanları barınma, çalışma, ihtiyacını karşılama, kültürel aktivite, öğrenme, sağlık, ulaşım ve vakit geçirme olmak üzere 8 fonksiyonda toplanmış günlük ihtiyaçlar üzerinden kıyaslanabilmekte ve bölgelerin kentsel altyapı eksikliklerine dair çıktılar sunarak karar alıcılar için bir altlık oluşturmaktadır.

__Proje hakkında daha fazla bilgi için [34 Dakika İstanbul](https://34dakika.istanbul/) web sitesini ziyaret edebilirsiniz.__","1.02.2024 07:29:33","1.02.2024 09:52:01","3","Mobilite","34dakika|indeks|çeşitlilik","Department of Information Technologies","https://data.ibb.gov.tr/dataset/34-dakika-istanbul-cesitlilik-indeksi"
"e1d3a87e-e99f-45b9-bdd0-c4a93e19c265","istanbul-bisiklet-haritasi","İstanbul Bisiklet Haritası","İstanbul Bisiklet haritası; ayrılmış, paylaşımlı, inşaat aşamasında, ulaşım trafik komisyonu kararı alınan ve projelendirme çalışması devam eden bisiklet yollarını, bisiklet ve mikromobilite park alanlarını ve bisiklet bakım istasyonlarını içermektedir.

__[İstanbul Bisiklet Yolları verisi](https://data.ibb.gov.tr/dataset/istanbul-bisiklet-yollari-verisi) GeoJSON formatta ayrı olarak yüklenmiştir.__","4.08.2021 09:58:07","29.01.2024 07:51:06","1","Mobilite","bisiklet|bisiklet haritası|bisiklet yolu|harita","Ulaşım Dairesi Başkanlığı","https://data.ibb.gov.tr/dataset/istanbul-bisiklet-haritasi"
"b7cea1dd-7517-4747-859c-5e225ee4248e","vdym-ilce-bazinda-hanelerin-elektronik-aletleri-yardim-almadan-kullanabilme-istatistikleri","VDYM İlçe Bazında Hanelerin Elektronik Aletleri Yardım Almadan Kullanabilme İstatistikleri","İstanbul’da VDYM (Veriye Dayalı Yönetim Modeli) araştırması ile İstanbul halkının genel sosyodemografik ve sosyoekonomik profilinin, ihtiyaç ve eğilimlerinin belirlenerek yatırım ve hizmetler konusunda oluşturulacak stratejilere altlık olacak veri üretilmesi hedeflenmiştir. Bu amaçla kent genelinde 50.000 hane ile yüz yüze anket yöntemi kullanılarak görüşme gerçekleştirilmiştir. Anket sayısı her mahalleye en az 12 anket düşecek şekilde mahalle hane sayıları oranında dağıtılmıştır. Çalışma sonuçlarının İstanbul’u temsil edebilmesi için görüşme gerçekleştirilecek haneler, mahalle düzeyinde tabakalı rastgele örneklem yöntemi ile seçilmiştir.

Çalıştaylar ve toplantılar ile nihai hali belirlenen anket formunun uygulandığı saha çalışması 29.11.2021 – 07.03.2022 tarihleri arasında gerçekleştirilmiştir.

__Bu veri setinde; ham veri olarak paylaşılmış olan [Veriye Dayalı Yönetim Modeli araştırmasının](https://data.ibb.gov.tr/dataset?q=veriye+dayal%C4%B1+y%C3%B6netim+modeli) ilçe bazlı analiz verileri yer almaktadır.__","22.12.2023 13:19:24","25.12.2023 08:57:27","1","Governance","elektronik|hanehalkı","Department of Information Technologies","https://data.ibb.gov.tr/dataset/vdym-ilce-bazinda-hanelerin-elektronik-aletleri-yardim-almadan-kullanabilme-istatistikleri"
"4dc5434f-11a2-438b-9e60-de2c28c124a4","vdym-ilce-bazinda-hanelerdeki-haftalik-spor-yapilan-gun-sayisi","VDYM İlçe Bazında Hanelerdeki Haftalık Spor Yapılan Gün Sayısı","İstanbul’da VDYM (Veriye Dayalı Yönetim Modeli) araştırması ile İstanbul halkının genel sosyodemografik ve sosyoekonomik profilinin, ihtiyaç ve eğilimlerinin belirlenerek yatırım ve hizmetler konusunda oluşturulacak stratejilere altlık olacak veri üretilmesi hedeflenmiştir. Bu amaçla kent genelinde 50.000 hane ile yüz yüze anket yöntemi kullanılarak görüşme gerçekleştirilmiştir. Anket sayısı her mahalleye en az 12 anket düşecek şekilde mahalle hane sayıları oranında dağıtılmıştır. Çalışma sonuçlarının İstanbul’u temsil edebilmesi için görüşme gerçekleştirilecek haneler, mahalle düzeyinde tabakalı rastgele örneklem yöntemi ile seçilmiştir.

Çalıştaylar ve toplantılar ile nihai hali belirlenen anket formunun uygulandığı saha çalışması 29.11.2021 – 07.03.2022 tarihleri arasında gerçekleştirilmiştir.

__Bu veri setinde; ham veri olarak paylaşılmış olan [Veriye Dayalı Yönetim Modeli araştırmasının](https://data.ibb.gov.tr/dataset?q=veriye+dayal%C4%B1+y%C3%B6netim+modeli) ilçe bazlı analiz verileri yer almaktadır.__","22.12.2023 13:01:21","25.12.2023 08:56:25","1","Governance|Yaşam","hanehalkı|spor","Department of Information Technologies","https://data.ibb.gov.tr/dataset/vdym-ilce-bazinda-hanelerdeki-haftalik-spor-yapilan-gun-sayisi"
"45d760cc-c67b-4fbd-a446-e6aba1042ad6","vdym-ilce-bazinda-hanelerin-ev-internetine-dair-memnuniyet-dereceleri","VDYM İlçe Bazında Hanelerin Ev İnternetine Dair Memnuniyet Dereceleri","İstanbul’da VDYM (Veriye Dayalı Yönetim Modeli) araştırması ile İstanbul halkının genel sosyodemografik ve sosyoekonomik profilinin, ihtiyaç ve eğilimlerinin belirlenerek yatırım ve hizmetler konusunda oluşturulacak stratejilere altlık olacak veri üretilmesi hedeflenmiştir. Bu amaçla kent genelinde 50.000 hane ile yüz yüze anket yöntemi kullanılarak görüşme gerçekleştirilmiştir. Anket sayısı her mahalleye en az 12 anket düşecek şekilde mahalle hane sayıları oranında dağıtılmıştır. Çalışma sonuçlarının İstanbul’u temsil edebilmesi için görüşme gerçekleştirilecek haneler, mahalle düzeyinde tabakalı rastgele örneklem yöntemi ile seçilmiştir.

Çalıştaylar ve toplantılar ile nihai hali belirlenen anket formunun uygulandığı saha çalışması 29.11.2021 – 07.03.2022 tarihleri arasında gerçekleştirilmiştir.

__Bu veri setinde; ham veri olarak paylaşılmış olan [Veriye Dayalı Yönetim Modeli araştırmasının](https://data.ibb.gov.tr/dataset?q=veriye+dayal%C4%B1+y%C3%B6netim+modeli) ilçe bazlı analiz verileri yer almaktadır.__","22.12.2023 13:17:43","25.12.2023 08:54:09","1","Bilgi ve İletişim Teknolojileri|Governance","hanehalkı|internet","Department of Information Technologies","https://data.ibb.gov.tr/dataset/vdym-ilce-bazinda-hanelerin-ev-internetine-dair-memnuniyet-dereceleri"
"15b354e6-e575-44e6-b0de-26cc31313a19","vdym-ilce-bazinda-hanelerin-turkiye-gundemini-takip-ettigi-mecralari-kullanim-sikligi","VDYM İlçe Bazında Hanelerin Türkiye Gündemini Takip Ettiği Mecraları Kullanım Sıklığı","İstanbul’da VDYM (Veriye Dayalı Yönetim Modeli) araştırması ile İstanbul halkının genel sosyodemografik ve sosyoekonomik profilinin, ihtiyaç ve eğilimlerinin belirlenerek yatırım ve hizmetler konusunda oluşturulacak stratejilere altlık olacak veri üretilmesi hedeflenmiştir. Bu amaçla kent genelinde 50.000 hane ile yüz yüze anket yöntemi kullanılarak görüşme gerçekleştirilmiştir. Anket sayısı her mahalleye en az 12 anket düşecek şekilde mahalle hane sayıları oranında dağıtılmıştır. Çalışma sonuçlarının İstanbul’u temsil edebilmesi için görüşme gerçekleştirilecek haneler, mahalle düzeyinde tabakalı rastgele örneklem yöntemi ile seçilmiştir.

Çalıştaylar ve toplantılar ile nihai hali belirlenen anket formunun uygulandığı saha çalışması 29.11.2021 – 07.03.2022 tarihleri arasında gerçekleştirilmiştir.

__Bu veri setinde; ham veri olarak paylaşılmış olan [Veriye Dayalı Yönetim Modeli araştırmasının](https://data.ibb.gov.tr/dataset?q=veriye+dayal%C4%B1+y%C3%B6netim+modeli) ilçe bazlı analiz verileri yer almaktadır.__","22.12.2023 13:15:04","25.12.2023 08:53:08","1","Bilgi ve İletişim Teknolojileri|Governance","hanehalkı|yönetişim","Department of Information Technologies","https://data.ibb.gov.tr/dataset/vdym-ilce-bazinda-hanelerin-turkiye-gundemini-takip-ettigi-mecralari-kullanim-sikligi"
"47a58b05-cd4d-46f8-80e8-43d2d665030e","vdym-ilce-bazinda-hanelerin-yillik-tatil-tercihleri","VDYM İlçe Bazında Hanelerin Yıllık Tatil Tercihleri","İstanbul’da VDYM (Veriye Dayalı Yönetim Modeli) araştırması ile İstanbul halkının genel sosyodemografik ve sosyoekonomik profilinin, ihtiyaç ve eğilimlerinin belirlenerek yatırım ve hizmetler konusunda oluşturulacak stratejilere altlık olacak veri üretilmesi hedeflenmiştir. Bu amaçla kent genelinde 50.000 hane ile yüz yüze anket yöntemi kullanılarak görüşme gerçekleştirilmiştir. Anket sayısı her mahalleye en az 12 anket düşecek şekilde mahalle hane sayıları oranında dağıtılmıştır. Çalışma sonuçlarının İstanbul’u temsil edebilmesi için görüşme gerçekleştirilecek haneler, mahalle düzeyinde tabakalı rastgele örneklem yöntemi ile seçilmiştir.

Çalıştaylar ve toplantılar ile nihai hali belirlenen anket formunun uygulandığı saha çalışması 29.11.2021 – 07.03.2022 tarihleri arasında gerçekleştirilmiştir.

__Bu veri setinde; ham veri olarak paylaşılmış olan [Veriye Dayalı Yönetim Modeli araştırmasının](https://data.ibb.gov.tr/dataset?q=veriye+dayal%C4%B1+y%C3%B6netim+modeli) ilçe bazlı analiz verileri yer almaktadır.__","22.12.2023 13:13:01","25.12.2023 08:51:56","1","Governance|Yaşam","hanehalkı|tatil","Department of Information Technologies","https://data.ibb.gov.tr/dataset/vdym-ilce-bazinda-hanelerin-yillik-tatil-tercihleri"
"e982fd61-1a6d-4f4c-944e-eca52ef3e655","vdym-ilce-bazinda-hanelerin-yillik-ortalama-sehir-disi-tatil-yapma-durumlari","VDYM İlçe Bazında Hanelerin Yıllık Ortalama Şehir Dışı Tatil Yapma Durumları","İstanbul’da VDYM (Veriye Dayalı Yönetim Modeli) araştırması ile İstanbul halkının genel sosyodemografik ve sosyoekonomik profilinin, ihtiyaç ve eğilimlerinin belirlenerek yatırım ve hizmetler konusunda oluşturulacak stratejilere altlık olacak veri üretilmesi hedeflenmiştir. Bu amaçla kent genelinde 50.000 hane ile yüz yüze anket yöntemi kullanılarak görüşme gerçekleştirilmiştir. Anket sayısı her mahalleye en az 12 anket düşecek şekilde mahalle hane sayıları oranında dağıtılmıştır. Çalışma sonuçlarının İstanbul’u temsil edebilmesi için görüşme gerçekleştirilecek haneler, mahalle düzeyinde tabakalı rastgele örneklem yöntemi ile seçilmiştir.

Çalıştaylar ve toplantılar ile nihai hali belirlenen anket formunun uygulandığı saha çalışması 29.11.2021 – 07.03.2022 tarihleri arasında gerçekleştirilmiştir.

__Bu veri setinde; ham veri olarak paylaşılmış olan [Veriye Dayalı Yönetim Modeli araştırmasının](https://data.ibb.gov.tr/dataset?q=veriye+dayal%C4%B1+y%C3%B6netim+modeli) ilçe bazlı analiz verileri yer almaktadır.__","22.12.2023 13:10:47","25.12.2023 08:50:44","1","Governance|Yaşam","hanehalkı|tatil","Department of Information Technologies","https://data.ibb.gov.tr/dataset/vdym-ilce-bazinda-hanelerin-yillik-ortalama-sehir-disi-tatil-yapma-durumlari"
"c7e3d1e1-f055-4814-b281-c098c4b25f4e","vdym-ilce-bazinda-hanelerin-haftasonu-aktivite-tercihleri","VDYM İlçe Bazında Hanelerin Haftasonu Aktivite Tercihleri","İstanbul’da VDYM (Veriye Dayalı Yönetim Modeli) araştırması ile İstanbul halkının genel sosyodemografik ve sosyoekonomik profilinin, ihtiyaç ve eğilimlerinin belirlenerek yatırım ve hizmetler konusunda oluşturulacak stratejilere altlık olacak veri üretilmesi hedeflenmiştir. Bu amaçla kent genelinde 50.000 hane ile yüz yüze anket yöntemi kullanılarak görüşme gerçekleştirilmiştir. Anket sayısı her mahalleye en az 12 anket düşecek şekilde mahalle hane sayıları oranında dağıtılmıştır. Çalışma sonuçlarının İstanbul’u temsil edebilmesi için görüşme gerçekleştirilecek haneler, mahalle düzeyinde tabakalı rastgele örneklem yöntemi ile seçilmiştir.

Çalıştaylar ve toplantılar ile nihai hali belirlenen anket formunun uygulandığı saha çalışması 29.11.2021 – 07.03.2022 tarihleri arasında gerçekleştirilmiştir.

__Bu veri setinde; ham veri olarak paylaşılmış olan [Veriye Dayalı Yönetim Modeli araştırmasının](https://data.ibb.gov.tr/dataset?q=veriye+dayal%C4%B1+y%C3%B6netim+modeli) ilçe bazlı analiz verileri yer almaktadır.__","22.12.2023 13:08:27","25.12.2023 08:49:38","1","Governance|Yaşam","aktivite|hanehalkı","Department of Information Technologies","https://data.ibb.gov.tr/dataset/vdym-ilce-bazinda-hanelerin-haftasonu-aktivite-tercihleri"
"16ef084a-185a-401d-bd63-5e8e916c720c","vdym-ilce-bazinda-hanelerdeki-duzenli-yapilan-spor-aktiviteleri","VDYM İlçe Bazında Hanelerdeki Düzenli Yapılan Spor Aktiviteleri","İstanbul’da VDYM (Veriye Dayalı Yönetim Modeli) araştırması ile İstanbul halkının genel sosyodemografik ve sosyoekonomik profilinin, ihtiyaç ve eğilimlerinin belirlenerek yatırım ve hizmetler konusunda oluşturulacak stratejilere altlık olacak veri üretilmesi hedeflenmiştir. Bu amaçla kent genelinde 50.000 hane ile yüz yüze anket yöntemi kullanılarak görüşme gerçekleştirilmiştir. Anket sayısı her mahalleye en az 12 anket düşecek şekilde mahalle hane sayıları oranında dağıtılmıştır. Çalışma sonuçlarının İstanbul’u temsil edebilmesi için görüşme gerçekleştirilecek haneler, mahalle düzeyinde tabakalı rastgele örneklem yöntemi ile seçilmiştir.

Çalıştaylar ve toplantılar ile nihai hali belirlenen anket formunun uygulandığı saha çalışması 29.11.2021 – 07.03.2022 tarihleri arasında gerçekleştirilmiştir.

__Bu veri setinde; ham veri olarak paylaşılmış olan [Veriye Dayalı Yönetim Modeli araştırmasının](https://data.ibb.gov.tr/dataset?q=veriye+dayal%C4%B1+y%C3%B6netim+modeli) ilçe bazlı analiz verileri yer almaktadır.__","22.12.2023 13:05:02","25.12.2023 08:48:29","1","Governance|Yaşam","hanehalkı|spor","Department of Information Technologies","https://data.ibb.gov.tr/dataset/vdym-ilce-bazinda-hanelerdeki-duzenli-yapilan-spor-aktiviteleri"
"c6ddf92b-4805-40e9-8d36-7c6aa1b34aad","vdym-ilce-bazinda-hanelerdeki-haftalik-duzenli-spor-yapma-durumlari","VDYM İlçe Bazında Hanelerdeki Haftalık Düzenli Spor Yapma Durumları","İstanbul’da VDYM (Veriye Dayalı Yönetim Modeli) araştırması ile İstanbul halkının genel sosyodemografik ve sosyoekonomik profilinin, ihtiyaç ve eğilimlerinin belirlenerek yatırım ve hizmetler konusunda oluşturulacak stratejilere altlık olacak veri üretilmesi hedeflenmiştir. Bu amaçla kent genelinde 50.000 hane ile yüz yüze anket yöntemi kullanılarak görüşme gerçekleştirilmiştir. Anket sayısı her mahalleye en az 12 anket düşecek şekilde mahalle hane sayıları oranında dağıtılmıştır. Çalışma sonuçlarının İstanbul’u temsil edebilmesi için görüşme gerçekleştirilecek haneler, mahalle düzeyinde tabakalı rastgele örneklem yöntemi ile seçilmiştir.

Çalıştaylar ve toplantılar ile nihai hali belirlenen anket formunun uygulandığı saha çalışması 29.11.2021 – 07.03.2022 tarihleri arasında gerçekleştirilmiştir.

__Bu veri setinde; ham veri olarak paylaşılmış olan [Veriye Dayalı Yönetim Modeli araştırmasının](https://data.ibb.gov.tr/dataset?q=veriye+dayal%C4%B1+y%C3%B6netim+modeli) ilçe bazlı analiz verileri yer almaktadır.__","22.12.2023 12:58:00","25.12.2023 08:46:01","1","Governance|Yaşam","hanehalkı|spor","Department of Information Technologies","https://data.ibb.gov.tr/dataset/vdym-ilce-bazinda-hanelerdeki-haftalik-duzenli-spor-yapma-durumlari"
"0c8dfb0c-4d24-4df0-b541-f3d4f2d8a4d4","vdym-ilce-bazinda-hanelerdeki-duygu-durum-istatistikleri","VDYM İlçe Bazında Hanelerdeki Duygu Durum İstatistikleri","İstanbul’da VDYM (Veriye Dayalı Yönetim Modeli) araştırması ile İstanbul halkının genel sosyodemografik ve sosyoekonomik profilinin, ihtiyaç ve eğilimlerinin belirlenerek yatırım ve hizmetler konusunda oluşturulacak stratejilere altlık olacak veri üretilmesi hedeflenmiştir. Bu amaçla kent genelinde 50.000 hane ile yüz yüze anket yöntemi kullanılarak görüşme gerçekleştirilmiştir. Anket sayısı her mahalleye en az 12 anket düşecek şekilde mahalle hane sayıları oranında dağıtılmıştır. Çalışma sonuçlarının İstanbul’u temsil edebilmesi için görüşme gerçekleştirilecek haneler, mahalle düzeyinde tabakalı rastgele örneklem yöntemi ile seçilmiştir.

Çalıştaylar ve toplantılar ile nihai hali belirlenen anket formunun uygulandığı saha çalışması 29.11.2021 – 07.03.2022 tarihleri arasında gerçekleştirilmiştir.

__Bu veri setinde; ham veri olarak paylaşılmış olan [Veriye Dayalı Yönetim Modeli araştırmasının](https://data.ibb.gov.tr/dataset?q=veriye+dayal%C4%B1+y%C3%B6netim+modeli) ilçe bazlı analiz verileri yer almaktadır.__","22.12.2023 12:41:52","25.12.2023 08:41:15","1","Governance|Yaşam","hanehalkı","Department of Information Technologies","https://data.ibb.gov.tr/dataset/vdym-ilce-bazinda-hanelerdeki-duygu-durum-istatistikleri"
"215159bf-e4e8-45a1-896c-a08a0cd1c087","bicification-projesi-verileri","Bicification Project Data","BICIFICATION is an EIT-funded project on behalf of Urban Mobility, an initiative of the European Institute of Innovation and Technology (EIT), an agency of the European Union. The project aims to make a permanent transition towards green and active mobility through a reward-based gamification system with a solution consisting of patented hardware and software to reliably monitor bicycle trips and reward people who use bicycles. The Bicification Project is a pilot project that was carried out for 6 months between June and December 2022.

This data set contains the routes of bicycle rides obtained from the Bicification Project. Within the data set; It includes starting latitude, longitude and time, ending latitude, longitude and time, home and work trips, and driving ID.

__Note: There are errors in some rides due to disconnection of GPS and Phone. The data is shared in its raw form.__","27.07.2023 10:19:59","29.11.2023 11:53:03","7","Mobilite","bisiklet|mikromobilite","Department of Information Technologies","https://data.ibb.gov.tr/dataset/bicification-projesi-verileri"
"badd88ba-e0af-4f7d-bb7d-18dc913a7a65","2019-2020-yillari-arasindaki-ismek-egitim-alan-vatandas-verisi","Data of Citizens who Received Education from Ismek","This data set includes the disability status, working status, type of course, etc. of citizens receiving education from Ismek. it contains information.","3.11.2021 13:17:48","15.11.2023 10:57:03","1","İnsan","Ismek|eğitim|kurs|vatandaş","Department of Human Resources and Education","https://data.ibb.gov.tr/dataset/2019-2020-yillari-arasindaki-ismek-egitim-alan-vatandas-verisi"
"135c48b1-be49-4540-a903-8091466b24a6","vdym-ilce-bazinda-hanelerdeki-teknolojik-arac-sayilari","VDYM İlçe Bazında Hanelerdeki Teknolojik Araç Sayıları","İstanbul’da VDYM (Veriye Dayalı Yönetim Modeli) araştırması ile İstanbul halkının genel sosyodemografik ve sosyoekonomik profilinin, ihtiyaç ve eğilimlerinin belirlenerek yatırım ve hizmetler konusunda oluşturulacak stratejilere altlık olacak veri üretilmesi hedeflenmiştir. Bu amaçla kent genelinde 50.000 hane ile yüz yüze anket yöntemi kullanılarak görüşme gerçekleştirilmiştir. Anket sayısı her mahalleye en az 12 anket düşecek şekilde mahalle hane sayıları oranında dağıtılmıştır. Çalışma sonuçlarının İstanbul’u temsil edebilmesi için görüşme gerçekleştirilecek haneler, mahalle düzeyinde tabakalı rastgele örneklem yöntemi ile seçilmiştir.

Çalıştaylar ve toplantılar ile nihai hali belirlenen anket formunun uygulandığı saha çalışması 29.11.2021 – 07.03.2022 tarihleri arasında gerçekleştirilmiştir.

__Bu veri setinde; ham veri olarak paylaşılmış olan [Veriye Dayalı Yönetim Modeli araştırmasının](https://data.ibb.gov.tr/dataset?q=veriye+dayal%C4%B1+y%C3%B6netim+modeli) ilçe bazlı analiz verileri yer almaktadır.__","6.09.2023 11:03:48","7.09.2023 10:58:51","1","Bilgi ve İletişim Teknolojileri|Governance","hanehalkı|teknolojik","Department of Information Technologies","https://data.ibb.gov.tr/dataset/vdym-ilce-bazinda-hanelerdeki-teknolojik-arac-sayilari"
"3727e9d3-a730-4487-bf88-029cc098502a","vdym-ilce-bazinda-hanelerde-evsel-atik-ayristirilma-durumlari","VDYM İlçe Bazında Hanelerde Evsel Atık Ayrıştırılma Durumları","İstanbul’da VDYM (Veriye Dayalı Yönetim Modeli) araştırması ile İstanbul halkının genel sosyodemografik ve sosyoekonomik profilinin, ihtiyaç ve eğilimlerinin belirlenerek yatırım ve hizmetler konusunda oluşturulacak stratejilere altlık olacak veri üretilmesi hedeflenmiştir. Bu amaçla kent genelinde 50.000 hane ile yüz yüze anket yöntemi kullanılarak görüşme gerçekleştirilmiştir. Anket sayısı her mahalleye en az 12 anket düşecek şekilde mahalle hane sayıları oranında dağıtılmıştır. Çalışma sonuçlarının İstanbul’u temsil edebilmesi için görüşme gerçekleştirilecek haneler, mahalle düzeyinde tabakalı rastgele örneklem yöntemi ile seçilmiştir.

Çalıştaylar ve toplantılar ile nihai hali belirlenen anket formunun uygulandığı saha çalışması 29.11.2021 – 07.03.2022 tarihleri arasında gerçekleştirilmiştir.

__Bu veri setinde; ham veri olarak paylaşılmış olan [Veriye Dayalı Yönetim Modeli araştırmasının](https://data.ibb.gov.tr/dataset?q=veriye+dayal%C4%B1+y%C3%B6netim+modeli) ilçe bazlı analiz verileri yer almaktadır.__","6.09.2023 11:21:10","6.09.2023 13:22:50","1","Governance|Çevre","atık|evsel atık|hanehalkı","Department of Information Technologies","https://data.ibb.gov.tr/dataset/vdym-ilce-bazinda-hanelerde-evsel-atik-ayristirilma-durumlari"
"4e6c5f09-7874-496d-a6fb-2a6f4b93ab8e","vdym-ilce-bazinda-hanelerin-gida-alisveris-yeri-tercihi","VDYM İlçe Bazında Hanelerin Gıda Alışveriş Yeri Tercihi","İstanbul’da VDYM (Veriye Dayalı Yönetim Modeli) araştırması ile İstanbul halkının genel sosyodemografik ve sosyoekonomik profilinin, ihtiyaç ve eğilimlerinin belirlenerek yatırım ve hizmetler konusunda oluşturulacak stratejilere altlık olacak veri üretilmesi hedeflenmiştir. Bu amaçla kent genelinde 50.000 hane ile yüz yüze anket yöntemi kullanılarak görüşme gerçekleştirilmiştir. Anket sayısı her mahalleye en az 12 anket düşecek şekilde mahalle hane sayıları oranında dağıtılmıştır. Çalışma sonuçlarının İstanbul’u temsil edebilmesi için görüşme gerçekleştirilecek haneler, mahalle düzeyinde tabakalı rastgele örneklem yöntemi ile seçilmiştir.

Çalıştaylar ve toplantılar ile nihai hali belirlenen anket formunun uygulandığı saha çalışması 29.11.2021 – 07.03.2022 tarihleri arasında gerçekleştirilmiştir.

__Bu veri setinde; ham veri olarak paylaşılmış olan [Veriye Dayalı Yönetim Modeli araştırmasının](https://data.ibb.gov.tr/dataset?q=veriye+dayal%C4%B1+y%C3%B6netim+modeli) ilçe bazlı analiz verileri yer almaktadır.__","6.09.2023 11:57:01","6.09.2023 13:09:54","1","Ekonomi|Governance|Yaşam","alış-veriş|ekonomi|gıda|hanehalkı","Department of Information Technologies","https://data.ibb.gov.tr/dataset/vdym-ilce-bazinda-hanelerin-gida-alisveris-yeri-tercihi"
"75373426-9b47-4538-bee3-953d10c1a7a7","vdym-ilce-bazinda-hanelerin-kamu-kurumlarindan-sosyal-yardim-alma-durumu","VDYM İlçe Bazında Hanelerin Kamu Kurumlarından Sosyal Yardım Alma Durumu","İstanbul’da VDYM (Veriye Dayalı Yönetim Modeli) araştırması ile İstanbul halkının genel sosyodemografik ve sosyoekonomik profilinin, ihtiyaç ve eğilimlerinin belirlenerek yatırım ve hizmetler konusunda oluşturulacak stratejilere altlık olacak veri üretilmesi hedeflenmiştir. Bu amaçla kent genelinde 50.000 hane ile yüz yüze anket yöntemi kullanılarak görüşme gerçekleştirilmiştir. Anket sayısı her mahalleye en az 12 anket düşecek şekilde mahalle hane sayıları oranında dağıtılmıştır. Çalışma sonuçlarının İstanbul’u temsil edebilmesi için görüşme gerçekleştirilecek haneler, mahalle düzeyinde tabakalı rastgele örneklem yöntemi ile seçilmiştir.

Çalıştaylar ve toplantılar ile nihai hali belirlenen anket formunun uygulandığı saha çalışması 29.11.2021 – 07.03.2022 tarihleri arasında gerçekleştirilmiştir.

__Bu veri setinde; ham veri olarak paylaşılmış olan [Veriye Dayalı Yönetim Modeli araştırmasının](https://data.ibb.gov.tr/dataset?q=veriye+dayal%C4%B1+y%C3%B6netim+modeli) ilçe bazlı analiz verileri yer almaktadır.__","6.09.2023 11:48:58","6.09.2023 13:09:20","1","Governance|Yaşam","hanehalkı|sosyal yardım","Department of Information Technologies","https://data.ibb.gov.tr/dataset/vdym-ilce-bazinda-hanelerin-kamu-kurumlarindan-sosyal-yardim-alma-durumu"
"3cbfe803-3598-453e-a7cc-25a7928f9caa","vdym-ilce-bazinda-hane-yakinindaki-parklanma-tercihleri","VDYM İlçe Bazında Hane Yakınındaki Parklanma Tercihleri","İstanbul’da VDYM (Veriye Dayalı Yönetim Modeli) araştırması ile İstanbul halkının genel sosyodemografik ve sosyoekonomik profilinin, ihtiyaç ve eğilimlerinin belirlenerek yatırım ve hizmetler konusunda oluşturulacak stratejilere altlık olacak veri üretilmesi hedeflenmiştir. Bu amaçla kent genelinde 50.000 hane ile yüz yüze anket yöntemi kullanılarak görüşme gerçekleştirilmiştir. Anket sayısı her mahalleye en az 12 anket düşecek şekilde mahalle hane sayıları oranında dağıtılmıştır. Çalışma sonuçlarının İstanbul’u temsil edebilmesi için görüşme gerçekleştirilecek haneler, mahalle düzeyinde tabakalı rastgele örneklem yöntemi ile seçilmiştir.

Çalıştaylar ve toplantılar ile nihai hali belirlenen anket formunun uygulandığı saha çalışması 29.11.2021 – 07.03.2022 tarihleri arasında gerçekleştirilmiştir.

__Bu veri setinde; ham veri olarak paylaşılmış olan [Veriye Dayalı Yönetim Modeli araştırmasının](https://data.ibb.gov.tr/dataset?q=veriye+dayal%C4%B1+y%C3%B6netim+modeli) ilçe bazlı analiz verileri yer almaktadır.__","6.09.2023 11:44:54","6.09.2023 13:08:13","1","Governance|Mobilite","hanehalkı|otopark|özel otopark","Department of Information Technologies","https://data.ibb.gov.tr/dataset/vdym-ilce-bazinda-hane-yakinindaki-parklanma-tercihleri"
"fee37b07-3f91-4278-91b3-15c638f10606","vdym-ilce-bazinda-hanelerdeki-arac-sahipligi-durumu","VDYM İlçe Bazında Hanelerdeki Araç Sahipliği Durumu","İstanbul’da VDYM (Veriye Dayalı Yönetim Modeli) araştırması ile İstanbul halkının genel sosyodemografik ve sosyoekonomik profilinin, ihtiyaç ve eğilimlerinin belirlenerek yatırım ve hizmetler konusunda oluşturulacak stratejilere altlık olacak veri üretilmesi hedeflenmiştir. Bu amaçla kent genelinde 50.000 hane ile yüz yüze anket yöntemi kullanılarak görüşme gerçekleştirilmiştir. Anket sayısı her mahalleye en az 12 anket düşecek şekilde mahalle hane sayıları oranında dağıtılmıştır. Çalışma sonuçlarının İstanbul’u temsil edebilmesi için görüşme gerçekleştirilecek haneler, mahalle düzeyinde tabakalı rastgele örneklem yöntemi ile seçilmiştir.

Çalıştaylar ve toplantılar ile nihai hali belirlenen anket formunun uygulandığı saha çalışması 29.11.2021 – 07.03.2022 tarihleri arasında gerçekleştirilmiştir.

__Bu veri setinde; ham veri olarak paylaşılmış olan [Veriye Dayalı Yönetim Modeli araştırmasının](https://data.ibb.gov.tr/dataset?q=veriye+dayal%C4%B1+y%C3%B6netim+modeli) ilçe bazlı analiz verileri yer almaktadır.__","6.09.2023 11:34:12","6.09.2023 13:07:39","1","Governance|Mobilite","araç|hanehalkı","Department of Information Technologies","https://data.ibb.gov.tr/dataset/vdym-ilce-bazinda-hanelerdeki-arac-sahipligi-durumu"
"c24932e6-ee4b-4175-a661-27067cc29494","vdym-ilce-bazinda-hanelerde-atiklarin-ayristirilmama-sebepleri","VDYM İlçe Bazında Hanelerde Atıkların Ayrıştırılmama Sebepleri","İstanbul’da VDYM (Veriye Dayalı Yönetim Modeli) araştırması ile İstanbul halkının genel sosyodemografik ve sosyoekonomik profilinin, ihtiyaç ve eğilimlerinin belirlenerek yatırım ve hizmetler konusunda oluşturulacak stratejilere altlık olacak veri üretilmesi hedeflenmiştir. Bu amaçla kent genelinde 50.000 hane ile yüz yüze anket yöntemi kullanılarak görüşme gerçekleştirilmiştir. Anket sayısı her mahalleye en az 12 anket düşecek şekilde mahalle hane sayıları oranında dağıtılmıştır. Çalışma sonuçlarının İstanbul’u temsil edebilmesi için görüşme gerçekleştirilecek haneler, mahalle düzeyinde tabakalı rastgele örneklem yöntemi ile seçilmiştir.

Çalıştaylar ve toplantılar ile nihai hali belirlenen anket formunun uygulandığı saha çalışması 29.11.2021 – 07.03.2022 tarihleri arasında gerçekleştirilmiştir.

__Bu veri setinde; ham veri olarak paylaşılmış olan [Veriye Dayalı Yönetim Modeli araştırmasının](https://data.ibb.gov.tr/dataset?q=veriye+dayal%C4%B1+y%C3%B6netim+modeli) ilçe bazlı analiz verileri yer almaktadır.__","6.09.2023 11:28:16","6.09.2023 13:06:57","1","Governance|Çevre","atık|evsel atık|hanehalkı","Department of Information Technologies","https://data.ibb.gov.tr/dataset/vdym-ilce-bazinda-hanelerde-atiklarin-ayristirilmama-sebepleri"
"0ddacd5f-8cfb-4c6a-a685-f1828044e4a6","vdym-ilce-bazinda-hanelerdeki-evcil-hayvan-turleri","VDYM İlçe Bazında Hanelerdeki Evcil Hayvan Türleri","İstanbul’da VDYM (Veriye Dayalı Yönetim Modeli) araştırması ile İstanbul halkının genel sosyodemografik ve sosyoekonomik profilinin, ihtiyaç ve eğilimlerinin belirlenerek yatırım ve hizmetler konusunda oluşturulacak stratejilere altlık olacak veri üretilmesi hedeflenmiştir. Bu amaçla kent genelinde 50.000 hane ile yüz yüze anket yöntemi kullanılarak görüşme gerçekleştirilmiştir. Anket sayısı her mahalleye en az 12 anket düşecek şekilde mahalle hane sayıları oranında dağıtılmıştır. Çalışma sonuçlarının İstanbul’u temsil edebilmesi için görüşme gerçekleştirilecek haneler, mahalle düzeyinde tabakalı rastgele örneklem yöntemi ile seçilmiştir.

Çalıştaylar ve toplantılar ile nihai hali belirlenen anket formunun uygulandığı saha çalışması 29.11.2021 – 07.03.2022 tarihleri arasında gerçekleştirilmiştir.

__Bu veri setinde; ham veri olarak paylaşılmış olan [Veriye Dayalı Yönetim Modeli araştırmasının](https://data.ibb.gov.tr/dataset?q=veriye+dayal%C4%B1+y%C3%B6netim+modeli) ilçe bazlı analiz verileri yer almaktadır.__","6.09.2023 11:16:03","6.09.2023 13:05:36","1","Governance|Yaşam","evcil hayvan|hanehalkı","Department of Information Technologies","https://data.ibb.gov.tr/dataset/vdym-ilce-bazinda-hanelerdeki-evcil-hayvan-turleri"
"5e2b90b8-7a29-45b3-a810-1ac07b1b8d87","vdym-ilce-bazinda-hanelerdeki-evcil-hayvan-varligi-durumu","VDYM İlçe Bazında Hanelerdeki Evcil Hayvan Varlığı Durumu","İstanbul’da VDYM (Veriye Dayalı Yönetim Modeli) araştırması ile İstanbul halkının genel sosyodemografik ve sosyoekonomik profilinin, ihtiyaç ve eğilimlerinin belirlenerek yatırım ve hizmetler konusunda oluşturulacak stratejilere altlık olacak veri üretilmesi hedeflenmiştir. Bu amaçla kent genelinde 50.000 hane ile yüz yüze anket yöntemi kullanılarak görüşme gerçekleştirilmiştir. Anket sayısı her mahalleye en az 12 anket düşecek şekilde mahalle hane sayıları oranında dağıtılmıştır. Çalışma sonuçlarının İstanbul’u temsil edebilmesi için görüşme gerçekleştirilecek haneler, mahalle düzeyinde tabakalı rastgele örneklem yöntemi ile seçilmiştir.

Çalıştaylar ve toplantılar ile nihai hali belirlenen anket formunun uygulandığı saha çalışması 29.11.2021 – 07.03.2022 tarihleri arasında gerçekleştirilmiştir.

__Bu veri setinde; ham veri olarak paylaşılmış olan [Veriye Dayalı Yönetim Modeli araştırmasının](https://data.ibb.gov.tr/dataset?q=veriye+dayal%C4%B1+y%C3%B6netim+modeli) ilçe bazlı analiz verileri yer almaktadır.__","6.09.2023 11:10:28","6.09.2023 13:04:53","1","Governance|Yaşam","evcil hayvan|hanehalkı","Department of Information Technologies","https://data.ibb.gov.tr/dataset/vdym-ilce-bazinda-hanelerdeki-evcil-hayvan-varligi-durumu"
"bf159398-ecd4-422f-a72b-7361bb64cf9c","vdym-ilce-bazinda-yapiya-ait-hizmet-ve-kullanim-alanlari-ozellikleri","VDYM İlçe Bazında Yapıya Ait Hizmet ve Kullanım Alanları Özellikleri","İstanbul’da VDYM (Veriye Dayalı Yönetim Modeli) araştırması ile İstanbul halkının genel sosyodemografik ve sosyoekonomik profilinin, ihtiyaç ve eğilimlerinin belirlenerek yatırım ve hizmetler konusunda oluşturulacak stratejilere altlık olacak veri üretilmesi hedeflenmiştir. Bu amaçla kent genelinde 50.000 hane ile yüz yüze anket yöntemi kullanılarak görüşme gerçekleştirilmiştir. Anket sayısı her mahalleye en az 12 anket düşecek şekilde mahalle hane sayıları oranında dağıtılmıştır. Çalışma sonuçlarının İstanbul’u temsil edebilmesi için görüşme gerçekleştirilecek haneler, mahalle düzeyinde tabakalı rastgele örneklem yöntemi ile seçilmiştir.

Çalıştaylar ve toplantılar ile nihai hali belirlenen anket formunun uygulandığı saha çalışması 29.11.2021 – 07.03.2022 tarihleri arasında gerçekleştirilmiştir.

__Bu veri setinde; ham veri olarak paylaşılmış olan [Veriye Dayalı Yönetim Modeli araştırmasının](https://data.ibb.gov.tr/dataset?q=veriye+dayal%C4%B1+y%C3%B6netim+modeli) ilçe bazlı analiz verileri yer almaktadır.__","6.09.2023 10:55:45","6.09.2023 13:03:14","1","Governance","hanehalkı|hizmet|yapı","Department of Information Technologies","https://data.ibb.gov.tr/dataset/vdym-ilce-bazinda-yapiya-ait-hizmet-ve-kullanim-alanlari-ozellikleri"
"a06e314b-852c-402c-8bbc-f5f04875a926","vdym-ilce-bazinda-hanelerdeki-riskli-yapi-durumu-bireysel-ongoruleri","VDYM İlçe Bazında Hanelerdeki Riskli Yapı Durumu Bireysel Öngörüleri","İstanbul’da VDYM (Veriye Dayalı Yönetim Modeli) araştırması ile İstanbul halkının genel sosyodemografik ve sosyoekonomik profilinin, ihtiyaç ve eğilimlerinin belirlenerek yatırım ve hizmetler konusunda oluşturulacak stratejilere altlık olacak veri üretilmesi hedeflenmiştir. Bu amaçla kent genelinde 50.000 hane ile yüz yüze anket yöntemi kullanılarak görüşme gerçekleştirilmiştir. Anket sayısı her mahalleye en az 12 anket düşecek şekilde mahalle hane sayıları oranında dağıtılmıştır. Çalışma sonuçlarının İstanbul’u temsil edebilmesi için görüşme gerçekleştirilecek haneler, mahalle düzeyinde tabakalı rastgele örneklem yöntemi ile seçilmiştir.

Çalıştaylar ve toplantılar ile nihai hali belirlenen anket formunun uygulandığı saha çalışması 29.11.2021 – 07.03.2022 tarihleri arasında gerçekleştirilmiştir.

__Bu veri setinde; ham veri olarak paylaşılmış olan [Veriye Dayalı Yönetim Modeli araştırmasının](https://data.ibb.gov.tr/dataset?q=veriye+dayal%C4%B1+y%C3%B6netim+modeli) ilçe bazlı analiz verileri yer almaktadır.__","6.09.2023 08:22:11","6.09.2023 10:48:25","1","Governance|Security","hanehalkı|riskli|yapı","Department of Information Technologies","https://data.ibb.gov.tr/dataset/vdym-ilce-bazinda-hanelerdeki-riskli-yapi-durumu-bireysel-ongoruleri"
"2ee06ccf-f3e4-4069-83e2-f5989e0238aa","vdym-ilce-bazinda-hanelerdeki-kentsel-donusum-fikri-bireysel-ongoruleri","VDYM İlçe Bazında Hanelerdeki Kentsel Dönüşüm Fikri Bireysel Öngörüleri","İstanbul’da VDYM (Veriye Dayalı Yönetim Modeli) araştırması ile İstanbul halkının genel sosyodemografik ve sosyoekonomik profilinin, ihtiyaç ve eğilimlerinin belirlenerek yatırım ve hizmetler konusunda oluşturulacak stratejilere altlık olacak veri üretilmesi hedeflenmiştir. Bu amaçla kent genelinde 50.000 hane ile yüz yüze anket yöntemi kullanılarak görüşme gerçekleştirilmiştir. Anket sayısı her mahalleye en az 12 anket düşecek şekilde mahalle hane sayıları oranında dağıtılmıştır. Çalışma sonuçlarının İstanbul’u temsil edebilmesi için görüşme gerçekleştirilecek haneler, mahalle düzeyinde tabakalı rastgele örneklem yöntemi ile seçilmiştir.

Çalıştaylar ve toplantılar ile nihai hali belirlenen anket formunun uygulandığı saha çalışması 29.11.2021 – 07.03.2022 tarihleri arasında gerçekleştirilmiştir.

__Bu veri setinde; ham veri olarak paylaşılmış olan [Veriye Dayalı Yönetim Modeli araştırmasının](https://data.ibb.gov.tr/dataset?q=veriye+dayal%C4%B1+y%C3%B6netim+modeli) ilçe bazlı analiz verileri yer almaktadır.__","6.09.2023 08:02:25","6.09.2023 10:47:54","1","Governance|Yaşam","Dönüşüm|Kentsel|hanehalkı","Department of Information Technologies","https://data.ibb.gov.tr/dataset/vdym-ilce-bazinda-hanelerdeki-kentsel-donusum-fikri-bireysel-ongoruleri"
"b3f3469a-04a7-4d26-946c-9821ad7e416d","vdym-ilce-bazinda-alzheimer-demans-birey-bulunan-hane-sayisi","VDYM İlçe Bazında Alzheimer/Demans Birey Bulunan Hane Sayısı","İstanbul’da VDYM (Veriye Dayalı Yönetim Modeli) araştırması ile İstanbul halkının genel sosyodemografik ve sosyoekonomik profilinin, ihtiyaç ve eğilimlerinin belirlenerek yatırım ve hizmetler konusunda oluşturulacak stratejilere altlık olacak veri üretilmesi hedeflenmiştir. Bu amaçla kent genelinde 50.000 hane ile yüz yüze anket yöntemi kullanılarak görüşme gerçekleştirilmiştir. Anket sayısı her mahalleye en az 12 anket düşecek şekilde mahalle hane sayıları oranında dağıtılmıştır. Çalışma sonuçlarının İstanbul’u temsil edebilmesi için görüşme gerçekleştirilecek haneler, mahalle düzeyinde tabakalı rastgele örneklem yöntemi ile seçilmiştir.

Çalıştaylar ve toplantılar ile nihai hali belirlenen anket formunun uygulandığı saha çalışması 29.11.2021 – 07.03.2022 tarihleri arasında gerçekleştirilmiştir.

__Bu veri setinde; ham veri olarak paylaşılmış olan [Veriye Dayalı Yönetim Modeli araştırmasının](https://data.ibb.gov.tr/dataset?q=veriye+dayal%C4%B1+y%C3%B6netim+modeli) ilçe bazlı analiz verileri yer almaktadır.__","6.09.2023 07:30:04","6.09.2023 10:45:46","1","Governance|Yaşam","alzheimer|demans|hanehalkı","Department of Information Technologies","https://data.ibb.gov.tr/dataset/vdym-ilce-bazinda-alzheimer-demans-birey-bulunan-hane-sayisi"
"06ee38af-3e71-4795-a4f8-ef0bdc8ea66f","vdym-ilce-bazinda-otizm-down-sendromlu-birey-bulunan-hane-sayisi","VDYM İlçe Bazında Otizm/Down Sendromlu Birey Bulunan Hane Sayısı","İstanbul’da VDYM (Veriye Dayalı Yönetim Modeli) araştırması ile İstanbul halkının genel sosyodemografik ve sosyoekonomik profilinin, ihtiyaç ve eğilimlerinin belirlenerek yatırım ve hizmetler konusunda oluşturulacak stratejilere altlık olacak veri üretilmesi hedeflenmiştir. Bu amaçla kent genelinde 50.000 hane ile yüz yüze anket yöntemi kullanılarak görüşme gerçekleştirilmiştir. Anket sayısı her mahalleye en az 12 anket düşecek şekilde mahalle hane sayıları oranında dağıtılmıştır. Çalışma sonuçlarının İstanbul’u temsil edebilmesi için görüşme gerçekleştirilecek haneler, mahalle düzeyinde tabakalı rastgele örneklem yöntemi ile seçilmiştir.

Çalıştaylar ve toplantılar ile nihai hali belirlenen anket formunun uygulandığı saha çalışması 29.11.2021 – 07.03.2022 tarihleri arasında gerçekleştirilmiştir.

__Bu veri setinde; ham veri olarak paylaşılmış olan [Veriye Dayalı Yönetim Modeli araştırmasının](https://data.ibb.gov.tr/dataset?q=veriye+dayal%C4%B1+y%C3%B6netim+modeli) ilçe bazlı analiz verileri yer almaktadır.__","6.09.2023 07:25:27","6.09.2023 10:44:47","1","Governance|Yaşam","down|hanehalkı|otizm","Department of Information Technologies","https://data.ibb.gov.tr/dataset/vdym-ilce-bazinda-otizm-down-sendromlu-birey-bulunan-hane-sayisi"
"524f2816-b440-45e0-b9fe-7c6c30655c05","vdym-ilce-bazinda-psikolojik-rahatsizliga-sahip-birey-bulunan-hane-sayisi","VDYM İlçe Bazında Psikolojik Rahatsızlığa Sahip Birey Bulunan Hane Sayısı","İstanbul’da VDYM (Veriye Dayalı Yönetim Modeli) araştırması ile İstanbul halkının genel sosyodemografik ve sosyoekonomik profilinin, ihtiyaç ve eğilimlerinin belirlenerek yatırım ve hizmetler konusunda oluşturulacak stratejilere altlık olacak veri üretilmesi hedeflenmiştir. Bu amaçla kent genelinde 50.000 hane ile yüz yüze anket yöntemi kullanılarak görüşme gerçekleştirilmiştir. Anket sayısı her mahalleye en az 12 anket düşecek şekilde mahalle hane sayıları oranında dağıtılmıştır. Çalışma sonuçlarının İstanbul’u temsil edebilmesi için görüşme gerçekleştirilecek haneler, mahalle düzeyinde tabakalı rastgele örneklem yöntemi ile seçilmiştir.

Çalıştaylar ve toplantılar ile nihai hali belirlenen anket formunun uygulandığı saha çalışması 29.11.2021 – 07.03.2022 tarihleri arasında gerçekleştirilmiştir.

__Bu veri setinde; ham veri olarak paylaşılmış olan [Veriye Dayalı Yönetim Modeli araştırmasının](https://data.ibb.gov.tr/dataset?q=veriye+dayal%C4%B1+y%C3%B6netim+modeli) ilçe bazlı analiz verileri yer almaktadır.__","5.09.2023 12:56:08","6.09.2023 10:43:08","1","Governance|Yaşam","hanehalkı|hastalık|psikoloji","Department of Information Technologies","https://data.ibb.gov.tr/dataset/vdym-ilce-bazinda-psikolojik-rahatsizliga-sahip-birey-bulunan-hane-sayisi"
"22a7e730-993b-4790-8515-2243c414e2f8","vdym-ilce-bazinda-engelli-birey-bulunan-hane-sayisi","VDYM İlçe Bazında Engelli Birey Bulunan Hane Sayısı","İstanbul’da VDYM (Veriye Dayalı Yönetim Modeli) araştırması ile İstanbul halkının genel sosyodemografik ve sosyoekonomik profilinin, ihtiyaç ve eğilimlerinin belirlenerek yatırım ve hizmetler konusunda oluşturulacak stratejilere altlık olacak veri üretilmesi hedeflenmiştir. Bu amaçla kent genelinde 50.000 hane ile yüz yüze anket yöntemi kullanılarak görüşme gerçekleştirilmiştir. Anket sayısı her mahalleye en az 12 anket düşecek şekilde mahalle hane sayıları oranında dağıtılmıştır. Çalışma sonuçlarının İstanbul’u temsil edebilmesi için görüşme gerçekleştirilecek haneler, mahalle düzeyinde tabakalı rastgele örneklem yöntemi ile seçilmiştir.

Çalıştaylar ve toplantılar ile nihai hali belirlenen anket formunun uygulandığı saha çalışması 29.11.2021 – 07.03.2022 tarihleri arasında gerçekleştirilmiştir.

__Bu veri setinde; ham veri olarak paylaşılmış olan [Veriye Dayalı Yönetim Modeli araştırmasının](https://data.ibb.gov.tr/dataset?q=veriye+dayal%C4%B1+y%C3%B6netim+modeli) ilçe bazlı analiz verileri yer almaktadır.__","5.09.2023 12:50:27","6.09.2023 10:41:46","1","Governance|İnsan","anket|engelli|hanehalkı","Department of Information Technologies","https://data.ibb.gov.tr/dataset/vdym-ilce-bazinda-engelli-birey-bulunan-hane-sayisi"
"df3ebc59-de71-4124-b12b-ffb8815319c0","vdym-ilce-bazinda-kronik-hastaligi-olan-hane-sayisi","VDYM İlçe Bazında Kronik Hastalığı Olan Hane Sayısı","İstanbul’da VDYM (Veriye Dayalı Yönetim Modeli) araştırması ile İstanbul halkının genel sosyodemografik ve sosyoekonomik profilinin, ihtiyaç ve eğilimlerinin belirlenerek yatırım ve hizmetler konusunda oluşturulacak stratejilere altlık olacak veri üretilmesi hedeflenmiştir. Bu amaçla kent genelinde 50.000 hane ile yüz yüze anket yöntemi kullanılarak görüşme gerçekleştirilmiştir. Anket sayısı her mahalleye en az 12 anket düşecek şekilde mahalle hane sayıları oranında dağıtılmıştır. Çalışma sonuçlarının İstanbul’u temsil edebilmesi için görüşme gerçekleştirilecek haneler, mahalle düzeyinde tabakalı rastgele örneklem yöntemi ile seçilmiştir.

Çalıştaylar ve toplantılar ile nihai hali belirlenen anket formunun uygulandığı saha çalışması 29.11.2021 – 07.03.2022 tarihleri arasında gerçekleştirilmiştir.

__Bu veri setinde; ham veri olarak paylaşılmış olan [Veriye Dayalı Yönetim Modeli araştırmasının](https://data.ibb.gov.tr/dataset?q=veriye+dayal%C4%B1+y%C3%B6netim+modeli) ilçe bazlı analiz verileri yer almaktadır.__","5.09.2023 12:43:53","6.09.2023 10:38:23","1","Governance|Yaşam","hanehalkı|hastalık","Department of Information Technologies","https://data.ibb.gov.tr/dataset/vdym-ilce-bazinda-kronik-hastaligi-olan-hane-sayisi"
"875a9337-dc21-4ca0-b487-2778a525a4b9","vdym-ilce-bazinda-hanelerdeki-isinma-yontemleri","VDYM İlçe Bazında Hanelerdeki Isınma Yöntemleri","İstanbul’da VDYM (Veriye Dayalı Yönetim Modeli) araştırması ile İstanbul halkının genel sosyodemografik ve sosyoekonomik profilinin, ihtiyaç ve eğilimlerinin belirlenerek yatırım ve hizmetler konusunda oluşturulacak stratejilere altlık olacak veri üretilmesi hedeflenmiştir. Bu amaçla kent genelinde 50.000 hane ile yüz yüze anket yöntemi kullanılarak görüşme gerçekleştirilmiştir. Anket sayısı her mahalleye en az 12 anket düşecek şekilde mahalle hane sayıları oranında dağıtılmıştır. Çalışma sonuçlarının İstanbul’u temsil edebilmesi için görüşme gerçekleştirilecek haneler, mahalle düzeyinde tabakalı rastgele örneklem yöntemi ile seçilmiştir.

Çalıştaylar ve toplantılar ile nihai hali belirlenen anket formunun uygulandığı saha çalışması 29.11.2021 – 07.03.2022 tarihleri arasında gerçekleştirilmiştir.

__Bu veri setinde; ham veri olarak paylaşılmış olan [Veriye Dayalı Yönetim Modeli araştırmasının](https://data.ibb.gov.tr/dataset?q=veriye+dayal%C4%B1+y%C3%B6netim+modeli) ilçe bazlı analiz verileri yer almaktadır.__","6.09.2023 08:51:35","6.09.2023 09:59:25","1","Enerji|Governance","enerji|hanehalkı|ısınma","Department of Information Technologies","https://data.ibb.gov.tr/dataset/vdym-ilce-bazinda-hanelerdeki-isinma-yontemleri"
"9dab451d-e44c-46e0-b743-8e1969dd3347","vdym-ilce-bazinda-hanelerdeki-oda-sayilarinin-dagilimlari","VDYM İlçe Bazında Hanelerdeki Oda Sayılarının Dağılımları","İstanbul’da VDYM (Veriye Dayalı Yönetim Modeli) araştırması ile İstanbul halkının genel sosyodemografik ve sosyoekonomik profilinin, ihtiyaç ve eğilimlerinin belirlenerek yatırım ve hizmetler konusunda oluşturulacak stratejilere altlık olacak veri üretilmesi hedeflenmiştir. Bu amaçla kent genelinde 50.000 hane ile yüz yüze anket yöntemi kullanılarak görüşme gerçekleştirilmiştir. Anket sayısı her mahalleye en az 12 anket düşecek şekilde mahalle hane sayıları oranında dağıtılmıştır. Çalışma sonuçlarının İstanbul’u temsil edebilmesi için görüşme gerçekleştirilecek haneler, mahalle düzeyinde tabakalı rastgele örneklem yöntemi ile seçilmiştir.

Çalıştaylar ve toplantılar ile nihai hali belirlenen anket formunun uygulandığı saha çalışması 29.11.2021 – 07.03.2022 tarihleri arasında gerçekleştirilmiştir.

__Bu veri setinde; ham veri olarak paylaşılmış olan [Veriye Dayalı Yönetim Modeli araştırmasının](https://data.ibb.gov.tr/dataset?q=veriye+dayal%C4%B1+y%C3%B6netim+modeli) ilçe bazlı analiz verileri yer almaktadır.__","6.09.2023 07:38:29","6.09.2023 09:00:03","1","Governance","hanehalkı","Department of Information Technologies","https://data.ibb.gov.tr/dataset/vdym-ilce-bazinda-hanelerdeki-oda-sayilarinin-dagilimlari"
"eeb7fd5b-96cd-435b-bce3-3f4a33861f79","vdym-ilce-bazli-ortalama-hane-buyuklukleri-m2","VDYM İlçe Bazlı Ortalama Hane Büyüklükleri (m2)","İstanbul’da VDYM (Veriye Dayalı Yönetim Modeli) araştırması ile İstanbul halkının genel sosyodemografik ve sosyoekonomik profilinin, ihtiyaç ve eğilimlerinin belirlenerek yatırım ve hizmetler konusunda oluşturulacak stratejilere altlık olacak veri üretilmesi hedeflenmiştir. Bu amaçla kent genelinde 50.000 hane ile yüz yüze anket yöntemi kullanılarak görüşme gerçekleştirilmiştir. Anket sayısı her mahalleye en az 12 anket düşecek şekilde mahalle hane sayıları oranında dağıtılmıştır. Çalışma sonuçlarının İstanbul’u temsil edebilmesi için görüşme gerçekleştirilecek haneler, mahalle düzeyinde tabakalı rastgele örneklem yöntemi ile seçilmiştir.

Çalıştaylar ve toplantılar ile nihai hali belirlenen anket formunun uygulandığı saha çalışması 29.11.2021 – 07.03.2022 tarihleri arasında gerçekleştirilmiştir.

__Bu veri setinde; ham veri olarak paylaşılmış olan [Veriye Dayalı Yönetim Modeli araştırmasının](https://data.ibb.gov.tr/dataset?q=veriye+dayal%C4%B1+y%C3%B6netim+modeli) ilçe bazlı analiz verileri yer almaktadır.__","6.09.2023 07:44:53","6.09.2023 08:52:13","1","Governance","hanehalkı|metrekare","Department of Information Technologies","https://data.ibb.gov.tr/dataset/vdym-ilce-bazli-ortalama-hane-buyuklukleri-m2"
"3bc3fa3b-67dd-4b17-9041-68badd365e5f","vdym-ilce-bazinda-hanelerdeki-mulkiyet-durumu","VDYM İlçe Bazında Hanelerdeki Mülkiyet Durumu","İstanbul’da VDYM (Veriye Dayalı Yönetim Modeli) araştırması ile İstanbul halkının genel sosyodemografik ve sosyoekonomik profilinin, ihtiyaç ve eğilimlerinin belirlenerek yatırım ve hizmetler konusunda oluşturulacak stratejilere altlık olacak veri üretilmesi hedeflenmiştir. Bu amaçla kent genelinde 50.000 hane ile yüz yüze anket yöntemi kullanılarak görüşme gerçekleştirilmiştir. Anket sayısı her mahalleye en az 12 anket düşecek şekilde mahalle hane sayıları oranında dağıtılmıştır. Çalışma sonuçlarının İstanbul’u temsil edebilmesi için görüşme gerçekleştirilecek haneler, mahalle düzeyinde tabakalı rastgele örneklem yöntemi ile seçilmiştir.

Çalıştaylar ve toplantılar ile nihai hali belirlenen anket formunun uygulandığı saha çalışması 29.11.2021 – 07.03.2022 tarihleri arasında gerçekleştirilmiştir.

__Bu veri setinde; ham veri olarak paylaşılmış olan [Veriye Dayalı Yönetim Modeli araştırmasının](https://data.ibb.gov.tr/dataset?q=veriye+dayal%C4%B1+y%C3%B6netim+modeli) ilçe bazlı analiz verileri yer almaktadır.__","6.09.2023 07:34:32","6.09.2023 08:50:23","1","Governance","hanehalkı|mülkiyet","Department of Information Technologies","https://data.ibb.gov.tr/dataset/vdym-ilce-bazinda-hanelerdeki-mulkiyet-durumu"
"b124868c-5dc4-4957-ac07-b028a5f603aa","vdym-ilce-bazinda-yasanilan-konutta-ortalama-ikamet-suresi-ortalama-yil","VDYM İlçe Bazında Yaşanılan Konutta Ortalama İkamet Süresi (Ortalama Yıl)","İstanbul’da VDYM (Veriye Dayalı Yönetim Modeli) araştırması ile İstanbul halkının genel sosyodemografik ve sosyoekonomik profilinin, ihtiyaç ve eğilimlerinin belirlenerek yatırım ve hizmetler konusunda oluşturulacak stratejilere altlık olacak veri üretilmesi hedeflenmiştir. Bu amaçla kent genelinde 50.000 hane ile yüz yüze anket yöntemi kullanılarak görüşme gerçekleştirilmiştir. Anket sayısı her mahalleye en az 12 anket düşecek şekilde mahalle hane sayıları oranında dağıtılmıştır. Çalışma sonuçlarının İstanbul’u temsil edebilmesi için görüşme gerçekleştirilecek haneler, mahalle düzeyinde tabakalı rastgele örneklem yöntemi ile seçilmiştir.

Çalıştaylar ve toplantılar ile nihai hali belirlenen anket formunun uygulandığı saha çalışması 29.11.2021 – 07.03.2022 tarihleri arasında gerçekleştirilmiştir.

__Bu veri setinde; ham veri olarak paylaşılmış olan [Veriye Dayalı Yönetim Modeli araştırmasının](https://data.ibb.gov.tr/dataset?q=veriye+dayal%C4%B1+y%C3%B6netim+modeli) ilçe bazlı analiz verileri yer almaktadır.__","5.09.2023 09:42:32","6.09.2023 06:47:18","1","Governance","Konut|anket|ikamet","Department of Information Technologies","https://data.ibb.gov.tr/dataset/vdym-ilce-bazinda-yasanilan-konutta-ortalama-ikamet-suresi-ortalama-yil"
"03c862fa-3f12-4f1a-a8bf-29fe4587eeef","istanbul-barajlari-konum-bilgileri","İstanbul Barajları Konum Bilgileri","İlgili veri seti İstanbul'daki barajların konum bilgilerini içermektedir.","10.07.2023 10:54:10","11.07.2023 11:18:00","1","Çevre","dam|iski|location|water","İSKİ","https://data.ibb.gov.tr/dataset/istanbul-barajlari-konum-bilgileri"
"2994fdcd-4710-4d9f-91eb-cbe7e915899f","ibb-wifi-lokasyonlarinda-yillara-gore-kullanici-sayilari","The Number of Users of IMM Wifi Locations by Year","This data set includes the number of users in IMM Wifi locations by year.","16.12.2021 19:01:29","11.07.2023 08:13:31","1","Bilgi ve İletişim Teknolojileri","kullanıcı sayısı|location|wi-fi|yıl","Department of Information Technologies","https://data.ibb.gov.tr/dataset/ibb-wifi-lokasyonlarinda-yillara-gore-kullanici-sayilari"
"74a7f698-557f-40ff-876a-c28654dff944","rayli-sistemlere-ait-istasyon-bilgileri","STATION INFORMATION OF RAIL SYSTEMS","Contains station information data for rail systems in Istanbul. The content of this data set includes line name, station name, district name, station size, number of escalators and number of elevators. Up-to-date data can be accessed via [Metro Istanbul Stations Web Services](https://data.ibb.gov.tr/en/dataset/metro-istanbul-istasyonlari-listesi-web-servisleri)
","14.01.2020 06:54:36","12.06.2023 07:50:09","1","Mobilite","Metro İstasyon|asansör|büyüklük|istasyon|istasyon büyüklüğü|mobilite|raylı sistemler|ulaşım|yürüyen merdiven","Metro Istanbul","https://data.ibb.gov.tr/dataset/rayli-sistemlere-ait-istasyon-bilgileri"
"eca4249d-74e6-41ba-b5d0-9627b4c83f9d","rayli-sistemler-hat-bazli-yolculuk-sayilari","Rail Systems Line Based Trip Numbers","It includes the number of trips on the rail system lines in Istanbul. Data are annual data. This data set includes the number of journeys until 2018. [The Hourly Public Transport Data Set](https://data.ibb.gov.tr/en/dataset/hourly-public-transport-data-set) can be examined for current trip numbers.","10.01.2020 11:02:15","12.06.2023 07:04:43","1","Mobilite","hat|mobilite|raylı sistemler|ulaşım|yolculuk","Metro Istanbul","https://data.ibb.gov.tr/dataset/rayli-sistemler-hat-bazli-yolculuk-sayilari"
"594ca91d-0c71-41da-b50a-c7cd30fab67a","yolculuk-turu-bazinda-yolcu-sayisi","Number and Rate of Passengers Based on Transport Mode Types","It includes the annual number of passengers in Istanbul by travel type. This data set includes the number of passengers until 2019. [The Hourly Public Transport Data Set](https://data.ibb.gov.tr/en/dataset/hourly-public-transport-data-set) can be examined for current passenger numbers in Rail Systems and Sea Transportation types of travel.","10.01.2020 08:25:44","12.06.2023 06:06:29","1","Mobilite","mobilite|tür|ulaşım|yolcu|yolculuk","Ulaşım Dairesi Başkanlığı","https://data.ibb.gov.tr/dataset/yolculuk-turu-bazinda-yolcu-sayisi"
"d737b0b9-6832-4bfd-8b93-586de8dfd009","istanbul-barajlari-maksimum-biriktirme-hacimleri","İstanbul Barajları Maksimum Biriktirme Hacimleri","Bu veri seti İstanbul Barajlarının maksimum biriktirme hacimlerini m3 bazında içermektedir.","7.06.2023 10:13:35","8.06.2023 10:38:34","1","Çevre","barrage|dam|dam volume","İSKİ","https://data.ibb.gov.tr/dataset/istanbul-barajlari-maksimum-biriktirme-hacimleri"
"582d5601-e909-4bf2-a44b-33b95c3f1c0b","rayli-sistem-gunluk-maksimum-yolculuk-sayilari","Daily Maximum Journeys of the Rail System","It includes the daily maximum number of trips using the rail system lines in Istanbul. Includes Metro Istanbul Inc. and MARMARAY line-based daily maximum journeys. This data set includes journeys up to November 2019. [The Hourly Public Transport Data Set](https://data.ibb.gov.tr/en/dataset/hourly-public-transport-data-set) can be examined for current trip numbers.","6.01.2020 12:01:13","8.06.2023 07:28:56","1","Mobilite","günlük|maksimum|maksimum yolculuk|mobilite|raylı sistem|ulaşım","Ulaşım Dairesi Başkanlığı","https://data.ibb.gov.tr/dataset/rayli-sistem-gunluk-maksimum-yolculuk-sayilari"
"53cac9ae-4caa-41c3-b73f-e4d441120482","rayli-sistem-insaat-ilerleme-oranlari","Rail System Construction Progress Rates","Includes progress rates of rail system constructions in Istanbul European and Anatolian sides. Includes progress rates of rail system constructions in Istanbul European and Anatolian sides. It covers the time period until 31.03.2021. Up-to-date data can be accessed via  [Metro Istanbul Ongoing Project List Web Service](https://data.ibb.gov.tr/en/dataset/metro-istanbul-devam-eden-proje-listesi-web-servisi).","9.11.2020 12:27:12","7.06.2023 08:16:55","1","Mobilite","ilerleme|ilerleme oranı|inşaat|metro|raylı|raylı sistem|yüzde","Raylı Sistem Dairesi Başkanlığı","https://data.ibb.gov.tr/dataset/rayli-sistem-insaat-ilerleme-oranlari"
"0dd1d714-c523-437f-8afe-4d0e3a7b1eef","2020-yili-lokasyon-bazinda-cevresel-izleme-ve-kontrol-verileri","2020 Yılı Lokasyon Bazında Çevresel İzleme ve Kontrol Verileri","2020 yılı için İstanbul'da belirlenen 38 lokasyonda 15 dakikalık periyotlarla ölçülen 13 parametrede çevresel izleme ve kontrol verilerini içerir. __Bu veri artık güncellenmeyecektir. Güncel veri için [Hava Kalitesi İstasyon Ölçüm Sonuçları Web Servisi](https://data.ibb.gov.tr/dataset/hava-kalitesi-istasyon-olcum-sonuclari-web-servisi) veri kümesi incelenebilir.__

","10.01.2020 11:39:32","5.06.2023 12:43:35","1","Çevre","CO|NO|NO2|NOX|PM10|PM2.5|SO2|basınç|güneş radyasyon|nem|rüzgar|sıcaklık|yağmur|çevre","Department of Environmental Protection and Development","https://data.ibb.gov.tr/dataset/2020-yili-lokasyon-bazinda-cevresel-izleme-ve-kontrol-verileri"
"f7208275-59da-4bd2-a20d-df8b29e346e6","istanbul-solar-energy-potential-map","İstanbul Solar Enerji Potansiyeli Haritası","[Solar haritalar](https://en.wikipedia.org/wiki/Solar_map) genel olarak, belirli bir arazi parçasının, binanın veya evin belirli bir miktarda güneş ışığını ne kadar deneyimlediğine ilişkin bilgileri gösteren bir şehir, eyalet, ülke veya herhangi bir kara parçasının haritasıdır. Solar haritalar birçok biçimde gösterilse de, bir solar harita esas olarak belirli bir konumun nerede ve ne ölçüde belirli miktarda güneş ışığı veya radyasyon yaşadığını kaydeder .

İstanbul Solar Enerji Potansiyeli Haritası, [OGC](https://en.wikipedia.org/wiki/Open_Geospatial_Consortium) standartlarına uygun olarak hazırlanmıştır.","21.01.2021 15:16:50","22.05.2023 13:02:25","5","Bilgi ve İletişim Teknolojileri|Enerji","diffuse|enerji haritası|harita|renkli harita|siyah beyaz harita|solar|solar enerji|solar enerji haritası|solar harita","Department of Information Technologies","https://data.ibb.gov.tr/dataset/istanbul-solar-energy-potential-map"
"233a1220-5c1e-410b-a22d-1152f56bcaa2","istanbul-lojistik-dis-kesit-transit-gecisler-raporu","Istanbul Logistics External Section-Transit Transitions Report","The purpose of the “External Station” study is to determine the proportion and direction of travel that does not reside within the boundaries of the study, but enters, leaves or transits in the Istanbul transportation network.","14.01.2020 13:38:20","18.05.2023 10:26:38","2","Mobilite","dış istasyon|lojistik|rapor|İstanbul","Ulaşım Dairesi Başkanlığı","https://data.ibb.gov.tr/dataset/istanbul-lojistik-dis-kesit-transit-gecisler-raporu"
"6cefaa5b-bd1b-4e98-a27e-94ddac1ecd2b","istanbul-ulasim-ana-plani-hanehalki-arastirmasi","Istanbul Transportation Master Plan Household Survey","Household surveys constitute the most basic research of transportation planning. It contains detailed information about the journeys of the subjects in household surveys. Compiling the start and end zones according to the predetermined zone system of the journeys, and creating the observation of journeys by year matrix with correct representation, is one of the important objectives of this survey.
","15.01.2020 06:13:28","18.05.2023 10:20:32","2","Mobilite","ana plan|araştırma|hanehalkı|istanbul|ulaşım","Ulaşım Dairesi Başkanlığı","https://data.ibb.gov.tr/dataset/istanbul-ulasim-ana-plani-hanehalki-arastirmasi"
"d190a1ea-0671-43b6-94da-2a4e16d41924","istanbul-odak-noktalari-saha-arastirmasi-sentez-raporu","Istanbul Focal Points Field Research Synthesis Report","Contains a field study for the vehicle count within the scope of Istanbul Logistics Master Plan Business. The purpose is to create a scientific base for ISTLAP with the data obtained regarding the logistics mobility of Istanbul. In the study, traffic counts and surveys were carried out, as determined by the technical specifications document.

In this way, the social, economic, political and technological effects of the logistics infrastructure of Istanbul on the city and the citizens will be determined and strategies and suggestions will be developed for the solution of the problems identified. With the short, medium and long term action plans. On the one hand, healthy spatial development will be provided, while on the other hand, an integrated development will be achieved in the Istanbul Transportation Master Plan.","15.01.2020 06:11:40","18.05.2023 10:17:13","2","Mobilite","istanbul|odak noktaları|rapor|saha araştırması|sentez","Ulaşım Dairesi Başkanlığı","https://data.ibb.gov.tr/dataset/istanbul-odak-noktalari-saha-arastirmasi-sentez-raporu"
"c9dce201-d560-4458-b1a1-c94412f60a8f","istanbul-lojistik-perde-noktalari-trafik-sayim-istatistikleri-sentez-raporu","Istanbul Logistic Curtain Points Traffic Count Statistics Synthesis Report","Based on 99 sections in 7 curtains in Istanbul Transportation Master Plan study, and counted in total 109 sections with the additions made.

Counts were performed for 24 hours in 45 sections, between 06: 00-22: 00 in 62 sections.

The counts were made in two directions and covered all vehicles.

The countings were carried out by counting the number of vehicles from camera records in the office environment as decided by the Administration and the İSTLAP Project Group. 11 types of vehicles were counted.","15.01.2020 06:09:42","18.05.2023 10:14:03","2","Mobilite","istatistik|lojistik|perde noktası|rapor|sentez|trafik|trafik sayım","Ulaşım Dairesi Başkanlığı","https://data.ibb.gov.tr/dataset/istanbul-lojistik-perde-noktalari-trafik-sayim-istatistikleri-sentez-raporu"
"b209efe2-b143-472a-a60c-8819362cf6c1","istanbul-lojistik-firma-gorusmeleri-saha-arastirmasi-sentez-raporu","Istanbul Logistics Company Meetings Field Research Synthesis Report","Research; It is designed to provide estimation of logistics mobility in relation to the Istanbul province, Istanbul district, the sector and the companies providing services.

The sample study designed by TUİK has determined the total sample volume as 71.992 workplaces by design.

A stratified two-stage cluster sampling method was used. District and sector distinctions were used as the external stratification criteria. First stage included sampling unit districts; The second stage included sampling unit by the workplaces chosen systematically from each cluster of the sector.","15.01.2020 06:06:59","18.05.2023 10:09:36","2","Mobilite","firma|görüşme|istanbul|lojistik|rapor|saha araştırması|sentez","Ulaşım Dairesi Başkanlığı","https://data.ibb.gov.tr/dataset/istanbul-lojistik-firma-gorusmeleri-saha-arastirmasi-sentez-raporu"
"905158f2-1f29-4f2f-83ba-58d438eb165a","aylara-gore-aktarma-istasyonlarinda-toplanan-karisik-belediye-atik-miktari-web-servisi","Mixed Municipal Waste Collected at Transfer Stations by Month Web Service","The amount of waste collected since 2016 according to Transfer Stations has been given with this web service. (Not all transfer stations were included in the LIVE system in 2016. The SAP project was taken LIVE as of 01/01/2016.Then, all transfer stations (4 facility in European side & 4 facility in Asian side) in different time periods in 2016 and 2017 taken to the live system.","2.09.2020 20:02:39","12.05.2023 09:19:58","3","Çevre","aktarma istasyonu|atık|atık miktarı|belediye atığı|istasyon|web servis","İSTAÇ Inc.","https://data.ibb.gov.tr/dataset/aylara-gore-aktarma-istasyonlarinda-toplanan-karisik-belediye-atik-miktari-web-servisi"
"bcae42c9-5761-4051-997e-54a8ddb43bd9","yol-bakim-web-servisi","Road Maintenance Works Web Service","Through this dataset, daily road maintenance works carried out by the Department of Road Maintenance and Infrastructure Coordination can be accessed.","1.06.2021 07:58:05","5.05.2023 11:42:09","3","Mobilite|Security","bakım|web|web servis|yol|yol bakım","Department of Information Technologies","https://data.ibb.gov.tr/dataset/yol-bakim-web-servisi"
"9e802576-3fad-4af2-ad87-66291b64efb9","ispark-otopark-listesi-web-servisi","Ispark Parking List Web Service","With this web service, information on all parking lots belonging to Ispark Inc. can be accessed.

","5.02.2020 07:51:06","5.05.2023 11:23:03","3","Mobilite","servis|web|web servis|İSPARK|İspark","İSPARK Inc.","https://data.ibb.gov.tr/dataset/ispark-otopark-listesi-web-servisi"
"6e8a22de-13b7-44f4-ad43-f125c69f8b50","istanbul-yillara-gore-nufus-projeksiyonu-verisi","İstanbul Yıllara Göre Nüfus Projeksiyonu Verisi","Bu veri seti İstanbul'un 2050 yılına kadar olan nüfus tahminleri verisini içermektedir. 

Yayınlanan tablo  İstanbul Büyükşehir Belediye Meclisi’nin 13.02.2009 gün ve 103 sayılı kararı ile kabul edilen [1/100.000 ölçekli İstanbul İl Çevre Düzeni Planı Raporunda](https://sehirplanlama.ibb.istanbul/wp-content/uploads/2021/10/TADILATLI_CDP_02.04.2021.jpg) yer almaktadır. 15.06.2009 tarihinde İstanbul Büyükşehir Belediye Başkanı tarafından onaylanan bu plan meriyetini korumaktadır. Bu planın raporunda yer alan nüfus projeksiyonu tablosudur. Plan güncellendiğinde verilerde güncellenecektir.","4.11.2021 07:58:27","26.04.2023 07:41:12","1","İnsan","nüfus|nüfus projeksiyonu|tahmin","Department of Housing and Urban Development","https://data.ibb.gov.tr/dataset/istanbul-yillara-gore-nufus-projeksiyonu-verisi"
"6d34ee92-74b1-4809-b93c-088c1ff17360","metro-istanbul-rayli-sistem-grup-listesi","Metro Istanbul Rail System Group List","This web service returns the group list of rail lines.


","25.04.2023 11:44:59","25.04.2023 11:47:04","2","Mobilite","metro|raylı sistem|web servis","Metro Istanbul","https://data.ibb.gov.tr/dataset/metro-istanbul-rayli-sistem-grup-listesi"
"2acda33e-6402-4349-8f56-629bbcd93d62","metro-istanbul-hat-id-si-ve-istayon-id-sine-gore-yon-bilgisi-listesi","Direction Information List by Metro Istanbul Line Id and Station Id","This web service returns a list of direction information by line Id and station Id.

","25.04.2023 11:39:51","25.04.2023 11:42:50","2","Mobilite","hat id|istasyon id|metro|web servis|yön","Metro Istanbul","https://data.ibb.gov.tr/dataset/metro-istanbul-hat-id-si-ve-istayon-id-sine-gore-yon-bilgisi-listesi"
"80feee28-2f47-42ab-a391-c1007804f0b8","metro-istanbul-hat-id-sine-gore-yon-bilgisi-listesi","Direction Information List by Metro Istanbul by Line ID","This web service returns the list of direction information by line Id.
","25.04.2023 11:33:07","25.04.2023 11:37:11","2","Mobilite","hat id|metro|web servis|yön","Metro Istanbul","https://data.ibb.gov.tr/dataset/metro-istanbul-hat-id-sine-gore-yon-bilgisi-listesi"
"b51c6aa6-f5e2-4086-b4f4-5016ab9d980e","metro-istanbul-hat-yon-bilgisi-listesi","Metro Istanbul Line Direction Information List","This web service returns a list of direction information for Metro lines. (For example: DirectionValue:1 is (+) positive, DirectionValue:2 is (-) negative)


","25.04.2023 11:28:49","25.04.2023 11:31:15","2","Mobilite","hat|metro|web servis|yön","Metro Istanbul","https://data.ibb.gov.tr/dataset/metro-istanbul-hat-yon-bilgisi-listesi"
"1ecfa1bd-682f-4409-b1bd-533e22b05179","metro-istanbul-hat-bilgisi-listesi","Metro Istanbul Line Information List","This web service returns the list of Metro Istanbul line information.



","25.04.2023 11:23:23","25.04.2023 11:25:52","2","Mobilite","hat bilgisi|metro|web servis","Metro Istanbul","https://data.ibb.gov.tr/dataset/metro-istanbul-hat-bilgisi-listesi"
"b1beb3d9-bb12-4a67-a341-37bacc04588c","metro-istanbul-sikca-sorulan-sorular-listesi","Metro Istanbul Frequently Asked Questions List","This web service returns the Metro Istanbul frequently asked questions list and the answers to these questions.


","25.04.2023 11:10:16","25.04.2023 11:13:28","2","Governance|Mobilite","metro|sss|sık sorulan sorular|web servis","Metro Istanbul","https://data.ibb.gov.tr/dataset/metro-istanbul-sikca-sorulan-sorular-listesi"
"ab12b2fd-d2d0-469f-b88e-177fcba10a34","metro-istanbul-etkinlik-listesi","Metro Istanbul Event List","This web service returns the Metro Istanbul event list.
","25.04.2023 11:06:03","25.04.2023 11:08:32","2","Mobilite|Yaşam","etkinlik|metro|web servis","Metro Istanbul","https://data.ibb.gov.tr/dataset/metro-istanbul-etkinlik-listesi"
"c1a0eb02-729e-4d38-bae1-7205df4da383","metro-istanbul-dil-bilgisine-gore-haber-listesi","Metro Istanbul News List According to Different Language Options","This web service returns news list according to different language options.


","25.04.2023 10:55:44","25.04.2023 10:57:41","2","Mobilite|Yaşam","haber|metro|web servis","Metro Istanbul","https://data.ibb.gov.tr/dataset/metro-istanbul-dil-bilgisine-gore-haber-listesi"
"4767e916-e507-4457-9d13-0fcedbb466ca","metro-istanbul-dil-bilgisine-gore-duyuru-listesi","Metro Istanbul Announcement List According to Different Language Options","This web service returns the announcement list according to different language options.

","25.04.2023 10:51:41","25.04.2023 10:53:52","2","Mobilite|Yaşam","duyuru|metro|web servis","Metro Istanbul","https://data.ibb.gov.tr/dataset/metro-istanbul-dil-bilgisine-gore-duyuru-listesi"
"be3cbd87-c8f8-4ac9-ba33-cf07037d3abb","metro-istanbul-istasyonlarin-baslangic-istasyonuna-olan-uzaklik-sureleri-listesi","List of Distance Times of Metro Istanbul Stations to the Start Station","This web service returns the list of distance times of Metro stations from the starting station.","25.04.2023 10:36:42","25.04.2023 10:38:59","2","Mobilite","başlangıç|istasyon|metro|süre|web servis","Metro Istanbul","https://data.ibb.gov.tr/dataset/metro-istanbul-istasyonlarin-baslangic-istasyonuna-olan-uzaklik-sureleri-listesi"
"02bb7d29-46cb-4fef-a790-787babab2a95","metro-istanbul-hat-id-sine-gore-istasyon-bilgileri-listesi","Metro Istanbul Station Information List by Line Id","This web service returns station information according to the Ids of Metro Istanbul lines.




","25.04.2023 10:22:16","25.04.2023 10:29:12","2","Mobilite","hat|istasyon|metro|web servis","Metro Istanbul","https://data.ibb.gov.tr/dataset/metro-istanbul-hat-id-sine-gore-istasyon-bilgileri-listesi"
"e9dd0f90-3e29-47ef-973c-3489982609e0","metro-istanbul-arizali-ekipmanlarin-detay-bilgi-listesi","Metro Istanbul Detail Information List of Defective Equipment","Through this web service, detailed information list of Metro defective equipment can be accessed.","25.04.2023 10:07:15","25.04.2023 10:09:58","2","Mobilite","arıza|ekipman|liste|metro|web servis","Metro Istanbul","https://data.ibb.gov.tr/dataset/metro-istanbul-arizali-ekipmanlarin-detay-bilgi-listesi"
"29507974-dc5c-4b43-a9e6-8249a0a97cdc","metro-istanbul-ariza-tipleri-listesi","Metro Istanbul Fault Types List","The Metro fault types list can be accessed via this web service.

","25.04.2023 10:03:12","25.04.2023 10:05:16","2","Mobilite","arıza|arıza tipi|liste|metro","Metro Istanbul","https://data.ibb.gov.tr/dataset/metro-istanbul-ariza-tipleri-listesi"
"c48b91b0-6543-44c8-b566-5fc42c918d72","metro-istanbul-teknik-nesne-turleri-listesi","Metro Istanbul Technical Object Types List","Metro technical object types list can be accessed via this web service.

","25.04.2023 09:59:01","25.04.2023 10:01:35","2","Mobilite","liste|metro|teknik|tür","Metro Istanbul","https://data.ibb.gov.tr/dataset/metro-istanbul-teknik-nesne-turleri-listesi"
"decbad54-ab44-4f3b-ba25-0ddca883481d","metro-istanbul-arizali-ekipman-ve-teknik-birim-listesi","Metro Istanbul Faulty Equipment and Technical Unit List","Metro malfunctioning equipment and technical unit list can be accessed via this web service.","25.04.2023 09:53:58","25.04.2023 09:56:47","2","Mobilite","arıza|ekipman|metro|teknik birim","Metro Istanbul","https://data.ibb.gov.tr/dataset/metro-istanbul-arizali-ekipman-ve-teknik-birim-listesi"
"484bf01a-0c5b-41d6-bfc8-39f707f69da6","metro-istanbul-ariza-turleri-listesi","Metro Istanbul Fault Types List","Through this web service, the types of malfunctions encountered in the processes carried out by Metro Istanbul can be accessed.","25.04.2023 09:49:00","25.04.2023 09:51:51","2","Mobilite","arıza|arıza türü|metro","Metro Istanbul","https://data.ibb.gov.tr/dataset/metro-istanbul-ariza-turleri-listesi"
"3724ad52-4ab6-4000-9d71-2eef08135cce","metro-istanbul-hatlarinin-hizmet-durumu-listesi","Service Status List of Metro Istanbul Lines","The service status of Metro Istanbul lines can be accessed via this web service.","25.04.2023 09:43:00","25.04.2023 09:45:56","2","Mobilite","hizmet|hizmet durumu|metro|web servis","Metro Istanbul","https://data.ibb.gov.tr/dataset/metro-istanbul-hatlarinin-hizmet-durumu-listesi"
"105e95db-fa38-4e8c-960b-f35e573eeb91","itfai-istatistikler","İtfai İstatistikler","İtfaiyeden alınan itfaiye istatistik verilerini içermektedir. Bu veri setinin güncellenmesi sağlanmayacaktır. İlişkili veri için [İtfai Olaylar Ambulans Çıkış Nedenleri](https://data.ibb.gov.tr/tr/dataset/itfai-olaylar-ambulans-cikis-nedenleri) veri kümesi incelenebilir. ","13.02.2020 06:08:28","25.04.2023 07:20:42","1","Security","acil|deprem farkındalık eğitimi|güvenlik|sağlık|yangın|yaşam","İtfaiye Dairesi Başkanlığı","https://data.ibb.gov.tr/dataset/itfai-istatistikler"
"45dc8d67-47bc-4b8a-920a-3c6b44013be5","istanbul-yapi-yogunluk-haritasi","Istanbul Building Density Map","Heat map (heat map) is a data visualization technique that shows the density level of a phenomenon in the relevant region through colors. The variation or intonation in the color used gives the reader clues as to the concentration of the phenomenon in the region concerned.","10.03.2021 10:51:57","17.04.2023 11:14:38","3","Bilgi ve İletişim Teknolojileri|Yaşam","maks|yapı|yoğunluk","Department of Information Technologies","https://data.ibb.gov.tr/dataset/istanbul-yapi-yogunluk-haritasi"
"a0533a25-ed05-407e-9fad-882f635aa4f3","proje-amacina-gore-kamulastirilan-alan-miktari","Proje Amacına Göre Kamulaştırılan Alan Miktarı","Bu veri seti proje amacına göre kamulaştırılan alan miktarı verisini içermektedir.","10.04.2023 12:22:08","11.04.2023 07:07:54","1","Governance","kamulaştırma","Department of Real Estate Management","https://data.ibb.gov.tr/dataset/proje-amacina-gore-kamulastirilan-alan-miktari"
"a51f0a8c-765b-44ad-ade6-11de5fde0adf","yillara-gore-kamulastirilan-alan-miktari","Yıllara Göre Kamulaştırılan Alan Miktarı","Bu veri seti yıllara göre kamulaştırılan alan miktarı verisini içermektedir.","10.04.2023 12:15:57","10.04.2023 13:46:19","1","Governance","kamulaştırma","Department of Real Estate Management","https://data.ibb.gov.tr/dataset/yillara-gore-kamulastirilan-alan-miktari"
"916f21cf-886d-4327-85cd-029fb1b57888","etiket-ve-tarife-denetim-faaliyetleri","Etiket ve Tarife Denetim Faaliyetleri","Bu veri kümesi Zabıta Daire Başkanlığı tarafından gerçekleştirilen denetim adedi, denetim tutanağı ve idari para cezasının yıllara göre miktarlarını içermektedir.  
__Bu veri kümesi güncellenmeyecektir. Güncel veri için [Fiyat Etiketi, Tarife, Dara ve AVM Otopark Denetimleri](https://data.ibb.gov.tr/tr/dataset/fiyat-etiketi-tarife-dara-ve-avm-otopark-denetimleri) veri kümesi incelenebilir.__
 
","3.11.2021 07:33:42","5.04.2023 12:21:08","1","Governance|Yaşam","ceza|denetim|denetim faaliyeti|idari para cezası|para cezası|sefer tarifesi|tutanak|yaptırım tutanağı|zabıta","Zabıta Dairesi Başkanlığı","https://data.ibb.gov.tr/dataset/etiket-ve-tarife-denetim-faaliyetleri"
"4d3aaa8a-8644-420c-bb3a-eb60952fa820","gaz-birim-fiyati-ve-miktari","Gaz Birim Fiyatı ve Miktarı","Yıllara göre 1 m³ gazın birim fiyatını ve gaz satış miktarını içerir. Güncel veriye [Aylık Perakende Gaz Satış Fiyatlandırılması](https://data.ibb.gov.tr/dataset/aylik-perakende-gaz-satis-miktari-ve-fiyatlandirilmasi) veri kümesi aracılığı ile ulaşılabilir. 
","13.01.2020 07:36:06","27.03.2023 12:05:50","1","Ekonomi|Enerji","doğalgaz|enerji|fiyat|gaz|miktar","İGDAŞ","https://data.ibb.gov.tr/dataset/gaz-birim-fiyati-ve-miktari"
"b4fbb6c2-393c-4ab2-a280-9f6cb7bafdec","metro-istanbul-bilet-fiyat-listesi-web-servisi","Metro Istanbul Ticket Price List Web Service","Sales prices of tickets created and updated by Metro Istanbul can be accessed via this web service.","22.06.2021 11:07:54","27.03.2023 07:12:14","2","Ekonomi|Mobilite","bilet|bilet satış|fiyat|metro|metro istanbul|satış|servis|web servis","Metro Istanbul","https://data.ibb.gov.tr/dataset/metro-istanbul-bilet-fiyat-listesi-web-servisi"
"313414fd-a830-4ec0-8bdf-4231b33e0f2e","rayli-sistemler-kirazli-halkali-metro-hatti-ilce-istasyon-bilgileri","RAIL SYSTEMS KIRAZLI-HALKALI METRO LINE STATION INFORMATION","Contains information about the Istanbul Kirazli-Halkali district metro line. The data includes the district, station number, station name and length of the station. __This data will not be updated. For current data [Rail Systems Kirazlı-Halkalı Metro Line Information](https://data.ibb.gov.tr/en/dataset/rayli-sistemler-kirazli-halkalii-metro-hatti-bilgileri) dataset can be examined.__
","14.01.2020 13:04:30","17.03.2023 07:51:29","2","Mobilite","Halkalı|Kirazlı|Ulaşım|hat|ilçe|istasyon|istasyon uzunluğu|metro|raylı sistemler","Raylı Sistem Dairesi Başkanlığı","https://data.ibb.gov.tr/dataset/rayli-sistemler-kirazli-halkali-metro-hatti-ilce-istasyon-bilgileri"
"71c686da-5b67-4cd2-b198-95e2100dba48","rayli-sistemler-kirazli-halkali-istasyonu-asansor-ve-yuruyen-merdiven-sayisi","NUMBER OF ELEVATORS AND ESCALATORS AT THE KIRAZLI-HALKALI STATION","Contains the number of Elevators and Escalators at the Kirazli-Halkali Station. __This data will not be updated. For current data [Rail Systems Kirazlı-Halkalı Metro Line Information](https://data.ibb.gov.tr/en/dataset/rayli-sistemler-kirazli-halkalii-metro-hatti-bilgileri) dataset can be examined.__","14.01.2020 12:52:00","17.03.2023 07:51:12","1","Mobilite","Halkalı|Kirazlı|Ulaşım|asansör|hat|istasyon|metro|raylı sistemler|yürüyen merdiven","Raylı Sistem Dairesi Başkanlığı","https://data.ibb.gov.tr/dataset/rayli-sistemler-kirazli-halkali-istasyonu-asansor-ve-yuruyen-merdiven-sayisi"
"be440665-ef75-4295-bede-e788e4becc9c","rayli-sistemler-kirazli-halkali-istasyonu-diger-hatlarla-baglanti-noktalari","RAIL SYSTEMS KIRAZLI-HALKALI STATION CONNECTIONS WITH OTHER LINES","Contains data on the connection points between Istanbul Kirazlı-Halkalı metro line with other stations. __This data will not be updated. For current data [Rail Systems Kirazlı-Halkalı Metro Line Information](https://data.ibb.gov.tr/en/dataset/rayli-sistemler-kirazli-halkalii-metro-hatti-bilgileri) dataset can be examined.__","14.01.2020 12:53:34","17.03.2023 07:50:44","2","Mobilite","Halkalı|Kirazlı|Ulaşım|bağlantı|bağlantı noktası|hat|istasyon|metro|raylı sistemler","Raylı Sistem Dairesi Başkanlığı","https://data.ibb.gov.tr/dataset/rayli-sistemler-kirazli-halkali-istasyonu-diger-hatlarla-baglanti-noktalari"
"e6810baa-4f41-489d-8d97-42a957fcae49","ibb-wi-fi-lokasyon","IMM WiFi Location Data","Within the scope of providing safe and accessible telecommunication services to local citizens and foreign guests by Istanbul Metropolitan Municipality; It is a free internet service named ** ibbWiFi ** in many public places such as squares, streets, parks, sports and cultural facilities since April 2014.","1.05.2021 21:50:58","16.03.2023 06:16:07","1","Bilgi ve İletişim Teknolojileri","ibb wifi|lokasyon|wifi|ücretsiz","Department of Information Technologies","https://data.ibb.gov.tr/dataset/ibb-wi-fi-lokasyon"
"e38c9d83-b11f-4e85-8bb8-59b9a313e8d8","rayli-sistemler-ikitelli-atakoy-hatti-diger-hatlarla-baglanti-noktalari","Raylı Sistemler İkitelli-Ataköy Hattı Diğer Hatlarla Bağlantı Noktaları","Bu veri kümesi Raylı Sistemler İkitelli-Ataköy Hattının diğer hatlarla bağlantı noktaları verisini içermektedir. __Bu veri güncellenmeyecektir. Güncel veri için [Raylı Sistemler İkitelli-Ataköy Metro Hattı Verisi](https://data.ibb.gov.tr/dataset/rayli-sistemler-ikitelli-atakoy-metro-hatti-verisi) incelenebilir.__","8.02.2022 12:30:19","15.03.2023 08:20:33","1","Mobilite","Ataköy|bağlantı|bağlantı noktaları|ikitelli|raylı|raylı sistemler","Raylı Sistem Dairesi Başkanlığı","https://data.ibb.gov.tr/dataset/rayli-sistemler-ikitelli-atakoy-hatti-diger-hatlarla-baglanti-noktalari"
"40282d87-f8bc-4497-bdba-13d785373f4a","rehabilite-edilip-alindigi-ortama-birakilan-hayvanlar","Rehabilite Edilip Alındığı Ortama Bırakılan Hayvanlar","İstanbul'da 2019 yılı aralık ayından itibaren rehabilite edilip alındığı ortama bırakılan hayvan bilgilerini içerir. 

**Bu veri seti güncellenmeyecektir.**","14.01.2020 10:27:12","6.03.2023 11:50:45","1","Yaşam","rehabilitasyon|sokak hayvanları|veteriner hizmetleri|yaşam","Tarımsal Hizmetler Dairesi Başkanlığı","https://data.ibb.gov.tr/dataset/rehabilite-edilip-alindigi-ortama-birakilan-hayvanlar"
"61273ce7-93ce-4624-bf6a-01564342b31d","musahadeye-alinan-hayvanlar","Müşahede Altına Alınan Hayvanlar","Aralık 2019'dan beri İstanbul'da gözlemlenen hayvan bilgilerini içerir.

**Bu veri seti güncellenmeyecektir.**","14.01.2020 08:57:41","6.03.2023 11:49:50","1","Yaşam","müşahade|sokak hayvanları|veteriner hizmetleri|yaşam","Tarımsal Hizmetler Dairesi Başkanlığı","https://data.ibb.gov.tr/dataset/musahadeye-alinan-hayvanlar"
"c13514d9-86b1-4b83-a9b9-1a15cb5f254c","deprem-senaryosu-analiz-sonuclari","Deprem Senaryosu Analiz Sonuçları","Veri seti 7.5 Mw büyüklüğünde gece olacak deprem senaryosuna göre yapılan analizlerin sonuçlarını içerir.
 İlgili veri setinin güncellenme çalışmaları devam etmektedir.","19.03.2021 06:33:29","2.03.2023 11:34:37","1","Security|Yaşam","analiz|analiz sonucu|deprem|deprem senaryosu|senaryo","Department of Earthquake Risk Management and Urban Improvement","https://data.ibb.gov.tr/dataset/deprem-senaryosu-analiz-sonuclari"
"7456b10e-1128-48f7-82f5-5503d98bfb1b","ispark-otopark-bilgileri","ISPARK Parking Information","ISPARK offers a solution to the parking problem of citizens and to provide easy access to integrated alternative transportation networks in order to encourage short-term parking in the city and to transfer long-term parking from the main arteries to areas with less density.

__This data will not be updated. For up-to-date data, [ISPARK Parking List Web Service](https://data.ibb.gov.tr/en/dataset/ispark-otopark-listesi-web-servisi) can be viewed.__","1.05.2021 22:20:00","27.02.2023 11:15:51","1","Mobilite","ispark|parklanma","İSPARK Inc.","https://data.ibb.gov.tr/dataset/ispark-otopark-bilgileri"
"575e4c95-c2be-4eb3-9523-0203acfcd389","genc-universiteli-egitim-yardimi","Young University Education Aid","Gender, age, and school distributions of the young college education aid. Current data is available through the [Young University Education Aid Dataset](https://data.ibb.gov.tr/en/dataset/genc-universiteli-egitim-yardimi-veri-seti).","14.09.2020 05:43:23","15.02.2023 11:01:55","1","İnsan","Eğitim|Genç üniversiteli eğitim yardımının cinsiyet|Yardım|okul dağılımları|yaş","Sosyal Hizmetler Dairesi Başkanlığı","https://data.ibb.gov.tr/dataset/genc-universiteli-egitim-yardimi"
"3bd91921-66c3-4ed3-8237-deb4e263d9fe","https-www-istanbulsporenvanteri-com","Istanbul Sports Inventory","The url information of the website where information is shared about the activities and facilities affiliated to the IMM Directorate of Youth and Sports has been shared.","17.08.2020 12:24:35","7.12.2022 06:17:26","1","Yaşam","Spor|Spor tesisleri|Yaşam","Destek Hizmetleri Dairesi Başkanlığı","https://data.ibb.gov.tr/dataset/https-www-istanbulsporenvanteri-com"
"f6695c85-7798-49e5-a041-0e9d3616a75a","ibb-dava-bilgileri","IMM Lawsuit Information","Contains the case information of IMM. This dataset will no longer be updated. For current data, [Number of Judicial Cases](https://data.ibb.gov.tr/en/dataset/adli-dava-sayilari), [Number of Criminal Cases](https://data.ibb.gov.tr/en/dataset/ceza-dava-sayilari) and [Number of Administrative Cases
](https://data.ibb.gov.tr/en/dataset/idari-dava-sayilari) datasets.","13.02.2020 05:35:19","21.06.2022 08:02:51","1","Governance","ceza|dava|hukuk|icra|mahkeme|yönetişim","1. Legal Counselors","https://data.ibb.gov.tr/dataset/ibb-dava-bilgileri"
"4543390f-257f-4026-ad15-3fa7cd0e6d37","izcilik-faaliyetinden-faydalanan-kisi-sayisi","İzcilik Faaliyetinden Faydalanan Kişi Sayısı","İBB bünyesinde izcilik faaliyetinden faydalanan kişi sayılarını içermektedir.
Güncel veriye [İzci Kamplarına Katılan Kişi Sayısı](https://data.ibb.gov.tr/dataset/izci-kamplarina-katilan-kisi-sayisi) isimli veri kümesi aracılığı ile ulaşılabilir. ","16.03.2020 10:10:05","20.06.2022 13:21:10","1","Yaşam","izcilik|kamp|kişi","Destek Hizmetleri Dairesi Başkanlığı","https://data.ibb.gov.tr/dataset/izcilik-faaliyetinden-faydalanan-kisi-sayisi"
"7b36039a-c836-4292-8b3b-2d2202bf7af6","spor-organizasyonlari-ve-sporcu-sayilari","Spor Organizasyonları ve Sporcu Sayıları","Düzenlenen Spor Faaliyetlerini ve Ulaşılan Kişi (Üye) Sayısını içerir.
Güncel veriye [Muhtelif Gerçekleştirilen Spor Organizasyonları](https://data.ibb.gov.tr/tr/dataset/muhtelif-gerceklestirilen-spor-organizasyonlari) ve [Lojistik Destek Verilen Spor Organizasyonları](https://data.ibb.gov.tr/tr/dataset/lojistik-destek-verilen-spor-organizasyonlari) isimli veri kümeleri aracılığı ile ulaşılabilir. ","16.03.2020 10:13:04","20.06.2022 13:20:26","1","Yaşam","kişi sayısı|organizasyon|spor|sporcu|ulusal|uluslararası","Destek Hizmetleri Dairesi Başkanlığı","https://data.ibb.gov.tr/dataset/spor-organizasyonlari-ve-sporcu-sayilari"
"902ccd71-c2dc-4d1c-9a80-5dd6de9fa175","toplu-tasima-bilet-fiyatlari","Public Transportation Ticket Prices","Contains the price information of the public transportation tickets used in Istanbul. Up-to-date data can be accessed via [Metro Istanbul Ticket Price List Web Service
](https://data.ibb.gov.tr/en/dataset/metro-istanbul-bilet-fiyat-listesi-web-servisi).","10.01.2020 11:28:01","10.06.2022 07:38:56","1","Ekonomi|Mobilite","Metro İstanbul|bilet|fiyat|toplu taşıma|ulaşım","Metro Istanbul","https://data.ibb.gov.tr/dataset/toplu-tasima-bilet-fiyatlari"
"015e8185-d59c-47c1-a4cf-8d7fc709ef44","gunluk-ibb-wifi-yeni-kullanici-verisi","Günlük ibbWiFi Yeni Kullanıcı Verisi","İstanbul Büyükşehir Belediyesi tarafından verilen Wi-Fi hizmetinden faydalanan yerli ve yabancı kullanıcıların verisini içermektedir.

__Veri kümesinin güncellenmesi ilerleyen tarihlerde gerçekleştirilecektir.__ 
","16.12.2020 00:05:40","19.04.2022 05:44:03","1","Bilgi ve İletişim Teknolojileri","abone sayısı|ibb Wi-Fi|ibb wifi|ibbWiFi|internet","Department of Information Technologies","https://data.ibb.gov.tr/dataset/gunluk-ibb-wifi-yeni-kullanici-verisi"
"2eb6e08d-45e9-48a2-8d91-2713c67403fd","sismik-portal","Seismic Portal","Through the Seismic Portal, it is possible to access the information of earthquakes occurring in selected areas.","9.03.2021 11:42:00","5.04.2022 11:36:14","1","Bilgi ve İletişim Teknolojileri|Security","deprem|deprem şiddeti|portal|sismik|şiddet","Department of Information Technologies","https://data.ibb.gov.tr/dataset/sismik-portal"
"605b93d2-daef-4a4e-96ba-fdf15c0d246e","izci-kamplarina-katilan-kisi-sayisi","Number of People Attending Scout Camps","The dataset includes the number of people who participated in the scout camps held since 2004. The camps are divided into Canakkale National Consciousness Camp, Summer Camp, Winter Camp and others.

__This data set will not be updated since the Scouting Activities carried out within the framework of cooperation with the Turkish Scouting Federation will not be carried out to cover 2020 and the following years due to the termination of the cooperation with the Federation.__","28.09.2021 08:59:40","4.04.2022 11:32:22","1","Yaşam|İnsan","faaliyet|izci|izci kampı|kamp|kişi sayısı","Destek Hizmetleri Dairesi Başkanlığı","https://data.ibb.gov.tr/dataset/izci-kamplarina-katilan-kisi-sayisi"
"01f246dd-cff7-473a-acaa-04440fb22c3f","ibbwifi-noktalarindaki-gunluk-kullanici-sayilari","Daily Number of Distinc Users in IMM WiFi Points","The data set includes the daily number of distinc users at IMM WiFi points.","26.04.2021 19:29:58","4.04.2022 11:04:15","1","Bilgi ve İletişim Teknolojileri","WIFI|WiFi|ibb WiFi|ibb wifi|ibbWiFi|wifi|İBB WIFI|İBB WiFi","Department of Information Technologies","https://data.ibb.gov.tr/dataset/ibbwifi-noktalarindaki-gunluk-kullanici-sayilari"
"98438976-7c03-4edf-b1e8-314c34094fd2","hal-urunleri-ve-fiyatlari-web-servisi","Hal Products and Prices Web Service","It contains information about the Fruit and Vegetable Market in Istanbul.","16.12.2020 11:48:49","4.04.2022 10:17:49","1","Ekonomi|Yaşam","bayrampaşa|fiyat|hal|hal fiyatları|hal fiyatı|hal ürünleri|servis|web|web servis|ürün","Tarımsal Hizmetler Dairesi Başkanlığı","https://data.ibb.gov.tr/dataset/hal-urunleri-ve-fiyatlari-web-servisi"
"7dd8f1b0-8b15-41ac-be6e-91608119d801","veteriner-rehabilitasyon-istatistikleri","Veterinary Rehabilitation Statistics","URL containing IMM Veterinary Rehabilitation Statistics","28.08.2020 11:09:38","4.04.2022 10:15:27","2","Yaşam","Rehabilitasyon|Veteriner|İstatistik","Tarımsal Hizmetler Dairesi Başkanlığı","https://data.ibb.gov.tr/dataset/veteriner-rehabilitasyon-istatistikleri"
"b84ce63d-1932-42f0-8754-af7c59be9af7","trafik-indeks-degeri-web-servisi","Traffic Index Web Service","Returns the last index averages of the value of the {day} parameter of the traffic index value. The period parameter is the time span averaged. Y: Year; M: Moon; D: Day; H: Hour; 5M: It takes values in the form of 5 minutes. For example; If it is called as “… / TrafficIndexHistory / 3 / H”, the indexes of the last 3 days are returned by taking the averages of each 1 hour.","2.03.2020 06:50:37","4.04.2022 09:24:36","2","Mobilite","indeks|servis|trafik|trafik indeks|trafik indeksi|trafik yoğunluğu|web|web servis|yoğunluk","Ulaşım Dairesi Başkanlığı","https://data.ibb.gov.tr/dataset/trafik-indeks-degeri-web-servisi"
"673eaade-f63f-45fb-9ab5-2ee8e0f6389f","metro-istanbul-ag-haritasi-listesi-web-servisi","Metro Istanbul Network Map List Web Service","This web service contains the Metro Istanbul network map list.","22.06.2021 11:34:21","4.04.2022 09:13:11","2","Mobilite","ağ|ağ haritası|metro|metro istanbul|web|web servis","Metro Istanbul","https://data.ibb.gov.tr/dataset/metro-istanbul-ag-haritasi-listesi-web-servisi"
"856976c4-f9f0-48cd-badc-ff6a6cd91fd8","metro-istanbul-dil-bilgisine-gore-adres-listesi-web-servisi","Metro Istanbul Address List Web Service According to Different Language Options","This web service provides access to the addresses of Metro Istanbul with different language options.","22.06.2021 11:55:07","4.04.2022 09:12:11","2","Mobilite","Metro İstanbul|adres|metro|web|web servis","Metro Istanbul","https://data.ibb.gov.tr/dataset/metro-istanbul-dil-bilgisine-gore-adres-listesi-web-servisi"
"3a0f6d6b-20cd-4fb4-88ff-c6092f08f405","metro-istanbul-devam-eden-proje-listesi-web-servisi","Metro Istanbul Ongoing Project List Web Service","This web service contains the necessary information about the projects carried out by Metro Istanbul.","22.06.2021 12:10:03","4.04.2022 09:11:41","2","Mobilite","Metro İstanbul|devam eden projeler|metro|projeler|web|web servis","Metro Istanbul","https://data.ibb.gov.tr/dataset/metro-istanbul-devam-eden-proje-listesi-web-servisi"
"65a758c2-2650-41fa-b8b4-44a38d487433","metro-istanbul-sefer-tarifeleri-listesi-web-servisi","Metro Istanbul Timetable Web Service","It contains information about the timetables of the flights operated by Metro Istanbul.","22.06.2021 13:03:04","4.04.2022 09:07:58","2","Mobilite","metro|metro istanbul|sefer|sefer tarifesi|tarife|web|web servis","Metro Istanbul","https://data.ibb.gov.tr/dataset/metro-istanbul-sefer-tarifeleri-listesi-web-servisi"
"c9145e52-acf1-4d2f-8301-e7a9be1febd5","2017-2019-ibb-sehir-tiyatrolari-oynanan-oyun-sayilari","Number of Plays Played in IMM City Theaters","The number of plays played at the IMM City Theaters. Current data is available through the [City Theaters Data Set](https://data.ibb.gov.tr/en/dataset/sehir-tiyatrolari-veri-seti).","13.07.2020 15:21:23","4.04.2022 08:52:53","1","Yaşam","Oyun|Şehir Tiyatroları","Kültür Varlıkları Dairesi Başkanlığı","https://data.ibb.gov.tr/dataset/2017-2019-ibb-sehir-tiyatrolari-oynanan-oyun-sayilari"
"49fb6270-76e4-435f-958d-dd5ab6049aa2","deniz-isletmeleri-bazinda-maksimum-yolculuk-sayisi","Maximum Number of Trips Based on Marine Businesses","It includes the daily maximum number of trips using the sea lines in Istanbul. This data set contains the maximum number of trips until 2019. [The Hourly Public Transport Data Set](https://data.ibb.gov.tr/en/dataset/hourly-public-transport-data-set) can be examined for current trip numbers.","10.01.2020 08:13:26","4.04.2022 08:52:42","1","Mobilite","deniz|işletme|maksimum|mobilite|ulaşım|yolculuk","Ulaşım Dairesi Başkanlığı","https://data.ibb.gov.tr/dataset/deniz-isletmeleri-bazinda-maksimum-yolculuk-sayisi"
"c2ad91ad-e8d8-4cb3-b5cf-e8242b62df9e","ibb-sehir-tiyatrolarinda-sergilen-oyunlar","Plays performed at IMM City Theaters","Includes the information about the plays, the number of tickets sold, the number of sessions and the occupancy rate, on the basis of categories in IMM City Theaters.Current data is available through the [City Theaters Data Set](https://data.ibb.gov.tr/en/dataset/sehir-tiyatrolari-veri-seti).","13.07.2020 13:03:30","4.04.2022 08:44:36","1","Yaşam","Oyun|Şehir Tiyatro","Kültür Dairesi Başkanlığı","https://data.ibb.gov.tr/dataset/ibb-sehir-tiyatrolarinda-sergilen-oyunlar"
"8867f668-6754-4f69-b9b5-878243be0fba","istanbul-ulasim-modeli-zirve-saat-turel-dagilim-oranlari","İstanbul Ulaşım Modeli Zirve Saat Türel Dağılım Oranları","Bu veri kümesi İstanbul Ulaşım Modeli aracılığı ile üretilmiş olan zirve saat türel dağılım oranlarını içermektedir. 

İstanbul Ulaşım Modeli; İstanbul’un ulaşım hareketliliğini simüle eden matematiksel bir modeldir. Bu model ile mevcut ulaşım sisteminin performansı tespit edilebileceği gibi hedef yılındaki ulaşım talebinin nasıl olacağı ve bu talebin nasıl karşılanacağına yönelik çalışmaları kapsamaktadır. Bu anlamda İstanbul Ulaşım Modelinde kentin tamamını kapsayan 540 trafik analiz bölgesi oluşturulmuş ve her bir bölge için sosyo-ekonomik ve demografik veriler(nüfus, çalışan sayısı, istihdam, öğrenci sayısı, otomobil sayısı vb.) ile matematiksel modeller yardımıyla ulaşım talebi(tür bazlı) hesaplanmıştır. 

Modelde 2012 yılı [Ulaşım Hane Halkı Anketleri](https://data.ibb.gov.tr/dataset/ulasim-ana-plani-hanehalki-anketleri) verilerinden faydalanılmıştır.","2.12.2021 10:27:17","4.04.2022 08:44:23","1","Mobilite","istanbul ulaşım modeli|türel|türel dağılım|ulaşım hanehalkı anketleri|zirve|zirve saat","Ulaşım Dairesi Başkanlığı","https://data.ibb.gov.tr/dataset/istanbul-ulasim-modeli-zirve-saat-turel-dagilim-oranlari"
"fc884e46-c01b-496d-93f5-cd91b2584687","istanbul-yillik-hafriyat-atik-tonajlari-ve-arac-sayilari","Istanbul, Annual Excavation Waste Tonnages and Number of Vehicles","Istanbul includes Annual Excavation Waste Tonnages and Number of Vehicles.","13.02.2022 17:46:15","4.04.2022 08:18:35","1","Mobilite|Çevre","araç|atık|hafriyat","İstanbul İstatistik Ofisi","https://data.ibb.gov.tr/dataset/istanbul-yillik-hafriyat-atik-tonajlari-ve-arac-sayilari"
"19c14482-14f2-4803-b4df-4cf4c6c42016","istanbul-dam-occupany-rates-data","Istanbul General Dam Occupancy Rates","The data set includes __daily__ changes in the occupancy rates of dams in Istanbul.

__The dataset will be updated at a later date.__","10.01.2020 08:21:04","18.03.2022 13:15:41","1","Çevre","baraj|doluluk|istanbul|oran|çevre|İSKİ","İSKİ","https://data.ibb.gov.tr/dataset/istanbul-dam-occupany-rates-data"
"6f011050-b9e3-41aa-bad3-0c3223c1351a","aylik-hafriyat-atik-tonajlari-verisi","Monthly Excavation Waste Tonnages Data","This data set includes monthly excavation waste tonnages by continents.

Data update frequency is determined annually.","11.02.2022 10:16:50","11.02.2022 10:23:46","1","Çevre","atık|atık tonajı|hafriyat","İstanbul İstatistik Ofisi","https://data.ibb.gov.tr/dataset/aylik-hafriyat-atik-tonajlari-verisi"
"bb898980-32ce-4f4c-97c2-f4f9fdee71cb","operasyon-uygulanan-hayvanlar","Animals Operated","Contains information on animals operated in Istanbul in December 2019. Current data can be accessed via the [Animal Statistics by Years](https://data.ibb.gov.tr/en/dataset/yillara-gore-hayvan-istatistikleri) dataset.","14.01.2020 10:20:59","13.12.2021 07:52:39","1","Yaşam","operasyon|sokak hayvanları|veteriner hizmetleri|yaşam","Tarımsal Hizmetler Dairesi Başkanlığı","https://data.ibb.gov.tr/dataset/operasyon-uygulanan-hayvanlar"
"92385138-6334-4098-8aa3-fd96cb2de157","mikrociple-kayit-altina-alinan-hayvanlar","Animals Recorded with Microchips","The data set contains animal information recorded with microchip in Istanbul in December 2019. Current data can be accessed via the [Animal Statistics by Years](https://data.ibb.gov.tr/en/dataset/yillara-gore-hayvan-istatistikleri) dataset.","14.01.2020 08:52:04","13.12.2021 07:50:31","1","Yaşam","kayıt|mikroçip|sokak hayvanları|veteriner hizmetleri|yaşam","Tarımsal Hizmetler Dairesi Başkanlığı","https://data.ibb.gov.tr/dataset/mikrociple-kayit-altina-alinan-hayvanlar"
"169967a7-24a6-4df4-a5fb-7a571612c239","muayene-edilen-hayvanlar","Examined Animals","Contains animal information examined in Istanbul in December 2019. Current data can be accessed via the [Animal Statistics by Years](https://data.ibb.gov.tr/en/dataset/yillara-gore-hayvan-istatistikleri) dataset.","14.01.2020 08:54:54","13.12.2021 07:48:25","1","Yaşam","muayene|sokak hayvanları|veteriner hizmetleri|çevre","Tarımsal Hizmetler Dairesi Başkanlığı","https://data.ibb.gov.tr/dataset/muayene-edilen-hayvanlar"
"0efb7d74-fffe-4cb5-b675-75086f3d7e29","tedavi-edilen-hayvanlar","Treated Animals","Includes information on animals treated in Istanbul since December 2019. Current data can be accessed via the [Animal Statistics by Years](https://data.ibb.gov.tr/en/dataset/yillara-gore-hayvan-istatistikleri) dataset.","14.01.2020 10:32:41","13.12.2021 07:45:13","1","Yaşam","sokak hayvanları|tedavi|veteriner hizmetleri|yaşam","Tarımsal Hizmetler Dairesi Başkanlığı","https://data.ibb.gov.tr/dataset/tedavi-edilen-hayvanlar"
"311b7c3f-2e16-43a4-8426-c55aa1dd158b","kisirlastirilan-hayvanlar","Neutered Animals","Contains information on animals sterilized in Istanbul in December 2019. Current data can be accessed via the [Animal Statistics by Years](https://data.ibb.gov.tr/en/dataset/yillara-gore-hayvan-istatistikleri) dataset.","14.01.2020 08:48:33","13.12.2021 07:33:53","1","Yaşam","kısırlaştırma|sokak hayvanları|veteriner hizmetleri|yaşam","Tarımsal Hizmetler Dairesi Başkanlığı","https://data.ibb.gov.tr/dataset/kisirlastirilan-hayvanlar"
"9f4de8dc-1456-4850-b91f-9d8d446019d4","asilanan-hayvanlar","Vaccinated Animals","Contains data on animals vaccinated in December 2019 in Istanbul. Current data can be accessed via the [Animal Statistics by Years](https://data.ibb.gov.tr/en/dataset/yillara-gore-hayvan-istatistikleri) dataset.","14.01.2020 08:40:34","13.12.2021 07:29:29","1","Yaşam","aşı|sokak hayvanları|veteriner hizmetleri|yaşam","Tarımsal Hizmetler Dairesi Başkanlığı","https://data.ibb.gov.tr/dataset/asilanan-hayvanlar"
